body_len,html_len,num_links,https_link_ratio,num_ip_links,link_mismatch,num_imgs,num_inputs,suspicious_word_count,urgent_subject,intent_urgency,intent_financial,intent_authority,intent_cta,label
0,9845,2,1.0,0,2,0,0,1,0,0,0,0,1,0
0,9820,2,1.0,0,2,0,0,1,0,0,0,0,1,0
3546,3546,0,0.0,0,0,0,0,1,0,0,0,0,1,0
0,0,0,0.0,0,0,0,0,0,0,0,0,0,0,0
0,0,0,0.0,0,0,0,0,0,0,0,0,0,0,0
954,954,0,0.0,0,0,0,0,0,0,0,0,0,0,0
752,752,0,0.0,0,0,0,0,0,0,0,0,0,0,0
977,977,0,0.0,0,0,0,0,0,0,0,0,1,0,0
1061,1061,0,0.0,0,0,0,0,0,0,0,0,0,0,0
935,935,0,0.0,0,0,0,0,0,0,0,0,0,0,0
1509,1509,0,0.0,0,0,0,0,0,0,0,0,0,0,0
321,321,0,0.0,0,0,0,0,0,0,0,0,0,0,0
2303,2303,0,0.0,0,0,0,0,1,0,0,0,1,0,0
130,130,0,0.0,0,0,0,0,0,0,0,0,0,0,0
383,383,0,0.0,0,0,0,0,0,0,0,0,0,0,0
170,170,0,0.0,0,0,0,0,0,0,0,0,0,0,0
0,0,0,0.0,0,0,0,0,0,0,0,0,0,0,0
763,763,0,0.0,0,0,0,0,0,0,0,0,0,1,0
363,363,0,0.0,0,0,0,0,0,0,0,0,0,0,0
8189,8189,0,0.0,0,0,0,0,1,1,0,3,1,0,0
670,670,0,0.0,0,0,0,0,0,0,0,0,0,0,0
916,916,0,0.0,0,0,0,0,0,0,0,0,0,0,0
507,507,0,0.0,0,0,0,0,2,0,0,0,0,0,0
1861,1861,0,0.0,0,0,0,0,0,0,0,1,1,0,0
1894,1894,0,0.0,0,0,0,0,0,0,1,0,0,1,0
0,0,0,0.0,0,0,0,0,0,0,0,0,0,0,0
432,432,0,0.0,0,0,0,0,0,0,0,0,0,0,0
576,576,0,0.0,0,0,0,0,0,0,0,0,0,0,0
1398,1398,0,0.0,0,0,0,0,0,0,0,0,0,0,0
2129,2129,0,0.0,0,0,0,0,0,0,0,0,0,0,0
2044,2044,0,0.0,0,0,0,0,0,0,0,0,0,1,0
3974,3974,0,0.0,0,0,0,0,0,0,0,0,0,1,0
421,421,0,0.0,0,0,0,0,0,0,0,0,0,0,0
1541,1541,0,0.0,0,0,0,0,0,0,0,1,0,0,0
1955,1955,0,0.0,0,0,0,0,0,0,0,1,0,0,0
80,80,0,0.0,0,0,0,0,0,0,0,0,0,0,0
0,0,0,0.0,0,0,0,0,0,0,0,0,0,0,0
4540,4540,0,0.0,0,0,0,0,0,0,0,1,0,0,0
55,55,0,0.0,0,0,0,0,0,0,0,0,0,0,0
1244,1244,0,0.0,0,0,0,0,0,0,0,0,0,1,0
0,0,0,0.0,0,0,0,0,0,0,0,0,0,0,0
845,845,0,0.0,0,0,0,0,0,0,0,0,0,0,0
2373,2373,0,0.0,0,0,0,0,0,0,0,0,0,0,0
0,0,0,0.0,0,0,0,0,0,0,0,0,0,0,0
733,733,0,0.0,0,0,0,0,0,0,0,0,0,0,0
1540,1540,0,0.0,0,0,0,0,0,0,0,0,0,0,0
163,163,0,0.0,0,0,0,0,0,0,0,0,0,0,0
720,720,0,0.0,0,0,0,0,0,0,0,0,0,0,0
603,603,0,0.0,0,0,0,0,0,0,0,0,0,0,0
1270,1270,0,0.0,0,0,0,0,0,0,0,0,0,0,0
329,329,0,0.0,0,0,0,0,0,0,0,0,0,0,0
1027,1027,0,0.0,0,0,0,0,0,0,0,0,0,0,0
695,695,0,0.0,0,0,0,0,0,0,0,0,0,0,0
0,0,0,0.0,0,0,0,0,0,0,0,0,0,0,0
2212,2212,0,0.0,0,0,0,0,0,0,0,1,0,1,0
71,71,0,0.0,0,0,0,0,0,0,0,0,0,0,0
57,57,0,0.0,0,0,0,0,0,0,0,0,0,0,0
246,246,0,0.0,0,0,0,0,0,0,0,1,0,0,0
923,923,0,0.0,0,0,0,0,0,0,0,0,0,0,0
520,520,0,0.0,0,0,0,0,0,0,0,0,0,0,0
57,57,0,0.0,0,0,0,0,0,0,0,0,0,0,0
1082,1082,0,0.0,0,0,0,0,0,0,0,0,0,1,0
0,0,0,0.0,0,0,0,0,0,0,0,0,0,0,0
952,952,0,0.0,0,0,0,0,0,0,0,0,0,0,0
0,0,0,0.0,0,0,0,0,0,0,0,0,0,0,0
526,526,0,0.0,0,0,0,0,0,0,0,0,0,0,0
1472,1472,0,0.0,0,0,0,0,0,0,0,0,0,0,0
140,140,0,0.0,0,0,0,0,0,0,0,0,0,0,0
1674,1674,0,0.0,0,0,0,0,0,0,0,0,0,1,0
699,699,0,0.0,0,0,0,0,0,0,0,0,0,0,0
993,993,0,0.0,0,0,0,0,0,0,0,1,0,0,0
335,335,0,0.0,0,0,0,0,0,0,0,0,0,0,0
128,128,0,0.0,0,0,0,0,0,0,0,0,0,0,0
0,0,0,0.0,0,0,0,0,0,0,0,0,0,0,0
0,0,0,0.0,0,0,0,0,0,0,0,0,0,0,0
854,854,0,0.0,0,0,0,0,0,0,0,0,0,0,0
608,608,0,0.0,0,0,0,0,0,0,0,0,0,0,0
321,321,0,0.0,0,0,0,0,0,0,0,0,0,0,0
870,870,0,0.0,0,0,0,0,0,0,0,0,0,0,0
196,196,0,0.0,0,0,0,0,0,0,0,0,0,0,0
88,88,0,0.0,0,0,0,0,0,0,0,0,0,0,0
0,0,0,0.0,0,0,0,0,0,0,0,0,0,0,0
347,347,0,0.0,0,0,0,0,0,0,0,0,0,0,0
542,542,0,0.0,0,0,0,0,0,0,0,0,0,0,0
2293,2293,0,0.0,0,0,0,0,0,0,0,2,0,0,0
977,977,0,0.0,0,0,0,0,1,0,0,0,0,0,0
1207,1207,0,0.0,0,0,0,0,0,0,0,0,0,0,0
3794,3794,0,0.0,0,0,0,0,0,0,0,1,0,0,0
595,595,0,0.0,0,0,0,0,0,0,0,0,0,0,0
1968,1968,0,0.0,0,0,0,0,0,0,0,0,0,0,0
1110,1110,0,0.0,0,0,0,0,0,0,0,0,0,0,0
240,240,0,0.0,0,0,0,0,0,0,0,0,0,0,0
2001,2001,0,0.0,0,0,0,0,0,0,0,1,0,0,0
0,0,0,0.0,0,0,0,0,0,0,0,0,0,0,0
722,722,0,0.0,0,0,0,0,0,0,0,0,0,0,0
704,704,0,0.0,0,0,0,0,0,0,0,0,0,0,0
325,325,0,0.0,0,0,0,0,0,0,0,0,0,0,0
816,816,0,0.0,0,0,0,0,0,0,0,0,0,0,0
0,0,0,0.0,0,0,0,0,0,0,0,0,0,0,0
1140,1140,0,0.0,0,0,0,0,0,0,0,0,0,0,0
1124,1124,0,0.0,0,0,0,0,0,0,0,0,0,0,0
57,57,0,0.0,0,0,0,0,0,0,0,0,0,0,0
340,340,0,0.0,0,0,0,0,0,0,0,0,0,0,0
55,55,0,0.0,0,0,0,0,0,0,0,0,0,0,0
1074,1074,0,0.0,0,0,0,0,0,0,0,0,0,0,0
561,561,0,0.0,0,0,0,0,0,0,0,0,0,0,0
1090,1090,0,0.0,0,0,0,0,0,0,0,0,0,1,0
732,732,0,0.0,0,0,0,0,2,0,0,0,0,0,0
238,238,0,0.0,0,0,0,0,0,0,0,0,0,0,0
85,85,0,0.0,0,0,0,0,0,0,0,0,0,0,0
53,53,0,0.0,0,0,0,0,0,0,0,0,0,0,0
5745,5745,0,0.0,0,0,0,0,1,0,0,0,1,0,0
0,0,0,0.0,0,0,0,0,0,0,0,0,0,0,0
228,228,0,0.0,0,0,0,0,0,0,0,0,0,0,0
321,321,0,0.0,0,0,0,0,0,0,0,0,0,0,0
983,983,0,0.0,0,0,0,0,0,0,0,0,0,0,0
402,402,0,0.0,0,0,0,0,0,0,0,0,0,0,0
1052,1052,0,0.0,0,0,0,0,0,0,0,0,0,0,0
2669,2669,0,0.0,0,0,0,0,0,0,0,0,0,0,0
179,179,0,0.0,0,0,0,0,0,0,0,0,0,0,0
20,20,0,0.0,0,0,0,0,0,0,0,0,0,0,0
527,527,0,0.0,0,0,0,0,0,0,0,0,0,0,0
1216,1216,0,0.0,0,0,0,0,0,0,0,0,0,0,0
1570,1570,0,0.0,0,0,0,0,1,0,0,1,0,0,0
1190,1190,0,0.0,0,0,0,0,0,0,0,0,0,0,0
1097,1097,0,0.0,0,0,0,0,2,0,0,0,0,1,0
0,0,0,0.0,0,0,0,0,0,0,0,0,0,0,0
657,657,0,0.0,0,0,0,0,0,0,0,0,0,0,0
0,0,0,0.0,0,0,0,0,0,0,0,0,0,0,0
757,757,0,0.0,0,0,0,0,0,0,0,0,0,0,0
112,112,0,0.0,0,0,0,0,0,0,0,0,0,0,0
242,242,0,0.0,0,0,0,0,0,0,0,0,0,0,0
2151,2151,0,0.0,0,0,0,0,0,0,0,0,0,0,0
1761,1761,0,0.0,0,0,0,0,3,0,0,0,0,0,0
1368,1368,0,0.0,0,0,0,0,0,0,0,1,0,0,0
2352,2352,0,0.0,0,0,0,0,0,0,0,0,0,0,0
665,665,0,0.0,0,0,0,0,0,0,0,0,0,0,0
470,470,0,0.0,0,0,0,0,0,0,0,0,0,0,0
0,0,0,0.0,0,0,0,0,0,0,0,0,0,0,0
0,0,0,0.0,0,0,0,0,0,0,0,0,0,0,0
57,57,0,0.0,0,0,0,0,0,0,0,0,0,0,0
0,0,0,0.0,0,0,0,0,0,0,0,0,0,0,0
532,532,0,0.0,0,0,0,0,0,0,0,0,0,0,0
247,247,0,0.0,0,0,0,0,0,0,0,0,0,0,0
801,801,0,0.0,0,0,0,0,0,0,0,0,0,0,0
1606,1606,0,0.0,0,0,0,0,0,0,0,0,0,0,0
680,680,0,0.0,0,0,0,0,0,0,0,0,0,0,0
282,282,0,0.0,0,0,0,0,0,0,0,0,0,0,0
0,0,0,0.0,0,0,0,0,0,0,0,0,0,0,0
506,506,0,0.0,0,0,0,0,0,0,0,0,0,0,0
718,718,0,0.0,0,0,0,0,1,0,0,0,0,1,0
0,0,0,0.0,0,0,0,0,0,0,0,0,0,0,0
706,706,0,0.0,0,0,0,0,0,0,0,0,0,1,0
1843,1843,0,0.0,0,0,0,0,1,0,0,0,0,0,0
864,864,0,0.0,0,0,0,0,0,0,0,0,0,0,0
1254,1254,0,0.0,0,0,0,0,0,0,0,0,0,0,0
347,347,0,0.0,0,0,0,0,0,0,0,0,0,0,0
1330,1330,0,0.0,0,0,0,0,0,0,0,1,0,0,0
833,833,0,0.0,0,0,0,0,0,1,0,0,0,0,0
941,941,0,0.0,0,0,0,0,0,0,0,0,0,0,0
701,701,0,0.0,0,0,0,0,0,0,0,0,0,0,0
1472,1472,0,0.0,0,0,0,0,0,0,0,0,1,0,0
1346,1346,0,0.0,0,0,0,0,0,0,0,0,0,0,0
699,699,0,0.0,0,0,0,0,0,0,0,0,0,0,0
222,222,0,0.0,0,0,0,0,0,0,0,0,0,0,0
404,404,0,0.0,0,0,0,0,0,0,0,0,0,0,0
3298,3298,0,0.0,0,0,0,0,0,0,0,0,1,1,0
193,193,0,0.0,0,0,0,0,0,0,0,0,0,0,0
2646,2646,0,0.0,0,0,0,0,0,0,0,0,0,0,0
1313,1313,0,0.0,0,0,0,0,0,0,0,0,0,1,0
767,767,0,0.0,0,0,0,0,0,0,0,0,0,0,0
234,234,0,0.0,0,0,0,0,0,0,0,0,0,0,0
1437,1437,0,0.0,0,0,0,0,0,0,1,0,2,0,0
797,797,0,0.0,0,0,0,0,0,0,0,0,0,0,0
3982,3982,0,0.0,0,0,0,0,0,0,0,0,0,0,0
1064,1064,0,0.0,0,0,0,0,0,0,0,0,0,0,0
1569,1569,0,0.0,0,0,0,0,0,0,0,0,0,0,0
347,347,0,0.0,0,0,0,0,0,0,0,0,0,0,0
158,158,0,0.0,0,0,0,0,0,0,0,0,0,0,0
1528,1528,0,0.0,0,0,0,0,0,0,0,0,1,0,0
2535,2535,0,0.0,0,0,0,0,0,0,0,0,0,1,0
1036,1036,0,0.0,0,0,0,0,0,0,0,0,0,0,0
202,202,0,0.0,0,0,0,0,0,0,0,0,1,0,0
510,510,0,0.0,0,0,0,0,0,0,0,0,0,0,0
1628,1628,0,0.0,0,0,0,0,1,0,0,0,0,1,0
207,207,0,0.0,0,0,0,0,0,0,0,0,0,0,0
822,822,0,0.0,0,0,0,0,0,0,0,0,0,0,0
1012,1012,0,0.0,0,0,0,0,0,0,0,0,0,1,0
803,803,0,0.0,0,0,0,0,0,0,0,0,0,0,0
2350,2350,0,0.0,0,0,0,0,0,0,1,0,0,0,0
310,310,0,0.0,0,0,0,0,0,0,0,0,0,0,0
122,122,0,0.0,0,0,0,0,0,0,0,0,0,0,0
855,855,0,0.0,0,0,0,0,0,0,0,0,0,0,0
2093,2093,0,0.0,0,0,0,0,0,0,0,0,0,2,0
788,788,0,0.0,0,0,0,0,0,0,0,0,1,0,0
837,837,0,0.0,0,0,0,0,0,0,0,0,0,1,0
174,174,0,0.0,0,0,0,0,0,0,0,0,0,0,0
752,752,0,0.0,0,0,0,0,0,0,0,0,0,0,0
534,534,0,0.0,0,0,0,0,0,0,0,0,0,0,0
864,864,0,0.0,0,0,0,0,0,0,0,0,0,0,0
805,805,0,0.0,0,0,0,0,0,0,0,0,0,0,0
6635,6635,0,0.0,0,0,0,0,0,1,1,3,2,0,0
800,800,0,0.0,0,0,0,0,0,1,0,0,0,0,0
1152,1152,0,0.0,0,0,0,0,0,0,0,0,1,0,0
2669,2669,0,0.0,0,0,0,0,0,0,0,1,0,0,0
1940,1940,0,0.0,0,0,0,0,0,0,0,1,0,0,0
3649,3649,0,0.0,0,0,0,0,0,0,0,0,1,0,0
680,680,0,0.0,0,0,0,0,0,0,0,0,0,0,0
1093,1093,0,0.0,0,0,0,0,0,0,0,0,0,0,0
990,990,0,0.0,0,0,0,0,0,0,0,0,0,0,0
484,484,0,0.0,0,0,0,0,0,0,0,0,0,0,0
523,523,0,0.0,0,0,0,0,0,0,0,0,0,0,0
523,523,0,0.0,0,0,0,0,0,0,0,0,0,0,0
753,753,0,0.0,0,0,0,0,0,0,0,0,0,0,0
310,310,0,0.0,0,0,0,0,0,0,0,0,0,0,0
2886,2886,0,0.0,0,0,0,0,0,0,0,0,2,0,0
953,953,0,0.0,0,0,0,0,0,0,0,0,0,0,0
538,538,0,0.0,0,0,0,0,0,0,0,0,0,0,0
651,651,0,0.0,0,0,0,0,0,0,0,0,0,0,0
488,488,0,0.0,0,0,0,0,0,1,0,0,0,0,0
863,863,0,0.0,0,0,0,0,0,0,0,0,0,0,0
1625,1625,0,0.0,0,0,0,0,0,0,0,0,0,0,0
1826,1826,0,0.0,0,0,0,0,0,0,0,0,3,0,0
300,300,0,0.0,0,0,0,0,0,0,0,0,0,0,0
620,620,0,0.0,0,0,0,0,0,0,0,0,0,0,0
372,372,0,0.0,0,0,0,0,0,0,0,0,0,0,0
300,300,0,0.0,0,0,0,0,0,0,0,0,0,0,0
163,163,0,0.0,0,0,0,0,0,0,0,0,0,0,0
498,498,0,0.0,0,0,0,0,0,1,0,0,0,0,0
1025,1025,0,0.0,0,0,0,0,0,0,0,0,0,0,0
1311,1311,0,0.0,0,0,0,0,0,0,0,0,0,0,0
1125,1125,0,0.0,0,0,0,0,0,0,0,0,0,0,0
592,592,0,0.0,0,0,0,0,0,0,0,1,0,0,0
403,403,0,0.0,0,0,0,0,0,0,0,0,0,0,0
1099,1099,0,0.0,0,0,0,0,0,0,0,0,0,0,0
990,990,0,0.0,0,0,0,0,0,0,0,0,0,0,0
5245,5245,0,0.0,0,0,0,0,0,0,0,0,0,1,0
1508,1508,0,0.0,0,0,0,0,0,1,0,0,0,0,0
733,733,0,0.0,0,0,0,0,0,0,0,0,0,0,0
506,506,0,0.0,0,0,0,0,0,0,0,0,1,0,0
196,196,0,0.0,0,0,0,0,0,0,0,0,0,0,0
2693,2693,0,0.0,0,0,0,0,0,0,0,0,0,0,0
1240,1240,0,0.0,0,0,0,0,0,0,0,0,0,0,0
1316,1316,0,0.0,0,0,0,0,0,0,0,0,0,0,0
498,498,0,0.0,0,0,0,0,0,1,0,0,0,0,0
258,258,0,0.0,0,0,0,0,0,0,0,0,0,0,0
392,392,0,0.0,0,0,0,0,0,0,0,0,0,0,0
1492,1492,0,0.0,0,0,0,0,0,0,0,0,0,1,0
547,547,0,0.0,0,0,0,0,0,0,0,0,0,0,0
4801,4801,0,0.0,0,0,0,0,0,0,0,1,0,0,0
1584,1584,0,0.0,0,0,0,0,0,0,0,0,0,0,0
892,892,0,0.0,0,0,0,0,0,0,0,0,0,0,0
608,608,0,0.0,0,0,0,0,0,0,0,0,0,0,0
875,875,0,0.0,0,0,0,0,0,0,0,0,3,0,0
1133,1133,0,0.0,0,0,0,0,0,0,0,0,0,0,0
255,255,0,0.0,0,0,0,0,0,0,0,0,0,0,0
1705,1705,0,0.0,0,0,0,0,0,0,0,0,0,0,0
1419,1419,0,0.0,0,0,0,0,0,0,0,1,0,0,0
1084,1084,0,0.0,0,0,0,0,0,0,0,0,0,0,0
103,103,0,0.0,0,0,0,0,0,0,0,0,0,0,0
523,523,0,0.0,0,0,0,0,0,0,0,0,0,0,0
976,976,0,0.0,0,0,0,0,0,0,0,0,0,1,0
748,748,0,0.0,0,0,0,0,0,0,0,0,0,0,0
1741,1741,0,0.0,0,0,0,0,0,0,0,0,0,0,0
1212,1212,0,0.0,0,0,0,0,0,0,0,0,0,0,0
1115,1115,0,0.0,0,0,0,0,0,0,0,0,0,1,0
383,383,0,0.0,0,0,0,0,0,0,0,0,0,0,0
1659,1659,0,0.0,0,0,0,0,0,0,0,1,0,0,0
638,638,0,0.0,0,0,0,0,0,0,0,0,2,0,0
1373,1373,0,0.0,0,0,0,0,0,0,0,0,0,0,0
1333,1333,0,0.0,0,0,0,0,0,0,0,0,0,0,0
225,225,0,0.0,0,0,0,0,0,0,0,0,0,1,0
1162,1162,0,0.0,0,0,0,0,0,0,0,0,0,0,0
583,583,0,0.0,0,0,0,0,0,0,0,0,0,0,0
2653,2653,0,0.0,0,0,0,0,0,0,0,0,1,1,0
220,220,0,0.0,0,0,0,0,0,0,0,0,0,0,0
206,206,0,0.0,0,0,0,0,0,0,0,0,0,0,0
557,557,0,0.0,0,0,0,0,0,0,0,0,1,0,0
525,525,0,0.0,0,0,0,0,0,0,0,0,0,0,0
177,177,0,0.0,0,0,0,0,0,0,0,0,0,0,0
162,162,0,0.0,0,0,0,0,0,0,0,0,0,0,0
2926,2926,0,0.0,0,0,0,0,0,0,0,0,0,1,0
3967,3967,0,0.0,0,0,0,0,0,0,0,1,2,1,0
342,342,0,0.0,0,0,0,0,0,0,0,0,0,0,0
334,334,0,0.0,0,0,0,0,0,0,0,0,0,0,0
759,759,0,0.0,0,0,0,0,0,0,0,0,0,0,0
2676,2676,0,0.0,0,0,0,0,0,0,0,0,1,0,0
583,583,0,0.0,0,0,0,0,0,0,0,0,0,0,0
1089,1089,0,0.0,0,0,0,0,0,0,0,0,0,1,0
376,376,0,0.0,0,0,0,0,0,0,0,0,0,0,0
201,201,0,0.0,0,0,0,0,0,0,0,0,0,0,0
1183,1183,0,0.0,0,0,0,0,0,0,0,0,0,0,0
527,527,0,0.0,0,0,0,0,0,0,0,0,0,0,0
95,95,0,0.0,0,0,0,0,0,0,0,0,0,0,0
109,109,0,0.0,0,0,0,0,0,0,0,0,0,0,0
573,573,0,0.0,0,0,0,0,0,0,0,0,0,0,0
862,862,0,0.0,0,0,0,0,0,0,0,0,0,0,0
198,198,0,0.0,0,0,0,0,0,0,0,0,0,0,0
1980,1980,0,0.0,0,0,0,0,1,0,0,2,0,0,0
3121,3121,0,0.0,0,0,0,0,0,0,0,0,1,0,0
2327,2327,0,0.0,0,0,0,0,0,0,0,0,1,1,0
582,582,0,0.0,0,0,0,0,0,0,0,1,2,0,0
292,292,0,0.0,0,0,0,0,0,0,0,0,0,0,0
7240,7240,0,0.0,0,0,0,0,0,0,1,2,0,0,0
8110,8110,0,0.0,0,0,0,0,0,0,1,1,0,0,0
4583,4583,0,0.0,0,0,0,0,0,0,0,0,0,0,0
524,524,0,0.0,0,0,0,0,0,0,0,0,1,0,0
9432,9432,0,0.0,0,0,0,0,0,0,1,3,1,0,0
213,213,0,0.0,0,0,0,0,0,0,0,0,0,0,0
975,975,0,0.0,0,0,0,0,0,0,0,0,0,0,0
613,613,0,0.0,0,0,0,0,0,0,0,0,0,0,0
214,214,0,0.0,0,0,0,0,0,0,0,0,0,0,0
1624,1624,0,0.0,0,0,0,0,0,0,1,0,0,1,0
2094,2094,0,0.0,0,0,0,0,0,0,0,0,0,0,0
1786,1786,0,0.0,0,0,0,0,0,0,0,0,0,1,0
1154,1154,0,0.0,0,0,0,0,0,0,0,0,0,1,0
718,718,0,0.0,0,0,0,0,0,0,0,0,0,0,0
335,335,0,0.0,0,0,0,0,0,0,0,0,0,0,0
497,497,0,0.0,0,0,0,0,0,0,0,0,0,0,0
1935,1935,0,0.0,0,0,0,0,0,0,1,2,0,0,0
2100,2100,0,0.0,0,0,0,0,0,0,0,0,0,0,0
834,834,0,0.0,0,0,0,0,0,0,0,0,0,0,0
539,539,0,0.0,0,0,0,0,0,0,0,0,0,0,0
4135,4135,0,0.0,0,0,0,0,1,0,1,0,0,0,0
576,576,0,0.0,0,0,0,0,0,0,0,0,0,0,0
887,887,0,0.0,0,0,0,0,0,0,1,0,0,0,0
816,816,0,0.0,0,0,0,0,0,0,0,0,0,1,0
1998,1998,0,0.0,0,0,0,0,0,0,0,0,0,1,0
834,834,0,0.0,0,0,0,0,0,0,0,0,0,0,0
1634,1634,0,0.0,0,0,0,0,0,0,0,0,0,0,0
207,207,0,0.0,0,0,0,0,0,0,0,0,0,0,0
1851,1851,0,0.0,0,0,0,0,0,1,0,0,0,0,0
596,596,0,0.0,0,0,0,0,0,0,0,0,0,0,0
282,282,0,0.0,0,0,0,0,0,0,0,0,0,0,0
1982,1982,0,0.0,0,0,0,0,0,0,0,1,0,0,0
404,404,0,0.0,0,0,0,0,0,0,0,0,0,0,0
1598,1598,0,0.0,0,0,0,0,0,0,0,0,0,0,0
1039,1039,0,0.0,0,0,0,0,0,0,0,0,0,0,0
171,171,0,0.0,0,0,0,0,0,0,0,0,0,0,0
1646,1646,0,0.0,0,0,0,0,0,0,0,0,0,0,0
1408,1408,0,0.0,0,0,0,0,0,0,0,1,0,0,0
765,765,0,0.0,0,0,0,0,0,0,0,0,0,0,0
1237,1237,0,0.0,0,0,0,0,0,0,0,0,0,0,0
287,287,0,0.0,0,0,0,0,0,0,0,0,0,0,0
1169,1169,0,0.0,0,0,0,0,0,0,0,0,0,0,0
2363,2363,0,0.0,0,0,0,0,1,0,1,1,1,0,0
1594,1594,0,0.0,0,0,0,0,0,0,0,0,0,0,0
199,199,0,0.0,0,0,0,0,0,0,0,0,0,0,0
571,571,0,0.0,0,0,0,0,0,0,0,0,0,0,0
742,742,0,0.0,0,0,0,0,0,0,0,0,0,0,0
1543,1543,0,0.0,0,0,0,0,0,0,0,0,0,1,0
259,259,0,0.0,0,0,0,0,0,0,0,0,0,0,0
155,155,0,0.0,0,0,0,0,0,0,0,0,0,0,0
1171,1171,0,0.0,0,0,0,0,0,0,0,0,0,1,0
1103,1103,0,0.0,0,0,0,0,0,0,0,1,0,0,0
2671,2671,0,0.0,0,0,0,0,0,0,0,0,0,1,0
189,189,0,0.0,0,0,0,0,0,0,0,0,0,0,0
1609,1609,0,0.0,0,0,0,0,0,0,0,2,0,0,0
3563,3563,0,0.0,0,0,0,0,0,0,0,0,0,0,0
472,472,0,0.0,0,0,0,0,0,0,0,0,0,0,0
695,695,0,0.0,0,0,0,0,0,0,0,0,0,0,0
2586,2586,0,0.0,0,0,0,0,0,0,0,0,0,0,0
1626,1626,0,0.0,0,0,0,0,0,0,0,0,0,0,0
900,900,0,0.0,0,0,0,0,0,0,0,0,0,0,0
1263,1263,0,0.0,0,0,0,0,0,0,0,0,0,0,0
1064,1064,0,0.0,0,0,0,0,0,0,0,0,0,0,0
2474,2474,0,0.0,0,0,0,0,0,0,0,0,1,0,0
919,919,0,0.0,0,0,0,0,0,0,1,0,0,0,0
1073,1073,0,0.0,0,0,0,0,0,0,0,0,0,1,0
299,299,0,0.0,0,0,0,0,0,0,0,0,0,0,0
233,233,0,0.0,0,0,0,0,0,0,0,0,0,0,0
551,551,0,0.0,0,0,0,0,0,0,0,0,0,0,0
178,178,0,0.0,0,0,0,0,0,0,0,0,0,0,0
1504,1504,0,0.0,0,0,0,0,0,0,0,0,0,0,0
964,964,0,0.0,0,0,0,0,0,0,0,0,0,0,0
442,442,0,0.0,0,0,0,0,0,0,0,0,0,0,0
462,462,0,0.0,0,0,0,0,0,0,0,0,0,0,0
203,203,0,0.0,0,0,0,0,0,0,0,0,0,0,0
329,329,0,0.0,0,0,0,0,0,0,0,0,0,0,0
1376,1376,0,0.0,0,0,0,0,0,0,0,0,0,1,0
966,966,0,0.0,0,0,0,0,0,0,0,0,0,0,0
608,608,0,0.0,0,0,0,0,0,0,0,0,0,0,0
393,393,0,0.0,0,0,0,0,0,0,0,0,0,0,0
493,493,0,0.0,0,0,0,0,0,0,0,0,0,0,0
4443,4443,0,0.0,0,0,0,0,0,0,0,0,1,0,0
1217,1217,0,0.0,0,0,0,0,0,0,0,0,0,0,0
783,783,0,0.0,0,0,0,0,0,0,0,0,0,0,0
200,200,0,0.0,0,0,0,0,0,0,0,0,0,0,0
157,157,0,0.0,0,0,0,0,0,0,0,0,0,0,0
605,605,0,0.0,0,0,0,0,0,0,0,0,0,0,0
306,306,0,0.0,0,0,0,0,0,0,0,0,0,0,0
1796,1796,0,0.0,0,0,0,0,0,0,0,0,0,0,0
1506,1506,0,0.0,0,0,0,0,0,0,0,1,0,0,0
435,435,0,0.0,0,0,0,0,0,0,0,0,0,0,0
134,134,0,0.0,0,0,0,0,0,0,0,0,0,0,0
2005,2005,0,0.0,0,0,0,0,0,0,0,1,0,0,0
998,998,0,0.0,0,0,0,0,0,0,0,0,0,0,0
319,319,0,0.0,0,0,0,0,0,0,0,0,0,0,0
370,370,0,0.0,0,0,0,0,0,0,0,0,0,0,0
2451,2451,0,0.0,0,0,0,0,0,0,0,0,0,0,0
1339,1339,0,0.0,0,0,0,0,0,1,0,0,1,0,0
925,925,0,0.0,0,0,0,0,0,0,0,0,1,1,0
454,454,0,0.0,0,0,0,0,0,0,0,0,0,0,0
166,166,0,0.0,0,0,0,0,0,0,0,0,0,0,0
482,482,0,0.0,0,0,0,0,0,0,0,0,0,0,0
315,315,0,0.0,0,0,0,0,0,0,0,0,0,0,0
1199,1199,0,0.0,0,0,0,0,0,0,0,0,0,0,0
707,707,0,0.0,0,0,0,0,0,0,0,0,0,0,0
999,999,0,0.0,0,0,0,0,0,0,0,0,0,0,0
1311,1311,0,0.0,0,0,0,0,0,0,0,1,0,0,0
1538,1538,0,0.0,0,0,0,0,0,0,0,0,0,1,0
532,532,0,0.0,0,0,0,0,0,0,0,0,0,0,0
7046,7046,0,0.0,0,0,0,0,5,0,0,3,1,0,0
1188,1188,0,0.0,0,0,0,0,0,1,0,0,0,0,0
296,296,0,0.0,0,0,0,0,0,0,0,0,0,0,0
1145,1145,0,0.0,0,0,0,0,0,0,0,0,0,0,0
1999,1999,0,0.0,0,0,0,0,0,0,0,0,0,0,0
576,576,0,0.0,0,0,0,0,0,0,0,0,0,0,0
12806,12806,0,0.0,0,0,0,0,0,0,0,0,0,1,0
160,160,0,0.0,0,0,0,0,0,0,0,1,0,0,0
1291,1291,0,0.0,0,0,0,0,0,0,0,0,0,0,0
1458,1458,0,0.0,0,0,0,0,0,0,0,0,0,0,0
114,114,0,0.0,0,0,0,0,0,0,0,0,0,0,0
479,479,0,0.0,0,0,0,0,0,0,0,0,0,1,0
2031,2031,0,0.0,0,0,0,0,0,0,0,0,0,0,0
4273,4273,0,0.0,0,0,0,0,0,0,0,0,0,1,0
537,537,0,0.0,0,0,0,0,0,0,0,0,0,0,0
993,993,0,0.0,0,0,0,0,0,0,0,0,0,0,0
2394,2394,0,0.0,0,0,0,0,0,0,0,1,0,0,0
508,508,0,0.0,0,0,0,0,0,0,0,0,0,0,0
3309,3309,0,0.0,0,0,0,0,0,0,0,0,0,0,0
2196,2196,0,0.0,0,0,0,0,0,0,0,1,0,0,0
1094,1094,0,0.0,0,0,0,0,0,0,0,0,0,0,0
253,253,0,0.0,0,0,0,0,0,0,0,0,0,0,0
1381,1381,0,0.0,0,0,0,0,0,0,0,0,0,0,0
1925,1925,0,0.0,0,0,0,0,0,0,0,0,0,0,0
215,215,0,0.0,0,0,0,0,0,0,0,0,0,0,0
114,114,0,0.0,0,0,0,0,0,0,0,0,0,0,0
762,762,0,0.0,0,0,0,0,0,0,0,0,0,0,0
798,798,0,0.0,0,0,0,0,0,1,0,0,0,0,0
3463,3463,0,0.0,0,0,0,0,0,0,0,0,0,0,0
728,728,0,0.0,0,0,0,0,0,0,0,0,0,0,0
1210,1210,0,0.0,0,0,0,0,0,0,0,0,0,0,0
800,800,0,0.0,0,0,0,0,0,0,0,0,1,0,0
1234,1234,0,0.0,0,0,0,0,0,0,0,0,0,0,0
1090,1090,0,0.0,0,0,0,0,0,0,0,0,0,0,0
608,608,0,0.0,0,0,0,0,0,0,0,0,0,0,0
1286,1286,0,0.0,0,0,0,0,0,0,0,0,0,0,0
205,205,0,0.0,0,0,0,0,0,0,0,0,0,0,0
1442,1442,0,0.0,0,0,0,0,0,0,0,0,3,0,0
1420,1420,0,0.0,0,0,0,0,0,0,0,0,0,0,0
7991,7991,0,0.0,0,0,0,0,0,0,0,0,1,0,0
400,400,0,0.0,0,0,0,0,0,0,0,0,1,0,0
390,390,0,0.0,0,0,0,0,0,0,0,0,0,0,0
900,900,0,0.0,0,0,0,0,0,0,0,0,0,0,0
4740,4740,0,0.0,0,0,0,0,12,0,0,3,2,1,0
1674,1674,0,0.0,0,0,0,0,0,0,0,0,0,0,0
632,632,0,0.0,0,0,0,0,0,0,0,0,0,0,0
1483,1483,0,0.0,0,0,0,0,0,0,1,0,2,0,0
831,831,0,0.0,0,0,0,0,0,0,0,0,0,0,0
599,599,0,0.0,0,0,0,0,0,0,0,0,0,0,0
2729,2729,0,0.0,0,0,0,0,0,0,0,0,0,1,0
385,385,0,0.0,0,0,0,0,0,0,0,0,0,0,0
758,758,0,0.0,0,0,0,0,0,0,0,0,0,0,0
840,840,0,0.0,0,0,0,0,0,0,0,0,0,0,0
606,606,0,0.0,0,0,0,0,0,0,0,0,0,0,0
2352,2352,0,0.0,0,0,0,0,0,0,0,0,2,0,0
925,925,0,0.0,0,0,0,0,0,0,0,0,0,0,0
322,322,0,0.0,0,0,0,0,0,0,0,0,0,1,0
539,539,0,0.0,0,0,0,0,0,0,0,0,0,0,0
6110,6110,0,0.0,0,0,0,0,0,0,0,1,1,0,0
897,897,0,0.0,0,0,0,0,0,0,0,0,0,0,0
2098,2098,0,0.0,0,0,0,0,0,0,0,1,0,0,0
1057,1057,0,0.0,0,0,0,0,0,0,0,0,0,0,0
791,791,0,0.0,0,0,0,0,0,0,0,1,0,0,0
359,359,0,0.0,0,0,0,0,0,0,0,0,0,0,0
1143,1143,0,0.0,0,0,0,0,0,0,0,1,0,0,0
1895,1895,0,0.0,0,0,0,0,1,0,0,0,0,2,0
720,720,0,0.0,0,0,0,0,0,0,0,0,0,0,0
833,833,0,0.0,0,0,0,0,0,0,0,0,0,0,0
11077,11077,0,0.0,0,0,0,0,0,0,0,4,1,0,0
662,662,0,0.0,0,0,0,0,0,0,0,0,0,0,0
891,891,0,0.0,0,0,0,0,0,0,0,0,0,0,0
899,899,0,0.0,0,0,0,0,0,0,0,0,0,0,0
108,108,0,0.0,0,0,0,0,0,0,0,0,0,0,0
943,943,0,0.0,0,0,0,0,0,0,0,0,0,0,0
954,954,0,0.0,0,0,0,0,0,0,0,0,1,0,0
354,354,0,0.0,0,0,0,0,0,0,0,0,0,0,0
2146,2146,0,0.0,0,0,0,0,0,0,0,0,0,0,0
1403,1403,0,0.0,0,0,0,0,0,0,0,0,0,0,0
2758,2758,0,0.0,0,0,0,0,0,0,0,0,1,1,0
182,182,0,0.0,0,0,0,0,0,0,0,0,0,0,0
953,953,0,0.0,0,0,0,0,0,0,0,0,0,0,0
1049,1049,0,0.0,0,0,0,0,0,0,0,0,1,1,0
1001,1001,0,0.0,0,0,0,0,0,0,0,0,0,0,0
1014,1014,0,0.0,0,0,0,0,0,0,0,0,0,0,0
207,207,0,0.0,0,0,0,0,0,0,0,0,1,0,0
1229,1229,0,0.0,0,0,0,0,0,0,0,0,0,0,0
2357,2357,0,0.0,0,0,0,0,0,0,0,0,0,1,0
1378,1378,0,0.0,0,0,0,0,0,1,0,0,0,0,0
2073,2073,0,0.0,0,0,0,0,0,0,0,0,0,0,0
3545,3545,0,0.0,0,0,0,0,0,0,0,1,0,0,0
307,307,0,0.0,0,0,0,0,0,0,0,0,1,0,0
725,725,0,0.0,0,0,0,0,0,0,0,0,0,0,0
1179,1179,0,0.0,0,0,0,0,0,0,0,0,0,0,0
595,595,0,0.0,0,0,0,0,0,0,0,0,0,0,0
2261,2261,0,0.0,0,0,0,0,0,0,0,0,0,0,0
1260,1260,0,0.0,0,0,0,0,0,0,0,2,0,0,0
1179,1179,0,0.0,0,0,0,0,0,0,0,0,0,0,0
623,623,0,0.0,0,0,0,0,0,0,0,0,0,0,0
490,490,0,0.0,0,0,0,0,1,0,0,0,0,1,0
3704,3704,0,0.0,0,0,0,0,0,0,0,0,0,1,0
1696,1696,0,0.0,0,0,0,0,0,0,0,0,0,0,0
735,735,0,0.0,0,0,0,0,0,0,0,0,0,0,0
872,872,0,0.0,0,0,0,0,0,0,0,0,0,0,0
816,816,0,0.0,0,0,0,0,0,0,0,0,0,0,0
533,533,0,0.0,0,0,0,0,0,0,0,0,0,0,0
575,575,0,0.0,0,0,0,0,0,0,0,0,0,0,0
426,426,0,0.0,0,0,0,0,0,0,0,0,0,0,0
1276,1276,0,0.0,0,0,0,0,0,0,0,0,0,0,0
1662,1662,0,0.0,0,0,0,0,0,0,0,1,0,0,0
1402,1402,0,0.0,0,0,0,0,0,1,0,0,0,0,0
421,421,0,0.0,0,0,0,0,0,1,0,0,1,0,0
848,848,0,0.0,0,0,0,0,0,0,0,0,0,0,0
1168,1168,0,0.0,0,0,0,0,0,0,0,0,0,0,0
1196,1196,0,0.0,0,0,0,0,0,0,0,0,1,0,0
1305,1305,0,0.0,0,0,0,0,0,0,0,0,0,0,0
1022,1022,0,0.0,0,0,0,0,0,0,0,0,0,0,0
742,742,0,0.0,0,0,0,0,0,0,0,0,0,0,0
460,460,0,0.0,0,0,0,0,0,0,0,0,0,0,0
1265,1265,0,0.0,0,0,0,0,0,0,0,0,0,0,0
1060,2340,2,0.0,0,0,0,0,0,0,0,0,0,0,0
1670,1670,0,0.0,0,0,0,0,0,0,0,0,0,0,0
2722,2722,0,0.0,0,0,0,0,0,0,0,0,0,0,0
11894,11894,0,0.0,0,0,0,0,1,0,0,1,0,0,0
603,603,0,0.0,0,0,0,0,0,0,0,0,0,0,0
2151,2151,0,0.0,0,0,0,0,0,0,0,1,0,0,0
569,569,0,0.0,0,0,0,0,0,0,0,0,0,1,0
1021,1021,0,0.0,0,0,0,0,0,0,0,0,0,0,0
1503,1503,0,0.0,0,0,0,0,1,0,0,0,0,0,0
481,481,0,0.0,0,0,0,0,0,0,0,0,0,0,0
210,210,0,0.0,0,0,0,0,0,0,0,0,0,0,0
3336,3336,0,0.0,0,0,0,0,0,0,0,0,0,0,0
356,356,0,0.0,0,0,0,0,0,0,0,0,0,0,0
6407,6407,0,0.0,0,0,0,0,0,0,0,0,0,1,0
2342,2342,0,0.0,0,0,0,0,0,0,0,0,0,0,0
876,876,0,0.0,0,0,0,0,0,0,0,0,0,0,0
839,839,0,0.0,0,0,0,0,0,0,0,0,0,0,0
10895,10895,0,0.0,0,0,0,0,1,0,0,1,1,0,0
325,325,0,0.0,0,0,0,0,0,0,0,0,0,0,0
529,529,0,0.0,0,0,0,0,0,0,0,0,0,1,0
376,376,0,0.0,0,0,0,0,0,0,0,0,0,0,0
1014,1014,0,0.0,0,0,0,0,0,0,0,0,0,0,0
785,785,0,0.0,0,0,0,0,0,0,0,0,0,0,0
824,824,0,0.0,0,0,0,0,0,0,0,0,0,1,0
914,914,0,0.0,0,0,0,0,0,0,0,0,0,0,0
1187,1187,0,0.0,0,0,0,0,0,0,0,0,0,0,0
704,704,0,0.0,0,0,0,0,0,0,0,0,0,0,0
1361,1361,0,0.0,0,0,0,0,0,0,0,0,0,1,0
884,884,0,0.0,0,0,0,0,0,0,0,0,0,1,0
973,973,0,0.0,0,0,0,0,1,0,0,0,0,1,0
943,943,0,0.0,0,0,0,0,0,0,0,0,0,0,0
924,924,0,0.0,0,0,0,0,0,0,0,0,0,0,0
542,542,0,0.0,0,0,0,0,0,0,0,0,0,0,0
3197,3197,0,0.0,0,0,0,0,2,1,0,0,0,1,0
1048,1048,0,0.0,0,0,0,0,0,0,0,0,0,1,0
1185,1185,0,0.0,0,0,0,0,0,0,0,0,0,0,0
1196,1196,0,0.0,0,0,0,0,0,0,0,0,0,0,0
2164,2164,0,0.0,0,0,0,0,0,0,0,0,0,0,0
656,656,0,0.0,0,0,0,0,0,0,0,0,0,0,0
468,468,0,0.0,0,0,0,0,0,0,0,0,0,0,0
3482,3482,0,0.0,0,0,0,0,0,0,0,0,1,0,0
1115,1115,0,0.0,0,0,0,0,0,0,1,0,0,0,0
1893,1893,0,0.0,0,0,0,0,0,0,0,0,0,0,0
3364,3364,0,0.0,0,0,0,0,0,0,0,0,0,0,0
1607,1607,0,0.0,0,0,0,0,0,0,0,0,0,0,0
811,811,0,0.0,0,0,0,0,0,0,0,0,0,0,0
334,334,0,0.0,0,0,0,0,0,0,0,0,0,0,0
7267,7267,0,0.0,0,0,0,0,0,0,0,0,2,0,0
417,417,0,0.0,0,0,0,0,0,0,0,0,0,0,0
639,639,0,0.0,0,0,0,0,0,0,0,0,0,0,0
1203,1203,0,0.0,0,0,0,0,0,0,1,0,0,0,0
1433,1433,0,0.0,0,0,0,0,0,0,0,0,0,0,0
1272,1272,0,0.0,0,0,0,0,0,0,0,0,0,0,0
2241,2241,0,0.0,0,0,0,0,0,0,0,0,0,0,0
3282,3282,0,0.0,0,0,0,0,0,0,0,0,1,0,0
546,546,0,0.0,0,0,0,0,0,0,0,0,0,0,0
1846,1846,0,0.0,0,0,0,0,0,0,0,1,0,0,0
8621,8621,0,0.0,0,0,0,0,1,0,0,1,1,1,0
922,922,0,0.0,0,0,0,0,0,0,0,0,0,0,0
1085,1085,0,0.0,0,0,0,0,0,0,0,0,0,0,0
1868,1868,0,0.0,0,0,0,0,0,0,1,0,0,0,0
4138,4138,0,0.0,0,0,0,0,0,0,0,1,0,1,0
767,767,0,0.0,0,0,0,0,0,0,0,0,0,0,0
1390,1390,0,0.0,0,0,0,0,0,0,0,2,0,0,0
1110,1110,0,0.0,0,0,0,0,0,0,0,0,0,0,0
1507,1507,0,0.0,0,0,0,0,0,0,0,0,0,1,0
846,846,0,0.0,0,0,0,0,0,0,0,0,0,1,0
908,908,0,0.0,0,0,0,0,0,0,0,0,0,0,0
362,362,0,0.0,0,0,0,0,0,0,0,0,0,0,0
243,243,0,0.0,0,0,0,0,0,0,0,0,0,0,0
2187,2187,0,0.0,0,0,0,0,3,0,0,1,0,0,0
3201,3201,0,0.0,0,0,0,0,1,0,2,0,2,0,0
1172,1172,0,0.0,0,0,0,0,0,0,0,0,0,0,0
293,293,0,0.0,0,0,0,0,0,0,0,0,0,0,0
865,865,0,0.0,0,0,0,0,1,0,0,0,0,0,0
1238,1238,0,0.0,0,0,0,0,0,0,0,0,0,1,0
1182,1182,0,0.0,0,0,0,0,1,0,0,0,0,0,0
866,866,0,0.0,0,0,0,0,0,0,0,0,0,0,0
7546,7546,0,0.0,0,0,0,0,0,0,0,1,0,0,0
919,919,0,0.0,0,0,0,0,0,0,0,0,0,0,0
1281,1281,0,0.0,0,0,0,0,0,0,0,0,0,0,0
467,467,0,0.0,0,0,0,0,0,0,0,0,0,2,0
392,392,0,0.0,0,0,0,0,0,0,0,0,0,0,0
1517,1517,0,0.0,0,0,0,0,0,0,0,0,0,0,0
999,999,0,0.0,0,0,0,0,0,0,0,1,0,0,0
570,570,0,0.0,0,0,0,0,0,0,0,0,1,0,0
2015,2015,0,0.0,0,0,0,0,0,0,0,0,0,0,0
1222,1222,0,0.0,0,0,0,0,0,0,0,0,0,0,0
2538,2538,0,0.0,0,0,0,0,0,0,0,0,0,0,0
493,493,0,0.0,0,0,0,0,0,0,0,0,0,0,0
1398,1398,0,0.0,0,0,0,0,0,0,0,0,0,0,0
1560,1560,0,0.0,0,0,0,0,0,0,0,0,0,1,0
2716,2716,0,0.0,0,0,0,0,0,0,0,0,1,0,0
534,534,0,0.0,0,0,0,0,0,0,0,0,0,0,0
672,672,0,0.0,0,0,0,0,0,1,0,0,0,0,0
1022,1022,0,0.0,0,0,0,0,0,0,0,1,0,0,0
887,887,0,0.0,0,0,0,0,0,0,0,0,0,0,0
755,755,0,0.0,0,0,0,0,0,0,0,1,1,0,0
2612,2612,0,0.0,0,0,0,0,0,0,1,0,0,1,0
804,804,0,0.0,0,0,0,0,0,0,0,0,0,1,0
447,447,0,0.0,0,0,0,0,0,0,0,0,0,0,0
1269,1269,0,0.0,0,0,0,0,0,0,0,0,0,0,0
1158,1158,0,0.0,0,0,0,0,0,0,0,0,2,0,0
344,344,0,0.0,0,0,0,0,0,0,0,0,0,0,0
2022,2022,0,0.0,0,0,0,0,0,0,0,0,0,0,0
695,695,0,0.0,0,0,0,0,0,0,0,0,0,0,0
991,991,0,0.0,0,0,0,0,1,0,0,0,1,0,0
918,918,0,0.0,0,0,0,0,0,1,0,0,0,0,0
473,473,0,0.0,0,0,0,0,0,0,0,0,0,0,0
824,824,0,0.0,0,0,0,0,0,0,0,0,2,0,0
1238,1238,0,0.0,0,0,0,0,0,0,0,0,0,1,0
1390,1390,0,0.0,0,0,0,0,0,0,0,0,0,0,0
740,740,0,0.0,0,0,0,0,0,0,0,0,0,0,0
1165,1165,0,0.0,0,0,0,0,2,0,0,1,0,0,0
974,974,0,0.0,0,0,0,0,0,0,0,0,0,0,0
506,506,0,0.0,0,0,0,0,1,0,0,0,0,0,0
733,733,1,0.0,0,1,0,0,1,0,0,0,0,0,0
825,825,0,0.0,0,0,0,0,0,0,0,0,0,0,0
14157,14157,0,0.0,0,0,0,0,0,0,0,2,2,0,0
4258,4258,1,0.0,0,0,0,0,0,0,0,0,1,0,0
750,750,0,0.0,0,0,0,0,0,0,0,0,0,0,0
2112,2112,0,0.0,0,0,0,0,0,0,0,0,0,0,0
1901,1901,0,0.0,0,0,0,0,0,0,0,0,0,0,0
194,779,0,0.0,0,0,0,0,0,0,0,0,1,0,0
1435,1435,0,0.0,0,0,0,0,0,0,0,0,0,0,0
4004,4004,0,0.0,0,0,0,0,0,0,0,0,0,0,0
1109,1109,0,0.0,0,0,0,0,0,0,0,0,0,0,0
2518,2518,0,0.0,0,0,0,0,0,0,0,0,0,1,0
864,864,0,0.0,0,0,0,0,0,0,0,0,0,0,0
1149,1149,0,0.0,0,0,0,0,0,0,0,0,0,0,0
2249,2249,0,0.0,0,0,0,0,0,0,0,0,0,1,0
201,201,0,0.0,0,0,0,0,0,0,0,0,0,0,0
728,728,0,0.0,0,0,0,0,0,0,0,0,0,0,0
5388,5388,0,0.0,0,0,0,0,0,0,1,0,1,0,0
1191,1191,0,0.0,0,0,0,0,0,0,0,0,0,0,0
3274,3274,0,0.0,0,0,0,0,0,0,0,0,0,1,0
674,674,0,0.0,0,0,0,0,0,0,0,0,0,0,0
2527,2527,0,0.0,0,0,0,0,0,0,0,0,0,0,0
322,322,0,0.0,0,0,0,0,0,0,0,0,0,0,0
856,856,0,0.0,0,0,0,0,0,0,0,0,0,0,0
957,957,0,0.0,0,0,0,0,0,0,0,0,0,0,0
2657,2657,0,0.0,0,0,0,0,0,0,0,0,0,0,0
2504,2504,0,0.0,0,0,0,0,0,0,0,0,0,0,0
3728,3728,0,0.0,0,0,0,0,4,0,0,0,0,2,0
2033,2033,0,0.0,0,0,0,0,0,0,0,0,0,0,0
220,220,0,0.0,0,0,0,0,0,0,0,0,0,0,0
1050,1050,0,0.0,0,0,0,0,0,0,0,0,0,0,0
1128,1128,0,0.0,0,0,0,0,0,0,0,0,0,0,0
562,562,0,0.0,0,0,0,0,0,0,0,0,0,0,0
1389,1389,0,0.0,0,0,0,0,0,0,0,0,0,0,0
574,574,0,0.0,0,0,0,0,0,0,0,0,0,0,0
3351,3351,0,0.0,0,0,0,0,0,0,0,0,0,0,0
1386,1386,0,0.0,0,0,0,0,2,0,0,0,0,0,0
1266,1266,0,0.0,0,0,0,0,0,0,0,0,0,0,0
637,637,0,0.0,0,0,0,0,0,0,0,1,0,0,0
494,494,0,0.0,0,0,0,0,0,0,0,0,0,0,0
872,872,0,0.0,0,0,0,0,0,0,0,0,0,0,0
208,208,0,0.0,0,0,0,0,0,0,0,0,0,0,0
1796,1796,0,0.0,0,0,0,0,0,0,0,0,0,0,0
444,444,0,0.0,0,0,0,0,0,0,0,0,0,0,0
1210,1210,0,0.0,0,0,0,0,0,0,0,0,0,0,0
869,869,0,0.0,0,0,0,0,0,0,0,0,0,2,0
1866,1866,0,0.0,0,0,0,0,0,0,0,0,0,0,0
1725,1725,0,0.0,0,0,0,0,0,0,0,0,0,0,0
1307,1307,0,0.0,0,0,0,0,0,0,0,0,0,0,0
2318,2318,0,0.0,0,0,0,0,0,0,0,0,0,0,0
1241,1241,0,0.0,0,0,0,0,1,0,0,0,0,1,0
1009,1009,0,0.0,0,0,0,0,0,0,0,0,0,0,0
1190,1190,0,0.0,0,0,0,0,0,0,0,0,0,1,0
840,840,0,0.0,0,0,0,0,0,0,0,0,0,0,0
572,572,0,0.0,0,0,0,0,0,0,0,0,0,0,0
3923,3923,0,0.0,0,0,0,0,0,0,0,0,0,0,0
354,354,0,0.0,0,0,0,0,0,0,0,0,0,0,0
640,640,0,0.0,0,0,0,0,0,0,0,0,0,1,0
161,161,0,0.0,0,0,0,0,0,0,0,0,0,0,0
398,398,0,0.0,0,0,0,0,0,0,0,0,0,0,0
8243,8243,0,0.0,0,0,0,0,0,0,0,1,1,0,0
3149,3149,0,0.0,0,0,0,0,1,0,0,1,0,0,0
8642,8642,0,0.0,0,0,0,0,0,0,0,0,0,0,0
5340,5340,0,0.0,0,0,0,0,0,0,0,1,1,1,0
789,789,0,0.0,0,0,0,0,0,0,0,0,0,0,0
1877,1877,0,0.0,0,0,0,0,0,0,0,0,0,0,0
698,698,0,0.0,0,0,0,0,0,0,0,0,0,0,0
1023,1023,0,0.0,0,0,0,0,0,0,0,0,0,0,0
5564,5564,0,0.0,0,0,0,0,1,0,0,1,1,0,0
1086,1086,0,0.0,0,0,0,0,0,0,0,0,0,1,0
2223,2223,0,0.0,0,0,0,0,0,0,0,0,0,0,0
418,418,0,0.0,0,0,0,0,0,0,0,0,1,0,0
2110,2110,0,0.0,0,0,0,0,0,0,0,0,0,0,0
414,414,0,0.0,0,0,0,0,0,0,0,0,0,0,0
1080,1080,0,0.0,0,0,0,0,0,0,0,0,0,0,0
1039,1039,0,0.0,0,0,0,0,0,0,0,0,0,0,0
1100,1100,0,0.0,0,0,0,0,1,0,0,0,0,0,0
1039,1039,0,0.0,0,0,0,0,0,0,0,0,0,0,0
1324,1324,0,0.0,0,0,0,0,0,0,0,0,0,0,0
412,412,0,0.0,0,0,0,0,0,0,0,0,1,0,0
776,776,0,0.0,0,0,0,0,0,0,0,1,0,0,0
502,502,0,0.0,0,0,0,0,0,0,0,0,0,0,0
1677,1677,0,0.0,0,0,0,0,0,0,0,0,0,0,0
688,688,0,0.0,0,0,0,0,0,0,0,0,0,0,0
1145,1145,0,0.0,0,0,0,0,0,0,0,0,0,0,0
1621,1621,0,0.0,0,0,0,0,0,0,0,0,0,0,0
427,427,0,0.0,0,0,0,0,0,0,0,0,0,0,0
1428,1428,0,0.0,0,0,0,0,0,0,0,0,0,0,0
120,120,0,0.0,0,0,0,0,0,0,0,0,0,0,0
940,940,0,0.0,0,0,0,0,0,0,0,0,0,0,0
1729,1729,0,0.0,0,0,0,0,0,0,0,0,0,0,0
500,500,0,0.0,0,0,0,0,0,0,0,0,0,0,0
312,312,0,0.0,0,0,0,0,0,0,0,0,0,0,0
1982,1982,0,0.0,0,0,0,0,0,0,0,0,1,0,0
1261,1261,0,0.0,0,0,0,0,0,0,0,0,0,0,0
1143,1143,0,0.0,0,0,0,0,1,0,0,0,0,1,0
1949,1949,0,0.0,0,0,0,0,0,0,0,0,0,0,0
833,833,0,0.0,0,0,0,0,0,0,0,0,0,0,0
1120,1120,0,0.0,0,0,0,0,0,0,0,0,0,0,0
3034,3034,0,0.0,0,0,0,0,0,0,0,0,0,0,0
266,266,0,0.0,0,0,0,0,0,0,0,0,0,0,0
280,280,0,0.0,0,0,0,0,0,0,0,0,0,0,0
386,386,0,0.0,0,0,0,0,0,0,0,0,0,0,0
1206,1206,0,0.0,0,0,0,0,0,0,0,0,0,0,0
730,730,0,0.0,0,0,0,0,0,0,0,0,0,0,0
1127,1127,0,0.0,0,0,0,0,0,0,0,0,0,0,0
500,500,0,0.0,0,0,0,0,0,0,0,0,0,0,0
404,404,0,0.0,0,0,0,0,0,0,0,0,0,0,0
836,836,0,0.0,0,0,0,0,0,0,0,0,0,0,0
1651,1651,0,0.0,0,0,0,0,0,0,0,0,0,0,0
1185,1185,0,0.0,0,0,0,0,0,0,0,0,0,0,0
1895,1895,0,0.0,0,0,0,0,0,0,0,0,0,1,0
416,416,0,0.0,0,0,0,0,0,0,0,0,0,1,0
1181,1181,0,0.0,0,0,0,0,0,0,0,0,0,0,0
792,792,0,0.0,0,0,0,0,0,0,0,0,0,0,0
707,707,0,0.0,0,0,0,0,0,1,0,0,0,0,0
822,822,0,0.0,0,0,0,0,0,0,0,0,0,0,0
827,827,0,0.0,0,0,0,0,0,1,0,0,1,0,0
336,336,0,0.0,0,0,0,0,0,0,0,0,0,1,0
674,674,0,0.0,0,0,0,0,0,0,0,0,0,0,0
1508,1508,0,0.0,0,0,0,0,0,0,0,0,0,0,0
101,597,2,0.0,0,0,0,0,0,0,0,0,0,0,0
2672,2672,0,0.0,0,0,0,0,0,0,0,0,0,0,0
942,942,0,0.0,0,0,0,0,0,0,0,0,0,0,0
2605,2605,0,0.0,0,0,0,0,0,0,0,0,0,0,0
560,560,0,0.0,0,0,0,0,0,0,0,0,0,0,0
580,580,0,0.0,0,0,0,0,0,0,0,0,0,0,0
1641,1641,0,0.0,0,0,0,0,0,0,0,0,0,0,0
1857,1857,0,0.0,0,0,0,0,0,0,0,0,0,0,0
432,432,0,0.0,0,0,0,0,0,0,0,0,0,0,0
1716,1716,0,0.0,0,0,0,0,0,0,0,0,0,0,0
784,784,0,0.0,0,0,0,0,0,0,0,0,0,0,0
314,314,0,0.0,0,0,0,0,0,0,0,0,0,0,0
2466,2466,0,0.0,0,0,0,0,0,0,0,0,0,1,0
2367,2367,0,0.0,0,0,0,0,0,0,0,0,0,0,0
262,262,0,0.0,0,0,0,0,0,0,0,0,0,0,0
967,967,0,0.0,0,0,0,0,0,0,0,0,0,0,0
313,313,0,0.0,0,0,0,0,0,0,0,0,0,0,0
1245,1245,0,0.0,0,0,0,0,0,0,0,0,0,0,0
8615,8615,0,0.0,0,0,0,0,2,0,0,2,2,0,0
1437,1437,0,0.0,0,0,0,0,0,0,0,0,0,0,0
6753,6753,0,0.0,0,0,0,0,0,0,1,0,0,1,0
844,844,0,0.0,0,0,0,0,0,0,0,0,0,0,0
23914,23914,0,0.0,0,0,0,0,2,0,0,3,0,2,0
469,469,0,0.0,0,0,0,0,0,0,0,0,0,0,0
5640,5640,0,0.0,0,0,0,0,0,0,0,0,1,0,0
312,312,0,0.0,0,0,0,0,0,0,0,0,0,0,0
208,208,0,0.0,0,0,0,0,0,0,0,0,0,0,0
1695,1695,0,0.0,0,0,0,0,0,0,0,0,0,0,0
1358,1358,0,0.0,0,0,0,0,0,0,0,0,0,0,0
1639,1639,0,0.0,0,0,0,0,0,0,0,0,0,0,0
1491,1491,0,0.0,0,0,0,0,0,0,0,2,0,0,0
754,754,0,0.0,0,0,0,0,0,0,0,0,1,0,0
1034,1034,0,0.0,0,0,0,0,0,0,0,0,0,0,0
3221,3221,0,0.0,0,0,0,0,0,0,0,0,0,1,0
5083,5083,0,0.0,0,0,0,0,0,0,0,0,0,0,0
641,641,0,0.0,0,0,0,0,0,0,0,0,1,0,0
791,791,0,0.0,0,0,0,0,2,0,0,1,0,0,0
379,379,0,0.0,0,0,0,0,0,0,0,0,0,0,0
529,529,0,0.0,0,0,0,0,0,1,0,0,0,0,0
733,733,0,0.0,0,0,0,0,0,0,0,0,1,0,0
2826,2826,0,0.0,0,0,0,0,0,0,0,0,0,0,0
1025,1025,0,0.0,0,0,0,0,0,0,0,0,0,0,0
1550,1550,0,0.0,0,0,0,0,0,0,0,0,0,0,0
227,227,0,0.0,0,0,0,0,0,0,0,0,0,0,0
330,330,0,0.0,0,0,0,0,0,0,0,0,0,0,0
349,349,0,0.0,0,0,0,0,0,0,0,0,0,0,0
1014,1014,0,0.0,0,0,0,0,0,0,0,0,0,0,0
2646,2646,0,0.0,0,0,0,0,0,0,0,0,1,1,0
1848,1848,0,0.0,0,0,0,0,0,0,0,0,0,0,0
949,949,0,0.0,0,0,0,0,0,0,0,0,0,0,0
3057,3057,0,0.0,0,0,0,0,0,0,0,0,0,0,0
3491,3491,0,0.0,0,0,0,0,0,0,0,0,0,0,0
1553,1553,0,0.0,0,0,0,0,0,0,1,0,0,0,0
1086,1086,0,0.0,0,0,0,0,0,0,0,0,0,0,0
1008,1008,0,0.0,0,0,0,0,2,0,0,1,0,0,0
527,527,0,0.0,0,0,0,0,0,0,0,0,0,0,0
1747,1747,0,0.0,0,0,0,0,0,0,0,0,2,0,0
897,897,0,0.0,0,0,0,0,0,0,0,0,0,0,0
1134,1134,0,0.0,0,0,0,0,0,0,0,0,0,0,0
286,286,0,0.0,0,0,0,0,0,0,0,0,0,0,0
358,358,0,0.0,0,0,0,0,0,0,0,0,0,0,0
755,755,0,0.0,0,0,0,0,0,0,0,0,0,0,0
3607,3607,0,0.0,0,0,0,0,0,0,0,0,1,0,0
2630,2630,0,0.0,0,0,0,0,0,0,0,1,1,0,0
1246,1246,0,0.0,0,0,0,0,0,0,0,0,1,1,0
392,392,0,0.0,0,0,0,0,0,0,0,0,0,0,0
2371,2371,0,0.0,0,0,0,0,5,0,0,0,0,1,0
1202,1202,0,0.0,0,0,0,0,0,0,0,0,0,0,0
2031,2031,0,0.0,0,0,0,0,0,0,0,0,0,1,0
1558,1558,0,0.0,0,0,0,0,0,0,0,0,0,0,0
494,494,0,0.0,0,0,0,0,0,0,0,0,0,0,0
1362,1362,0,0.0,0,0,0,0,0,0,0,0,0,0,0
2056,2056,0,0.0,0,0,0,0,0,0,0,0,0,0,0
372,372,0,0.0,0,0,0,0,0,0,0,0,0,0,0
2733,2733,0,0.0,0,0,0,0,0,0,0,0,1,0,0
1044,1044,0,0.0,0,0,0,0,0,0,0,0,0,0,0
343,343,0,0.0,0,0,0,0,0,0,0,0,0,0,0
1654,1654,0,0.0,0,0,0,0,0,0,0,0,0,0,0
2048,2048,0,0.0,0,0,0,0,0,0,0,0,0,1,0
1909,1909,0,0.0,0,0,0,0,0,0,0,0,0,1,0
1778,1778,0,0.0,0,0,0,0,0,0,0,0,0,0,0
407,407,0,0.0,0,0,0,0,0,0,0,0,0,0,0
556,556,0,0.0,0,0,0,0,0,0,0,0,0,0,0
781,781,0,0.0,0,0,0,0,0,0,0,0,0,0,0
1382,1382,0,0.0,0,0,0,0,0,0,0,0,0,0,0
188,188,0,0.0,0,0,0,0,0,0,0,0,0,0,0
2632,2632,0,0.0,0,0,0,0,0,0,0,0,0,1,0
572,572,0,0.0,0,0,0,0,0,0,0,0,0,0,0
571,571,0,0.0,0,0,0,0,0,0,0,0,0,1,0
833,833,0,0.0,0,0,0,0,0,0,0,0,0,0,0
1876,1876,0,0.0,0,0,0,0,0,0,0,0,0,0,0
767,767,0,0.0,0,0,0,0,0,0,0,0,0,0,0
1040,1040,0,0.0,0,0,0,0,1,0,0,0,0,0,0
388,388,0,0.0,0,0,0,0,0,0,0,0,0,0,0
594,594,0,0.0,0,0,0,0,0,0,0,0,0,1,0
1185,1185,0,0.0,0,0,0,0,0,0,0,1,0,0,0
714,714,0,0.0,0,0,0,0,0,0,0,0,0,0,0
2049,2049,0,0.0,0,0,0,0,0,0,0,0,0,0,0
673,673,0,0.0,0,0,0,0,0,0,0,0,0,0,0
1147,2431,2,0.0,0,0,0,0,0,0,0,0,0,0,0
1444,1444,0,0.0,0,0,0,0,0,0,0,0,0,0,0
682,682,0,0.0,0,0,0,0,0,0,0,0,0,0,0
600,600,0,0.0,0,0,0,0,0,0,0,0,0,0,0
1228,1228,0,0.0,0,0,0,0,0,0,0,0,0,1,0
871,871,0,0.0,0,0,0,0,0,0,0,0,0,0,0
1895,1895,0,0.0,0,0,0,0,0,0,0,0,1,0,0
776,776,0,0.0,0,0,0,0,0,1,0,0,0,0,0
1093,1093,0,0.0,0,0,0,0,0,0,0,0,0,0,0
610,610,0,0.0,0,0,0,0,0,0,0,0,0,0,0
842,842,0,0.0,0,0,0,0,0,0,0,0,0,0,0
300,300,0,0.0,0,0,0,0,0,0,0,0,0,0,0
754,754,0,0.0,0,0,0,0,0,0,0,0,0,0,0
3501,5938,2,0.0,0,2,7,0,0,0,0,0,0,0,0
4494,4494,0,0.0,0,0,0,0,1,0,0,2,2,0,0
455,455,0,0.0,0,0,0,0,0,0,0,0,0,0,0
2315,2315,0,0.0,0,0,0,0,0,0,0,0,0,0,0
4293,4293,0,0.0,0,0,0,0,0,0,0,0,0,0,0
2190,2190,0,0.0,0,0,0,0,1,0,1,0,1,0,0
1162,1162,0,0.0,0,0,0,0,0,0,0,0,0,0,0
622,622,0,0.0,0,0,0,0,0,0,0,0,0,0,0
827,827,0,0.0,0,0,0,0,1,0,0,0,0,0,0
1186,1186,0,0.0,0,0,0,0,0,0,0,0,0,0,0
280,280,0,0.0,0,0,0,0,0,0,0,0,0,0,0
887,887,0,0.0,0,0,0,0,0,0,0,0,0,0,0
2939,2939,0,0.0,0,0,0,0,0,0,0,0,0,0,0
1203,1203,0,0.0,0,0,0,0,0,0,0,0,0,1,0
1358,1358,0,0.0,0,0,0,0,0,0,0,0,0,0,0
727,727,0,0.0,0,0,0,0,0,0,0,0,0,0,0
912,912,0,0.0,0,0,0,0,0,0,0,0,0,0,0
839,839,0,0.0,0,0,0,0,0,0,0,0,0,0,0
1422,1422,0,0.0,0,0,0,0,0,0,0,0,1,0,0
807,807,0,0.0,0,0,0,0,0,0,0,0,0,0,0
493,493,0,0.0,0,0,0,0,0,0,0,0,0,0,0
982,982,0,0.0,0,0,0,0,0,0,0,0,0,0,0
2498,2498,0,0.0,0,0,0,0,0,0,0,0,0,0,0
1772,1772,0,0.0,0,0,0,0,0,0,0,0,0,0,0
1789,1789,0,0.0,0,0,0,0,0,0,0,0,0,1,0
1084,1084,0,0.0,0,0,0,0,0,0,0,0,0,0,0
1312,1312,0,0.0,0,0,0,0,0,0,0,0,0,0,0
652,652,0,0.0,0,0,0,0,0,0,0,0,1,0,0
728,728,0,0.0,0,0,0,0,0,0,0,0,0,0,0
985,985,0,0.0,0,0,0,0,0,0,0,0,2,0,0
3440,3440,0,0.0,0,0,0,0,5,0,0,0,0,1,0
468,468,1,0.0,0,1,0,0,0,0,0,0,0,0,0
923,923,0,0.0,0,0,0,0,0,0,0,1,0,0,0
1787,1787,0,0.0,0,0,0,0,0,0,2,0,1,0,0
569,569,0,0.0,0,0,0,0,0,0,0,0,0,0,0
1505,1505,0,0.0,0,0,0,0,0,0,0,0,0,0,0
2825,2825,0,0.0,0,0,0,0,0,0,0,0,0,1,0
1440,1440,0,0.0,0,0,0,0,0,0,0,0,0,0,0
406,406,0,0.0,0,0,0,0,0,0,0,0,0,0,0
885,885,0,0.0,0,0,0,0,0,0,0,0,0,0,0
3418,3418,0,0.0,0,0,0,0,0,0,0,0,0,1,0
663,663,0,0.0,0,0,0,0,0,0,0,0,0,0,0
275,275,0,0.0,0,0,0,0,0,0,0,0,0,0,0
889,889,0,0.0,0,0,0,0,0,0,0,0,0,0,0
2544,2544,0,0.0,0,0,0,0,0,0,0,0,0,0,0
1125,1125,0,0.0,0,0,0,0,0,0,0,0,0,0,0
752,752,0,0.0,0,0,0,0,0,0,0,0,0,0,0
3907,3907,0,0.0,0,0,0,0,0,0,0,0,0,0,0
1397,1397,0,0.0,0,0,0,0,0,0,0,0,0,0,0
13556,13556,0,0.0,0,0,0,0,0,0,0,1,0,1,0
708,708,0,0.0,0,0,0,0,0,0,0,0,1,0,0
822,822,0,0.0,0,0,0,0,0,0,0,0,0,0,0
6230,6230,0,0.0,0,0,0,0,1,0,0,0,0,0,0
1416,1416,0,0.0,0,0,0,0,0,0,0,0,0,0,0
4052,4052,0,0.0,0,0,0,0,1,0,1,0,0,1,0
3922,3922,1,0.0,0,0,0,0,0,0,0,0,0,0,0
1307,1307,0,0.0,0,0,0,0,0,0,0,0,0,0,0
2702,2702,0,0.0,0,0,0,1,0,0,0,0,0,2,0
614,614,0,0.0,0,0,0,0,0,0,0,0,0,0,0
1338,1338,0,0.0,0,0,0,0,0,0,0,0,0,0,0
1151,1151,0,0.0,0,0,0,0,0,0,0,0,0,0,0
1818,1818,0,0.0,0,0,0,0,0,0,0,0,0,0,0
2253,2253,0,0.0,0,0,0,0,2,0,0,0,1,0,0
1982,1982,0,0.0,0,0,0,0,0,0,0,1,0,0,0
1121,1121,0,0.0,0,0,0,0,0,0,0,0,0,0,0
780,780,0,0.0,0,0,0,0,0,0,0,0,0,0,0
384,384,0,0.0,0,0,0,0,0,0,0,0,0,0,0
818,818,0,0.0,0,0,0,0,0,0,0,0,0,0,0
1185,1185,0,0.0,0,0,0,0,0,0,0,1,0,0,0
497,497,0,0.0,0,0,0,0,0,0,0,1,0,0,0
1116,1116,0,0.0,0,0,0,0,0,0,0,0,0,0,0
689,689,0,0.0,0,0,0,0,0,0,0,0,0,0,0
563,563,0,0.0,0,0,0,0,0,0,0,0,0,0,0
1911,1911,0,0.0,0,0,0,0,0,0,0,0,0,0,0
3240,3240,0,0.0,0,0,0,0,0,0,0,0,0,0,0
927,927,0,0.0,0,0,0,0,0,0,0,0,0,0,0
940,940,0,0.0,0,0,0,0,0,0,0,0,0,1,0
1393,1393,0,0.0,0,0,0,0,0,0,0,0,0,0,0
1605,1605,0,0.0,0,0,0,0,0,0,0,0,0,0,0
1614,1614,0,0.0,0,0,0,0,0,0,0,0,0,0,0
452,452,0,0.0,0,0,0,0,0,0,0,0,0,1,0
641,641,0,0.0,0,0,0,0,0,0,0,0,1,0,0
2176,2176,0,0.0,0,0,0,0,0,0,0,0,0,0,0
2407,2407,0,0.0,0,0,0,0,0,0,0,0,0,2,0
1484,1484,0,0.0,0,0,0,0,0,0,0,0,0,0,0
857,857,0,0.0,0,0,0,0,0,0,0,0,0,0,0
1318,1318,0,0.0,0,0,0,0,0,0,0,1,0,0,0
1200,1200,0,0.0,0,0,0,0,0,0,0,0,0,0,0
1164,1164,0,0.0,0,0,0,0,0,0,0,0,0,1,0
1188,1188,0,0.0,0,0,0,0,3,0,0,0,0,0,0
753,753,0,0.0,0,0,0,0,0,0,0,0,0,0,0
1260,1260,0,0.0,0,0,0,0,0,0,0,0,0,0,0
1611,1611,0,0.0,0,0,0,0,0,0,0,0,0,0,0
604,604,0,0.0,0,0,0,0,0,0,0,0,0,0,0
1031,1031,0,0.0,0,0,0,0,0,0,0,0,0,0,0
451,451,0,0.0,0,0,0,0,0,0,0,0,0,0,0
2028,2028,0,0.0,0,0,0,0,0,0,0,0,0,0,0
461,461,0,0.0,0,0,0,0,2,0,0,1,0,0,0
670,670,0,0.0,0,0,0,0,0,0,0,0,0,0,0
1247,1247,0,0.0,0,0,0,0,0,0,0,0,0,0,0
797,797,0,0.0,0,0,0,0,0,0,0,0,0,0,0
2922,2922,0,0.0,0,0,0,0,0,0,0,1,1,2,0
1151,1151,0,0.0,0,0,0,0,0,0,0,0,0,0,0
469,469,0,0.0,0,0,0,0,0,0,0,0,0,0,0
6375,6375,0,0.0,0,0,0,0,0,0,1,1,1,0,0
1304,1304,0,0.0,0,0,0,0,0,0,0,0,0,0,0
1058,1058,0,0.0,0,0,0,0,0,0,0,0,0,0,0
1782,1782,0,0.0,0,0,0,0,0,0,0,0,0,0,0
788,788,0,0.0,0,0,0,0,0,0,0,0,1,0,0
3913,3913,0,0.0,0,0,0,0,0,0,0,0,2,0,0
842,842,0,0.0,0,0,0,0,0,0,0,0,0,0,0
868,868,0,0.0,0,0,0,0,0,0,0,0,0,0,0
153,153,0,0.0,0,0,0,0,0,0,0,0,0,0,0
808,808,0,0.0,0,0,0,0,0,0,0,0,0,1,0
2738,2738,0,0.0,0,0,0,0,0,0,0,0,0,0,0
990,990,0,0.0,0,0,0,0,1,0,0,0,0,0,0
1252,1252,0,0.0,0,0,0,0,0,0,0,1,1,0,0
278,278,0,0.0,0,0,0,0,0,0,0,0,0,0,0
2016,2016,0,0.0,0,0,0,0,0,0,0,0,0,1,0
2549,2549,0,0.0,0,0,0,0,0,0,0,0,0,1,0
660,660,0,0.0,0,0,0,0,0,0,0,0,0,0,0
1711,1711,0,0.0,0,0,0,0,0,0,0,0,0,0,0
1608,1608,0,0.0,0,0,0,0,0,0,0,0,0,0,0
1040,1040,0,0.0,0,0,0,0,0,0,0,0,0,0,0
1017,1017,0,0.0,0,0,0,0,0,0,0,0,0,0,0
931,931,0,0.0,0,0,0,0,0,0,0,0,0,0,0
2082,2082,0,0.0,0,0,0,0,0,0,0,0,0,0,0
2329,2329,0,0.0,0,0,0,0,0,0,0,0,0,0,0
348,348,0,0.0,0,0,0,0,0,0,0,0,1,0,0
578,578,0,0.0,0,0,0,0,0,0,0,0,0,0,0
208,208,0,0.0,0,0,0,0,0,0,0,0,0,0,0
1439,1439,0,0.0,0,0,0,0,0,0,0,0,0,0,0
1013,1013,0,0.0,0,0,0,0,0,0,0,0,0,0,0
2144,2144,0,0.0,0,0,0,0,0,0,0,0,0,0,0
1645,1645,0,0.0,0,0,0,0,0,0,0,0,0,0,0
1089,1089,0,0.0,0,0,0,0,0,0,0,0,0,0,0
646,646,0,0.0,0,0,0,0,0,0,0,0,0,0,0
708,708,0,0.0,0,0,0,0,0,1,0,0,1,0,0
907,907,0,0.0,0,0,0,0,1,0,0,0,0,0,0
519,519,0,0.0,0,0,0,0,0,0,0,0,0,0,0
239,239,0,0.0,0,0,0,0,0,0,0,0,0,0,0
1749,1749,0,0.0,0,0,0,0,0,0,0,0,0,0,0
850,850,0,0.0,0,0,0,0,0,0,0,0,0,0,0
1453,1453,0,0.0,0,0,0,0,0,0,1,0,0,0,0
2425,2425,0,0.0,0,0,0,0,0,0,0,0,0,1,0
1436,1436,0,0.0,0,0,0,0,0,0,0,0,1,0,0
461,461,0,0.0,0,0,0,0,0,0,0,0,0,0,0
229,229,0,0.0,0,0,0,0,0,0,0,0,0,0,0
688,688,0,0.0,0,0,0,0,0,0,0,0,0,0,0
251,251,0,0.0,0,0,0,0,0,0,0,0,0,0,0
828,828,0,0.0,0,0,0,0,1,0,0,0,0,0,0
449,449,0,0.0,0,0,0,0,0,0,0,0,0,0,0
1348,1348,0,0.0,0,0,0,0,0,0,0,0,0,0,0
1327,1327,0,0.0,0,0,0,0,0,0,0,0,0,0,0
1125,1125,0,0.0,0,0,0,0,4,0,0,0,0,0,0
1915,1915,0,0.0,0,0,0,0,0,0,0,0,0,0,0
1014,1014,0,0.0,0,0,0,0,0,0,0,1,0,0,0
924,924,0,0.0,0,0,0,0,0,0,0,0,0,0,0
1279,1279,0,0.0,0,0,0,0,0,0,0,0,0,0,0
2101,2101,0,0.0,0,0,0,0,0,0,0,0,1,0,0
525,525,0,0.0,0,0,0,0,0,0,0,0,0,0,0
635,635,0,0.0,0,0,0,0,0,0,1,0,0,1,0
1049,1049,0,0.0,0,0,0,0,0,0,0,0,0,0,0
605,605,0,0.0,0,0,0,0,0,0,0,0,0,0,0
2308,2308,0,0.0,0,0,0,0,0,0,0,0,0,0,0
535,535,0,0.0,0,0,0,0,0,0,0,0,0,0,0
1035,1035,0,0.0,0,0,0,0,0,0,0,0,0,0,0
1111,1111,0,0.0,0,0,0,0,0,0,0,0,0,0,0
349,349,0,0.0,0,0,0,0,0,0,0,0,0,0,0
305,305,0,0.0,0,0,0,0,0,0,0,0,1,0,0
5033,5033,0,0.0,0,0,0,0,1,0,0,0,0,3,0
1083,1083,0,0.0,0,0,0,0,0,0,0,0,0,1,0
876,876,0,0.0,0,0,0,0,2,0,0,1,0,0,0
584,584,0,0.0,0,0,0,0,0,0,0,0,0,0,0
245,245,0,0.0,0,0,0,0,1,0,0,1,0,0,0
1117,1117,0,0.0,0,0,0,0,0,0,0,0,0,0,0
1361,1361,0,0.0,0,0,0,0,0,0,0,0,0,1,0
362,362,0,0.0,0,0,0,0,0,0,0,0,0,0,0
541,541,0,0.0,0,0,0,0,0,0,0,0,0,0,0
1947,1947,0,0.0,0,0,0,0,0,0,0,0,0,0,0
1800,1800,0,0.0,0,0,0,0,0,0,0,0,0,0,0
5800,5800,0,0.0,0,0,0,0,1,0,0,0,1,0,0
678,678,0,0.0,0,0,0,0,0,0,0,0,1,0,0
1357,1357,0,0.0,0,0,0,0,0,0,0,0,0,0,0
1162,1162,0,0.0,0,0,0,0,0,0,0,0,0,1,0
1517,1517,0,0.0,0,0,0,0,0,0,0,0,0,0,0
1107,1107,0,0.0,0,0,0,0,0,0,0,0,0,0,0
858,858,0,0.0,0,0,0,0,0,0,1,0,0,0,0
1093,1093,0,0.0,0,0,0,0,0,0,0,0,1,0,0
3027,3935,1,0.0,0,1,0,0,0,0,0,2,0,0,0
423,423,0,0.0,0,0,0,0,0,0,0,0,1,0,0
562,562,0,0.0,0,0,0,0,0,0,0,0,0,0,0
1439,1439,0,0.0,0,0,0,0,0,0,0,0,0,0,0
1194,1194,0,0.0,0,0,0,0,0,0,0,0,0,0,0
0,14797,51,0.0,0,26,25,3,0,0,0,0,2,1,0
1438,1438,0,0.0,0,0,0,0,0,0,0,1,0,0,0
1178,1178,0,0.0,0,0,0,0,0,0,0,0,3,0,0
1540,1540,0,0.0,0,0,0,0,0,0,0,0,0,0,0
889,889,0,0.0,0,0,0,0,0,0,0,0,0,0,0
1356,1356,0,0.0,0,0,0,0,0,0,0,0,0,0,0
836,836,0,0.0,0,0,0,0,0,0,0,0,0,0,0
1481,1481,0,0.0,0,0,0,0,0,0,0,0,1,0,0
3417,3417,0,0.0,0,0,0,0,1,0,0,0,0,0,0
4370,4370,0,0.0,0,0,0,0,0,0,0,0,0,0,0
217,217,0,0.0,0,0,0,0,0,0,0,0,0,0,0
883,883,0,0.0,0,0,0,0,0,0,0,0,0,1,0
755,755,0,0.0,0,0,0,0,0,1,0,0,0,0,0
2087,2087,0,0.0,0,0,0,0,0,0,0,0,0,0,0
483,483,0,0.0,0,0,0,0,0,1,0,0,0,0,0
1946,1946,0,0.0,0,0,0,0,1,0,0,0,0,0,0
769,769,0,0.0,0,0,0,0,0,0,0,0,0,0,0
1257,1257,0,0.0,0,0,0,0,0,0,0,0,0,0,0
610,610,0,0.0,0,0,0,0,0,0,0,0,0,0,0
5769,5769,0,0.0,0,0,0,0,0,0,0,0,2,0,0
849,849,0,0.0,0,0,0,0,0,0,0,0,0,0,0
1717,1717,0,0.0,0,0,0,0,0,0,0,0,1,0,0
1453,1453,0,0.0,0,0,0,0,0,0,0,0,0,0,0
33737,33737,0,0.0,0,0,0,0,10,0,2,0,1,4,0
890,890,0,0.0,0,0,0,0,0,0,0,0,0,0,0
4871,4871,0,0.0,0,0,0,0,1,0,0,2,0,0,0
672,672,0,0.0,0,0,0,0,0,0,0,0,0,0,0
1930,1930,0,0.0,0,0,0,0,0,0,0,0,0,1,0
801,801,0,0.0,0,0,0,0,0,0,0,0,0,0,0
1263,1263,0,0.0,0,0,0,0,0,0,0,0,0,0,0
1503,1503,0,0.0,0,0,0,0,0,0,0,0,0,0,0
1215,1215,0,0.0,0,0,0,0,0,0,0,0,0,0,0
438,438,0,0.0,0,0,0,0,0,0,0,0,0,0,0
9599,9599,0,0.0,0,0,0,0,1,0,0,0,0,0,0
770,770,0,0.0,0,0,0,0,0,0,0,0,0,0,0
1076,1076,0,0.0,0,0,0,0,0,0,0,0,0,0,0
565,565,0,0.0,0,0,0,0,0,0,0,0,0,0,0
1491,1491,0,0.0,0,0,0,0,0,0,0,0,0,0,0
506,506,0,0.0,0,0,0,0,0,0,0,0,0,0,0
356,356,0,0.0,0,0,0,0,0,0,0,0,0,0,0
322,322,0,0.0,0,0,0,0,0,0,0,0,0,0,0
529,529,0,0.0,0,0,0,0,0,0,0,0,0,0,0
669,669,0,0.0,0,0,0,0,0,0,0,0,0,0,0
0,0,0,0.0,0,0,0,0,0,0,0,0,0,0,0
1958,1958,0,0.0,0,0,0,0,0,0,0,0,0,0,0
742,742,0,0.0,0,0,0,0,0,0,0,0,0,1,0
1488,1488,0,0.0,0,0,0,0,0,0,0,0,0,1,0
1087,1087,0,0.0,0,0,0,0,0,0,0,0,0,0,0
1267,1267,0,0.0,0,0,0,0,0,0,0,0,0,0,0
2764,2764,0,0.0,0,0,0,0,0,0,0,0,0,0,0
402,402,0,0.0,0,0,0,0,0,0,0,0,0,0,0
963,963,0,0.0,0,0,0,0,0,0,0,0,0,0,0
1822,1822,0,0.0,0,0,0,0,0,0,1,1,0,0,0
13332,13332,0,0.0,0,0,0,0,1,0,0,1,1,0,0
293,293,0,0.0,0,0,0,0,0,0,0,0,0,0,0
1588,1588,0,0.0,0,0,0,0,0,0,0,0,0,1,0
406,406,0,0.0,0,0,0,0,0,0,0,0,0,0,0
1172,1172,0,0.0,0,0,0,0,0,0,0,0,0,1,0
6588,6588,0,0.0,0,0,0,0,2,0,0,2,2,0,0
1100,1100,0,0.0,0,0,0,0,1,0,0,0,0,0,0
1414,1414,0,0.0,0,0,0,0,0,0,0,0,0,0,0
663,663,0,0.0,0,0,0,0,0,0,0,0,1,0,0
933,933,0,0.0,0,0,0,0,0,0,0,0,0,0,0
1033,1033,0,0.0,0,0,0,0,0,0,0,0,0,0,0
7926,7926,0,0.0,0,0,0,0,1,0,0,3,1,0,0
725,725,0,0.0,0,0,0,0,0,0,0,0,1,0,0
1475,1475,0,0.0,0,0,0,0,0,0,0,0,0,0,0
386,386,0,0.0,0,0,0,0,0,0,0,0,0,0,0
1403,1403,0,0.0,0,0,0,0,0,0,1,0,0,0,0
1066,1066,0,0.0,0,0,0,0,0,0,0,0,0,0,0
1435,1435,0,0.0,0,0,0,0,0,0,0,0,0,0,0
2039,2039,0,0.0,0,0,0,0,0,0,0,0,1,0,0
946,946,0,0.0,0,0,0,0,0,0,0,0,0,0,0
474,474,0,0.0,0,0,0,0,0,0,0,0,0,0,0
7012,7012,0,0.0,0,0,0,0,0,0,1,0,0,0,0
1604,1604,0,0.0,0,0,0,0,0,0,0,0,0,1,0
757,757,0,0.0,0,0,0,0,0,0,0,0,0,0,0
1108,1108,0,0.0,0,0,0,0,0,0,0,1,0,0,0
701,701,0,0.0,0,0,0,0,0,0,0,0,0,0,0
717,717,0,0.0,0,0,0,0,0,0,0,0,0,0,0
568,568,0,0.0,0,0,0,0,0,0,0,1,0,0,0
2117,2117,0,0.0,0,0,0,0,0,0,0,0,0,0,0
1195,1195,0,0.0,0,0,0,0,0,0,0,0,0,0,0
1610,1610,0,0.0,0,0,0,0,0,0,0,0,0,0,0
1081,1081,0,0.0,0,0,0,0,0,0,0,0,0,0,0
456,456,0,0.0,0,0,0,0,0,0,0,0,0,0,0
1334,1334,0,0.0,0,0,0,0,0,0,0,0,0,1,0
748,748,0,0.0,0,0,0,0,0,0,0,0,0,0,0
4504,4504,0,0.0,0,0,0,0,0,0,0,2,1,0,0
659,659,0,0.0,0,0,0,0,0,0,0,0,0,0,0
1123,1123,0,0.0,0,0,0,0,0,0,0,0,0,0,0
673,673,0,0.0,0,0,0,0,0,1,0,0,0,0,0
1235,1235,0,0.0,0,0,0,0,0,0,0,0,0,0,0
1893,1893,0,0.0,0,0,0,0,0,0,0,0,0,1,0
923,923,0,0.0,0,0,0,0,0,0,0,1,0,0,0
2695,2695,0,0.0,0,0,0,0,0,0,0,0,0,0,0
305,305,0,0.0,0,0,0,0,0,0,0,0,0,0,0
1231,1231,0,0.0,0,0,0,0,0,0,0,0,0,0,0
1794,1794,0,0.0,0,0,0,0,0,0,0,0,0,0,0
461,461,0,0.0,0,0,0,0,0,0,0,0,0,0,0
1252,1252,0,0.0,0,0,0,0,0,0,0,1,0,0,0
665,665,0,0.0,0,0,0,0,0,0,0,0,0,0,0
934,934,0,0.0,0,0,0,0,0,0,0,0,0,0,0
905,905,0,0.0,0,0,0,0,0,0,0,0,0,1,0
983,983,0,0.0,0,0,0,0,0,0,0,0,0,0,0
1182,1182,0,0.0,0,0,0,0,0,0,0,0,0,0,0
450,450,0,0.0,0,0,0,0,1,0,0,0,0,0,0
1062,1062,0,0.0,0,0,0,0,0,0,0,0,0,0,0
1001,1001,0,0.0,0,0,0,0,0,0,0,1,0,0,0
2533,2533,0,0.0,0,0,0,0,0,0,0,0,0,0,0
3602,3602,0,0.0,0,0,0,0,2,0,0,2,0,0,0
1087,1087,0,0.0,0,0,0,0,0,0,0,1,0,0,0
598,598,0,0.0,0,0,0,0,0,0,0,0,0,0,0
6304,6304,0,0.0,0,0,0,0,4,0,1,0,1,0,0
1440,1440,0,0.0,0,0,0,0,0,0,0,0,0,0,0
313,313,0,0.0,0,0,0,0,0,0,0,0,0,0,0
897,897,0,0.0,0,0,0,0,0,0,0,0,1,0,0
1034,1034,0,0.0,0,0,0,0,0,0,0,0,0,0,0
1697,1697,0,0.0,0,0,0,0,0,0,0,0,0,0,0
3968,3968,0,0.0,0,0,0,0,0,0,1,0,2,1,0
555,555,0,0.0,0,0,0,0,0,0,0,0,0,0,0
1371,1371,0,0.0,0,0,0,0,0,0,0,0,0,0,0
857,857,0,0.0,0,0,0,0,0,0,0,0,0,0,0
273,273,0,0.0,0,0,0,0,0,0,0,0,0,0,0
2937,2937,0,0.0,0,0,0,0,0,0,0,0,0,0,0
721,721,0,0.0,0,0,0,0,0,0,0,0,0,0,0
928,928,0,0.0,0,0,0,0,0,0,0,0,0,0,0
861,861,0,0.0,0,0,0,0,0,0,0,0,0,0,0
483,1887,5,0.0,0,0,0,0,0,1,0,0,0,0,0
1286,1286,0,0.0,0,0,0,0,0,0,0,0,0,0,0
1469,1469,0,0.0,0,0,0,0,0,0,0,0,0,1,0
889,889,0,0.0,0,0,0,0,0,0,0,0,0,0,0
2837,2837,0,0.0,0,0,0,0,0,0,0,0,0,0,0
1399,1399,0,0.0,0,0,0,0,0,0,0,0,0,0,0
731,731,0,0.0,0,0,0,0,0,0,0,0,0,0,0
474,474,0,0.0,0,0,0,0,0,0,0,0,1,0,0
483,483,0,0.0,0,0,0,0,0,0,0,0,0,0,0
2166,2166,0,0.0,0,0,0,0,0,0,0,0,0,0,0
1875,1875,0,0.0,0,0,0,0,0,0,0,0,0,0,0
4491,4491,0,0.0,0,0,0,0,1,0,0,0,0,0,0
2057,2057,0,0.0,0,0,0,0,0,0,0,0,0,2,0
2286,2286,0,0.0,0,0,0,0,0,1,0,1,1,0,0
7855,7855,0,0.0,0,0,0,0,22,0,0,1,2,0,0
1153,1153,0,0.0,0,0,0,0,0,0,1,0,0,0,0
977,977,0,0.0,0,0,0,0,0,0,0,0,0,0,0
875,875,0,0.0,0,0,0,0,0,0,0,0,0,0,0
2107,2107,0,0.0,0,0,0,0,0,1,0,0,0,1,0
1200,1200,0,0.0,0,0,0,0,0,0,0,0,0,0,0
6252,6252,0,0.0,0,0,0,0,0,0,0,0,0,0,0
1152,1152,0,0.0,0,0,0,0,0,0,0,0,0,0,0
2130,2130,0,0.0,0,0,0,0,0,0,0,0,0,0,0
1463,1463,0,0.0,0,0,0,0,1,0,0,0,0,0,0
2070,2070,0,0.0,0,0,0,0,0,0,0,0,0,0,0
3690,3690,0,0.0,0,0,0,0,0,0,0,0,0,2,0
2427,2427,0,0.0,0,0,0,0,0,0,0,0,1,0,0
539,539,0,0.0,0,0,0,0,1,0,0,0,0,1,0
1005,1005,0,0.0,0,0,0,0,0,0,0,0,0,1,0
754,754,0,0.0,0,0,0,0,0,0,0,0,0,0,0
1115,1115,0,0.0,0,0,0,0,0,0,0,0,0,0,0
1084,1084,0,0.0,0,0,0,0,0,0,0,0,1,0,0
1644,1644,0,0.0,0,0,0,0,0,0,0,0,0,0,0
326,326,0,0.0,0,0,0,0,0,0,0,0,0,0,0
823,823,0,0.0,0,0,0,0,0,0,0,0,0,0,0
451,451,0,0.0,0,0,0,0,0,0,0,0,0,0,0
379,379,0,0.0,0,0,0,0,0,0,0,0,0,0,0
1093,1093,0,0.0,0,0,0,0,0,0,0,0,0,0,0
2411,2411,0,0.0,0,0,0,0,0,0,0,0,0,0,0
2394,2394,0,0.0,0,0,0,0,0,0,0,0,0,0,0
1337,1337,0,0.0,0,0,0,0,0,0,0,0,0,1,0
1242,1242,0,0.0,0,0,0,0,0,0,0,0,0,0,0
514,514,0,0.0,0,0,0,0,0,0,0,0,0,0,0
405,405,0,0.0,0,0,0,0,0,0,0,0,0,0,0
750,750,0,0.0,0,0,0,0,0,0,0,0,0,1,0
902,902,0,0.0,0,0,0,0,0,0,0,0,0,1,0
1168,1168,0,0.0,0,0,0,0,0,0,0,0,0,0,0
1350,1350,0,0.0,0,0,0,0,0,0,0,0,0,0,0
305,305,0,0.0,0,0,0,0,0,0,0,0,0,0,0
781,781,0,0.0,0,0,0,0,0,0,0,0,0,0,0
954,954,0,0.0,0,0,0,0,0,0,0,0,0,1,0
610,610,0,0.0,0,0,0,0,0,0,0,0,0,0,0
3326,3326,0,0.0,0,0,0,0,0,0,0,0,0,0,0
921,921,0,0.0,0,0,0,0,0,0,0,0,0,0,0
1051,1051,0,0.0,0,0,0,0,0,0,0,0,0,0,0
3606,3606,0,0.0,0,0,0,0,1,0,0,0,1,0,0
2593,2593,0,0.0,0,0,0,0,0,0,0,0,0,0,0
1266,1266,0,0.0,0,0,0,0,0,0,0,0,0,0,0
289,289,0,0.0,0,0,0,0,0,0,0,0,0,0,0
1038,1038,0,0.0,0,0,0,0,0,0,0,0,0,0,0
2411,2411,0,0.0,0,0,0,0,1,1,0,0,2,0,0
89392,89392,0,0.0,0,0,0,0,6,0,1,1,2,4,0
1250,1250,0,0.0,0,0,0,0,0,0,0,0,0,0,0
2109,2109,0,0.0,0,0,0,0,0,0,0,0,0,0,0
961,961,0,0.0,0,0,0,0,0,0,0,0,0,1,0
461,461,0,0.0,0,0,0,0,0,0,0,0,1,0,0
3906,3906,0,0.0,0,0,0,0,2,0,0,0,0,0,0
615,615,0,0.0,0,0,0,0,0,0,0,0,0,0,0
773,773,0,0.0,0,0,0,0,0,0,0,0,1,0,0
0,234,1,0.0,0,1,0,0,0,0,0,0,0,0,0
1188,1188,0,0.0,0,0,0,0,0,0,0,0,2,0,0
599,599,0,0.0,0,0,0,0,0,0,0,0,0,0,0
1850,1850,0,0.0,0,0,0,0,0,0,0,0,0,0,0
779,779,0,0.0,0,0,0,0,0,0,0,0,0,0,0
1205,1205,0,0.0,0,0,0,0,0,0,0,0,0,0,0
796,796,0,0.0,0,0,0,0,0,0,0,0,0,0,0
6337,6337,0,0.0,0,0,0,0,0,0,0,1,0,0,0
2518,2518,0,0.0,0,0,0,0,0,0,0,0,0,1,0
863,863,0,0.0,0,0,0,0,0,0,0,0,1,0,0
1555,1555,0,0.0,0,0,0,0,0,0,0,0,0,1,0
1576,1576,0,0.0,0,0,0,0,0,0,0,0,0,0,0
3148,3148,0,0.0,0,0,0,0,0,0,0,0,0,0,0
616,616,0,0.0,0,0,0,0,0,0,1,0,0,0,0
116,116,0,0.0,0,0,0,0,0,0,0,0,0,0,0
1328,1328,0,0.0,0,0,0,0,0,0,0,2,0,0,0
520,520,0,0.0,0,0,0,0,0,0,0,0,0,0,0
967,967,0,0.0,0,0,0,0,3,0,0,1,1,0,0
1043,1043,0,0.0,0,0,0,0,0,0,0,0,0,0,0
847,847,0,0.0,0,0,0,0,0,0,0,0,0,0,0
1119,1119,0,0.0,0,0,0,0,0,0,0,0,0,0,0
286,286,0,0.0,0,0,0,0,0,0,0,0,0,0,0
701,701,0,0.0,0,0,0,0,0,0,0,0,0,0,0
1658,1658,0,0.0,0,0,0,0,0,0,0,0,0,0,0
488,488,0,0.0,0,0,0,0,0,0,0,0,0,0,0
6579,6579,0,0.0,0,0,0,0,0,0,0,0,1,0,0
4898,4898,0,0.0,0,0,0,0,0,0,0,0,0,0,0
1885,1885,0,0.0,0,0,0,0,0,0,0,0,0,0,0
1722,1722,0,0.0,0,0,0,0,0,0,0,0,3,0,0
472,472,0,0.0,0,0,0,0,0,0,0,0,1,0,0
1117,1117,0,0.0,0,0,0,0,0,0,0,0,0,0,0
498,498,0,0.0,0,0,0,0,0,0,0,0,0,0,0
839,839,0,0.0,0,0,0,0,0,0,0,0,0,0,0
572,572,0,0.0,0,0,0,0,0,0,0,0,0,0,0
326,326,0,0.0,0,0,0,0,0,0,0,0,0,0,0
464,464,0,0.0,0,0,0,0,0,0,0,0,0,0,0
1071,1071,0,0.0,0,0,0,0,0,0,0,0,0,0,0
495,495,0,0.0,0,0,0,0,0,0,0,0,0,0,0
1767,1767,0,0.0,0,0,0,0,0,0,0,1,0,0,0
3573,3573,0,0.0,0,0,0,0,0,0,0,1,1,0,0
457,457,0,0.0,0,0,0,0,0,0,0,0,0,0,0
879,879,0,0.0,0,0,0,0,0,0,0,0,0,0,0
467,467,0,0.0,0,0,0,0,0,0,0,0,0,0,0
1352,1352,0,0.0,0,0,0,0,0,0,0,0,0,0,0
863,863,0,0.0,0,0,0,0,0,0,0,0,0,0,0
699,699,0,0.0,0,0,0,0,0,0,0,0,0,0,0
1326,1326,0,0.0,0,0,0,0,0,0,0,0,0,0,0
1585,1585,0,0.0,0,0,0,0,0,0,0,0,0,0,0
1973,1973,0,0.0,0,0,0,0,0,0,0,0,0,0,0
2430,2430,0,0.0,0,0,0,0,0,0,1,1,0,0,0
1741,1741,0,0.0,0,0,0,0,0,0,0,0,0,0,0
838,838,0,0.0,0,0,0,0,2,1,0,0,1,0,0
711,711,0,0.0,0,0,0,0,0,0,0,0,0,0,0
983,983,0,0.0,0,0,0,0,0,0,0,0,0,0,0
153,153,0,0.0,0,0,0,0,0,0,0,0,0,0,0
199,199,0,0.0,0,0,0,0,0,0,0,0,0,0,0
993,993,0,0.0,0,0,0,0,0,0,0,0,0,0,0
1011,1011,0,0.0,0,0,0,0,0,0,0,0,0,0,0
1534,1534,0,0.0,0,0,0,0,0,0,0,0,0,0,0
211,211,0,0.0,0,0,0,0,0,0,0,0,0,0,0
1080,1080,0,0.0,0,0,0,0,0,0,0,0,0,0,0
559,559,0,0.0,0,0,0,0,0,0,0,0,0,0,0
3190,3190,0,0.0,0,0,0,0,0,0,0,1,0,0,0
3557,3557,0,0.0,0,0,0,0,1,0,0,1,0,0,0
821,821,0,0.0,0,0,0,0,0,0,0,0,0,0,0
1480,1480,0,0.0,0,0,0,0,0,0,0,0,1,0,0
1496,1496,0,0.0,0,0,0,0,0,0,0,0,0,0,0
18025,18025,0,0.0,0,0,0,0,0,0,0,0,1,0,0
1140,1140,0,0.0,0,0,0,0,0,0,0,0,0,0,0
2544,2544,0,0.0,0,0,0,0,0,0,0,0,0,0,0
1498,1498,0,0.0,0,0,0,0,2,0,0,2,0,0,0
23001,23001,0,0.0,0,0,0,0,1,0,1,2,3,0,0
1060,1060,0,0.0,0,0,0,0,0,0,0,0,0,0,0
924,924,0,0.0,0,0,0,0,0,0,0,0,0,0,0
1225,1225,0,0.0,0,0,0,0,0,0,0,0,0,0,0
2651,2651,0,0.0,0,0,0,0,0,0,0,0,0,0,0
529,529,0,0.0,0,0,0,0,0,0,0,0,0,0,0
6965,6965,0,0.0,0,0,0,0,0,0,1,0,0,1,0
1365,1365,0,0.0,0,0,0,0,0,0,0,0,0,0,0
2195,2195,0,0.0,0,0,0,0,0,0,0,0,0,0,0
641,641,0,0.0,0,0,0,0,0,0,0,0,0,0,0
297,297,0,0.0,0,0,0,0,0,0,0,0,0,0,0
376,376,0,0.0,0,0,0,0,0,0,0,0,0,0,0
456,456,0,0.0,0,0,0,0,0,0,0,0,0,0,0
2310,2310,0,0.0,0,0,0,0,0,0,0,1,0,1,0
706,706,0,0.0,0,0,0,0,0,0,0,0,0,0,0
1574,1574,0,0.0,0,0,0,0,0,0,0,0,0,0,0
941,941,0,0.0,0,0,0,0,0,0,0,0,0,0,0
1082,1082,0,0.0,0,0,0,0,0,0,2,0,0,0,0
562,562,0,0.0,0,0,0,0,0,0,0,0,0,0,0
10339,10339,0,0.0,0,0,0,0,0,0,1,2,1,0,0
304,304,0,0.0,0,0,0,0,0,0,0,0,0,0,0
3322,3322,0,0.0,0,0,0,0,1,1,0,0,1,0,0
3118,3118,0,0.0,0,0,0,0,0,1,0,0,0,1,0
943,943,0,0.0,0,0,0,0,0,0,0,0,0,0,0
2654,2654,0,0.0,0,0,0,0,0,0,0,0,0,0,0
1277,1277,0,0.0,0,0,0,0,0,0,0,0,0,0,0
1793,1793,0,0.0,0,0,0,0,0,0,0,0,0,0,0
16591,16591,0,0.0,0,0,0,0,1,0,2,4,2,0,0
1023,1023,0,0.0,0,0,0,0,0,0,0,0,0,0,0
1379,1379,0,0.0,0,0,0,0,0,0,0,0,0,0,0
780,780,0,0.0,0,0,0,0,0,0,0,0,0,0,0
1247,1247,0,0.0,0,0,0,0,0,0,0,0,0,0,0
534,534,0,0.0,0,0,0,0,0,0,0,0,0,0,0
1270,1270,0,0.0,0,0,0,0,0,0,0,0,0,1,0
2099,2099,0,0.0,0,0,0,0,0,0,0,0,0,0,0
289,289,0,0.0,0,0,0,0,0,0,0,0,0,0,0
1172,1172,0,0.0,0,0,0,0,0,0,0,0,0,0,0
120,120,0,0.0,0,0,0,0,0,0,0,0,0,0,0
2625,2625,0,0.0,0,0,0,0,0,0,0,0,2,0,0
478,478,0,0.0,0,0,0,0,0,0,0,0,0,0,0
1062,1062,0,0.0,0,0,0,0,0,0,0,0,0,0,0
2392,2392,0,0.0,0,0,0,0,0,0,0,0,0,0,0
1178,1178,0,0.0,0,0,0,0,0,0,0,0,0,0,0
1566,1566,0,0.0,0,0,0,0,0,0,0,1,1,0,0
872,872,0,0.0,0,0,0,0,0,0,0,0,0,0,0
664,664,0,0.0,0,0,0,0,0,0,0,0,0,0,0
425,425,0,0.0,0,0,0,0,0,0,0,0,0,0,0
601,601,0,0.0,0,0,0,0,0,0,0,0,0,0,0
310,310,0,0.0,0,0,0,0,0,0,0,0,0,0,0
1632,1632,0,0.0,0,0,0,0,0,0,0,0,1,0,0
717,717,0,0.0,0,0,0,0,0,0,0,0,1,0,0
535,535,0,0.0,0,0,0,0,0,0,0,0,0,0,0
800,800,0,0.0,0,0,0,0,0,0,0,0,0,0,0
4026,4026,0,0.0,0,0,0,0,0,0,0,0,0,1,0
1186,1186,0,0.0,0,0,0,0,0,0,0,0,0,0,0
853,853,0,0.0,0,0,0,0,0,0,0,0,0,0,0
1524,1524,0,0.0,0,0,0,0,0,0,0,0,0,0,0
749,749,0,0.0,0,0,0,0,0,0,0,0,0,0,0
1188,1188,0,0.0,0,0,0,0,0,0,0,0,0,0,0
213,213,0,0.0,0,0,0,0,0,0,0,0,0,0,0
1498,1498,0,0.0,0,0,0,0,0,0,0,0,0,1,0
1053,1053,0,0.0,0,0,0,0,0,0,0,0,0,0,0
383,383,0,0.0,0,0,0,0,0,0,0,0,0,0,0
841,841,0,0.0,0,0,0,0,0,0,0,0,1,0,0
106,106,0,0.0,0,0,0,0,0,0,0,0,0,0,0
1257,1257,0,0.0,0,0,0,0,0,0,0,0,0,0,0
891,891,0,0.0,0,0,0,0,0,0,0,0,0,0,0
2102,2102,0,0.0,0,0,0,0,0,0,0,0,0,0,0
2558,2558,0,0.0,0,0,0,0,0,0,0,1,0,0,0
374,374,0,0.0,0,0,0,0,0,0,0,0,0,0,0
2026,2026,0,0.0,0,0,0,0,0,0,1,0,1,0,0
590,590,0,0.0,0,0,0,0,0,0,0,0,0,0,0
724,724,0,0.0,0,0,0,0,0,0,0,0,0,0,0
1722,1722,0,0.0,0,0,0,0,0,0,0,0,0,1,0
1840,1840,0,0.0,0,0,0,0,0,0,0,0,0,0,0
1173,1173,0,0.0,0,0,0,0,0,0,0,0,0,0,0
285,285,0,0.0,0,0,0,0,0,0,0,0,0,0,0
331,331,0,0.0,0,0,0,0,0,0,0,0,0,0,0
1000,1000,0,0.0,0,0,0,0,0,0,0,0,1,0,0
766,766,0,0.0,0,0,0,0,0,0,0,0,0,0,0
269,269,0,0.0,0,0,0,0,0,0,0,0,0,0,0
743,743,0,0.0,0,0,0,0,0,0,0,0,0,0,0
1018,1018,0,0.0,0,0,0,0,0,0,0,0,0,0,0
2036,2036,0,0.0,0,0,0,0,0,0,0,0,0,0,0
820,820,0,0.0,0,0,0,0,0,0,0,0,0,0,0
777,777,0,0.0,0,0,0,0,0,0,0,0,0,1,0
354,354,0,0.0,0,0,0,0,0,0,0,0,0,0,0
1769,1769,0,0.0,0,0,0,0,0,0,0,1,0,1,0
783,783,0,0.0,0,0,0,0,0,0,0,0,0,0,0
565,565,0,0.0,0,0,0,0,0,0,0,0,0,0,0
1867,1867,0,0.0,0,0,0,0,0,0,0,0,0,0,0
2059,2059,0,0.0,0,0,0,0,0,0,0,0,0,1,0
397,397,0,0.0,0,0,0,0,0,0,0,0,0,0,0
520,520,0,0.0,0,0,0,0,0,0,0,0,0,0,0
791,791,0,0.0,0,0,0,0,0,0,0,0,0,0,0
818,818,0,0.0,0,0,0,0,0,0,0,0,0,0,0
707,707,0,0.0,0,0,0,0,0,0,0,0,0,0,0
324,324,0,0.0,0,0,0,0,0,0,0,0,0,0,0
1833,1833,0,0.0,0,0,0,0,0,0,0,0,0,0,0
1738,1738,0,0.0,0,0,0,0,0,0,0,0,0,0,0
1174,1174,0,0.0,0,0,0,0,0,0,0,0,0,0,0
1973,1973,0,0.0,0,0,0,0,0,0,0,0,0,0,0
1232,1232,0,0.0,0,0,0,0,0,1,0,0,0,0,0
1668,1668,0,0.0,0,0,0,0,0,0,1,0,1,0,0
440,440,0,0.0,0,0,0,0,0,0,0,0,0,0,0
374,374,0,0.0,0,0,0,0,0,0,0,0,0,0,0
2654,2654,0,0.0,0,0,0,0,0,0,0,1,0,0,0
1066,1066,0,0.0,0,0,0,0,0,1,0,0,0,0,0
505,505,0,0.0,0,0,0,0,0,0,0,0,0,0,0
389,389,0,0.0,0,0,0,0,0,0,0,0,0,0,0
1406,1406,0,0.0,0,0,0,0,1,0,0,0,0,1,0
138,138,0,0.0,0,0,0,0,0,0,0,0,0,0,0
1160,1160,0,0.0,0,0,0,0,0,0,0,0,0,0,0
834,834,0,0.0,0,0,0,0,0,0,0,0,0,0,0
1079,1079,0,0.0,0,0,0,0,0,0,0,0,0,0,0
930,930,0,0.0,0,0,0,0,0,0,0,0,0,0,0
819,819,0,0.0,0,0,0,0,0,0,0,0,0,0,0
560,560,0,0.0,0,0,0,0,0,0,0,0,0,0,0
3972,3972,0,0.0,0,0,0,0,0,0,0,1,2,0,0
2997,2997,0,0.0,0,0,0,0,1,0,0,0,0,0,0
1599,1599,0,0.0,0,0,0,0,0,0,1,0,0,0,0
397,397,0,0.0,0,0,0,0,0,0,0,0,0,0,0
1021,1021,0,0.0,0,0,0,0,0,0,0,0,0,0,0
907,907,0,0.0,0,0,0,0,0,0,0,0,0,0,0
561,561,0,0.0,0,0,0,0,0,0,0,0,0,0,0
923,923,0,0.0,0,0,0,0,0,0,0,0,0,0,0
426,426,0,0.0,0,0,0,0,0,0,0,0,0,0,0
7301,7301,0,0.0,0,0,0,0,0,0,0,1,0,1,0
1266,1266,0,0.0,0,0,0,0,0,0,0,0,0,0,0
521,521,0,0.0,0,0,0,0,0,0,0,0,0,1,0
1205,1205,0,0.0,0,0,0,0,2,0,0,0,0,0,0
333,333,0,0.0,0,0,0,0,0,0,0,0,0,0,0
354,354,0,0.0,0,0,0,0,0,0,0,0,0,0,0
1441,1441,0,0.0,0,0,0,0,0,0,1,0,1,0,0
1029,1029,0,0.0,0,0,0,0,0,0,0,0,0,0,0
493,493,0,0.0,0,0,0,0,0,0,0,0,0,0,0
818,818,0,0.0,0,0,0,0,0,0,0,0,0,0,0
935,935,0,0.0,0,0,0,0,1,0,0,0,0,0,0
1331,1331,0,0.0,0,0,0,0,0,0,0,0,0,0,0
1412,1412,0,0.0,0,0,0,0,0,0,0,0,0,0,0
1409,1409,0,0.0,0,0,0,0,0,0,0,0,0,0,0
2180,2180,0,0.0,0,0,0,0,0,0,0,0,0,0,0
198,594,0,0.0,0,0,0,0,0,0,0,0,0,0,0
453,453,0,0.0,0,0,0,0,0,0,0,0,0,1,0
1794,1794,0,0.0,0,0,0,0,0,1,0,1,1,0,0
625,625,0,0.0,0,0,0,0,0,0,0,0,0,0,0
1223,1223,0,0.0,0,0,0,0,0,0,0,0,1,0,0
957,957,0,0.0,0,0,0,0,0,0,0,0,0,0,0
1514,1514,0,0.0,0,0,0,0,0,0,0,0,0,0,0
473,473,0,0.0,0,0,0,0,0,0,0,0,0,0,0
3761,3761,0,0.0,0,0,0,0,1,0,0,0,0,2,0
289,289,0,0.0,0,0,0,0,0,0,0,0,0,0,0
1229,1229,0,0.0,0,0,0,0,0,0,0,0,0,0,0
2044,2044,0,0.0,0,0,0,0,0,0,0,0,1,0,0
2432,2432,0,0.0,0,0,0,0,0,0,0,0,0,0,0
137,137,0,0.0,0,0,0,0,0,0,0,0,0,0,0
1205,1205,0,0.0,0,0,0,0,0,0,0,0,0,0,0
18875,18875,0,0.0,0,0,0,0,1,0,0,0,2,1,0
652,652,0,0.0,0,0,0,0,0,0,0,0,0,0,0
432,432,0,0.0,0,0,0,0,0,0,0,0,0,0,0
303,303,0,0.0,0,0,0,0,0,0,0,0,0,0,0
412,412,0,0.0,0,0,0,0,0,0,0,0,0,0,0
1115,1115,0,0.0,0,0,0,0,0,0,0,0,0,0,0
439,439,0,0.0,0,0,0,0,0,0,0,0,0,0,0
108431,108431,0,0.0,0,0,0,0,2,0,3,1,0,3,0
1631,1631,0,0.0,0,0,0,0,0,0,0,0,0,1,0
262,262,0,0.0,0,0,0,0,0,0,0,0,0,0,0
1186,1186,0,0.0,0,0,0,0,0,0,0,0,0,0,0
540,540,0,0.0,0,0,0,0,0,0,0,0,0,0,0
1312,1312,0,0.0,0,0,0,0,0,0,0,0,0,1,0
433,433,0,0.0,0,0,0,0,0,0,0,0,0,0,0
31681,31681,0,0.0,0,0,0,0,1,0,0,0,1,0,0
1901,1901,0,0.0,0,0,0,0,0,0,0,0,0,0,0
590,590,0,0.0,0,0,0,0,0,1,0,0,0,0,0
509,509,0,0.0,0,0,0,0,0,0,0,0,0,0,0
746,746,0,0.0,0,0,0,0,0,0,0,0,0,0,0
3960,3960,0,0.0,0,0,0,0,0,0,0,0,1,0,0
888,888,0,0.0,0,0,0,0,0,0,0,0,0,0,0
1495,1495,0,0.0,0,0,0,0,0,0,0,0,0,0,0
2714,2714,0,0.0,0,0,0,0,0,0,0,0,0,0,0
410,410,0,0.0,0,0,0,0,0,0,0,0,0,0,0
248,248,0,0.0,0,0,0,0,0,0,0,0,0,0,0
449,449,0,0.0,0,0,0,0,0,0,0,0,0,0,0
759,759,0,0.0,0,0,0,0,0,0,0,0,0,0,0
879,879,0,0.0,0,0,0,0,0,0,0,0,0,0,0
1952,1952,0,0.0,0,0,0,0,0,0,0,0,0,0,0
589,589,0,0.0,0,0,0,0,0,0,0,0,0,0,0
1563,1563,0,0.0,0,0,0,0,0,0,0,0,0,0,0
1305,1305,0,0.0,0,0,0,0,1,0,0,0,0,0,0
868,868,0,0.0,0,0,0,0,0,0,0,0,0,0,0
18749,18749,0,0.0,0,0,0,0,0,0,1,0,0,0,0
2291,2291,0,0.0,0,0,0,0,0,0,0,0,0,0,0
2387,2387,0,0.0,0,0,0,0,1,0,0,0,0,0,0
688,688,0,0.0,0,0,0,0,0,0,0,0,0,0,0
1009,1009,0,0.0,0,0,0,0,0,0,0,0,0,1,0
595,595,0,0.0,0,0,0,0,0,0,0,0,0,0,0
820,820,0,0.0,0,0,0,0,0,0,0,0,0,0,0
3754,3754,0,0.0,0,0,0,0,0,0,1,2,0,0,0
583,583,0,0.0,0,0,0,0,0,0,0,0,0,0,0
6340,6340,0,0.0,0,0,0,0,0,0,1,0,0,0,0
1387,1387,0,0.0,0,0,0,0,0,0,0,0,0,0,0
1113,1113,0,0.0,0,0,0,0,0,0,0,0,0,0,0
1203,1203,0,0.0,0,0,0,0,0,0,0,0,0,0,0
515,515,0,0.0,0,0,0,0,0,0,0,0,0,0,0
884,884,0,0.0,0,0,0,0,0,0,0,0,0,0,0
945,945,0,0.0,0,0,0,0,0,0,0,0,0,0,0
1924,1924,0,0.0,0,0,0,0,0,0,0,0,0,0,0
2410,2410,0,0.0,0,0,0,0,0,0,0,0,0,0,0
1402,1402,0,0.0,0,0,0,0,0,0,0,0,0,0,0
1186,1186,0,0.0,0,0,0,0,0,0,0,0,0,0,0
6800,6800,0,0.0,0,0,0,0,0,0,0,0,0,1,0
1841,1841,0,0.0,0,0,0,0,2,0,1,0,0,0,0
1189,1189,0,0.0,0,0,0,0,0,0,0,0,0,0,0
899,899,0,0.0,0,0,0,0,0,0,0,0,0,0,0
1442,1442,0,0.0,0,0,0,0,1,0,0,0,0,0,0
966,966,0,0.0,0,0,0,0,1,0,1,0,0,0,0
541,541,0,0.0,0,0,0,0,0,0,0,0,0,0,0
874,874,0,0.0,0,0,0,0,0,0,0,0,0,0,0
462,462,0,0.0,0,0,0,0,0,0,0,0,0,0,0
712,712,0,0.0,0,0,0,0,0,0,0,0,0,0,0
966,966,0,0.0,0,0,0,0,0,0,0,0,1,0,0
384,384,0,0.0,0,0,0,0,0,0,0,0,0,0,0
693,693,0,0.0,0,0,0,0,0,0,0,0,0,0,0
725,725,0,0.0,0,0,0,0,0,0,0,0,1,0,0
2829,2829,0,0.0,0,0,0,0,0,0,0,0,0,0,0
1425,1425,0,0.0,0,0,0,0,0,0,1,0,0,0,0
1298,1298,0,0.0,0,0,0,0,0,0,0,0,1,0,0
472,472,0,0.0,0,0,0,0,0,0,0,0,0,0,0
1257,1257,0,0.0,0,0,0,0,0,0,0,0,1,0,0
1005,1005,0,0.0,0,0,0,0,0,0,0,0,0,0,0
4179,4179,0,0.0,0,0,0,0,0,0,0,0,0,1,0
663,663,0,0.0,0,0,0,0,0,0,0,0,0,0,0
1052,1052,0,0.0,0,0,0,0,0,0,0,0,0,0,0
1505,1505,0,0.0,0,0,0,0,0,0,0,0,1,0,0
1248,1248,0,0.0,0,0,0,0,0,0,0,0,0,0,0
1271,1271,0,0.0,0,0,0,0,0,0,0,0,0,0,0
6614,6614,0,0.0,0,0,0,0,0,0,0,2,0,0,0
1100,1100,0,0.0,0,0,0,0,0,0,0,0,0,0,0
2146,2146,0,0.0,0,0,0,0,0,0,0,0,0,2,0
1683,1683,0,0.0,0,0,0,0,0,0,0,0,1,0,0
1730,1730,0,0.0,0,0,0,0,0,0,0,0,0,0,0
610,610,0,0.0,0,0,0,0,0,0,0,0,0,0,0
761,761,0,0.0,0,0,0,0,0,0,0,0,0,0,0
1132,1132,0,0.0,0,0,0,0,0,0,0,0,0,1,0
931,931,0,0.0,0,0,0,0,0,0,0,0,0,0,0
365,365,0,0.0,0,0,0,0,0,0,0,0,0,0,0
899,899,0,0.0,0,0,0,0,0,0,0,0,0,0,0
951,951,0,0.0,0,0,0,0,0,0,0,0,0,0,0
1273,1273,0,0.0,0,0,0,0,0,0,0,0,0,0,0
1309,1309,0,0.0,0,0,0,0,0,0,0,0,0,0,0
348,348,0,0.0,0,0,0,0,0,0,0,0,0,0,0
1517,1517,0,0.0,0,0,0,0,0,0,0,0,0,1,0
420,420,0,0.0,0,0,0,0,0,0,0,0,0,0,0
1492,1492,0,0.0,0,0,0,0,0,0,0,0,0,0,0
1159,1159,0,0.0,0,0,0,0,0,0,0,0,0,1,0
619,619,0,0.0,0,0,0,0,0,0,0,0,1,0,0
1027,1027,0,0.0,0,0,0,0,0,0,0,0,0,0,0
554,554,0,0.0,0,0,0,0,0,0,0,0,1,0,0
482,482,0,0.0,0,0,0,0,0,0,0,0,0,0,0
433,433,0,0.0,0,0,0,0,1,0,0,1,0,0,0
1087,1087,0,0.0,0,0,0,0,0,0,0,0,0,0,0
18325,18325,0,0.0,0,0,0,0,1,0,0,0,2,1,0
3287,3287,0,0.0,0,0,0,0,0,0,0,0,0,0,0
497,497,0,0.0,0,0,0,0,1,0,0,0,0,0,0
2568,2568,0,0.0,0,0,0,0,0,0,0,0,0,0,0
1545,1545,0,0.0,0,0,0,0,0,0,0,0,0,0,0
2041,2041,0,0.0,0,0,0,0,0,0,0,0,0,0,0
1260,1260,0,0.0,0,0,0,0,0,0,0,0,0,0,0
909,909,0,0.0,0,0,0,0,0,0,0,0,1,0,0
930,930,0,0.0,0,0,0,0,0,0,0,0,1,0,0
620,620,0,0.0,0,0,0,0,0,0,0,0,0,0,0
1483,1483,0,0.0,0,0,0,0,0,0,0,0,1,0,0
889,889,0,0.0,0,0,0,0,0,0,0,0,0,0,0
517,517,0,0.0,0,0,0,0,0,1,0,0,1,0,0
1894,1894,0,0.0,0,0,0,0,0,0,0,0,0,0,0
1874,1874,0,0.0,0,0,0,0,0,0,0,0,0,0,0
1949,1949,0,0.0,0,0,0,0,1,0,0,0,0,0,0
1514,1514,0,0.0,0,0,0,0,0,1,0,2,0,0,0
870,870,0,0.0,0,0,0,0,0,0,0,0,0,0,0
1369,1369,0,0.0,0,0,0,0,0,0,0,0,0,0,0
1251,1251,0,0.0,0,0,0,0,0,0,0,0,0,1,0
636,636,0,0.0,0,0,0,0,1,0,0,0,0,1,0
3384,3384,0,0.0,0,0,0,0,0,0,0,0,0,0,0
896,896,0,0.0,0,0,0,0,0,0,0,0,0,0,0
823,823,0,0.0,0,0,0,0,0,0,0,0,0,0,0
1316,1316,0,0.0,0,0,0,0,0,0,0,0,0,0,0
1767,1767,0,0.0,0,0,0,0,0,0,0,0,0,0,0
592,592,0,0.0,0,0,0,0,0,0,1,0,0,0,0
1477,1477,0,0.0,0,0,0,0,0,0,0,0,0,0,0
4296,4296,0,0.0,0,0,0,0,0,0,0,0,1,0,0
580,580,0,0.0,0,0,0,0,0,0,0,0,0,0,0
1068,1068,0,0.0,0,0,0,0,1,0,0,0,0,0,0
299,299,0,0.0,0,0,0,0,0,0,0,0,0,0,0
1048,1048,0,0.0,0,0,0,0,0,0,0,0,0,0,0
3279,3279,0,0.0,0,0,0,0,0,0,0,0,0,1,0
377,377,0,0.0,0,0,0,0,0,0,0,0,0,0,0
1162,1162,0,0.0,0,0,0,0,0,0,0,0,0,0,0
1084,1084,0,0.0,0,0,0,0,0,0,0,0,0,1,0
378,378,0,0.0,0,0,0,0,0,0,0,0,0,0,0
824,824,0,0.0,0,0,0,0,0,0,0,0,2,0,0
2870,2870,0,0.0,0,0,0,0,0,0,0,0,1,1,0
1409,1409,0,0.0,0,0,0,0,2,0,0,0,0,1,0
70,70,0,0.0,0,0,0,0,0,0,0,0,0,0,0
3664,3664,0,0.0,0,0,0,0,0,0,0,0,0,1,0
304,304,0,0.0,0,0,0,0,0,0,0,0,0,0,0
2211,2211,0,0.0,0,0,0,0,0,0,0,0,0,0,0
1080,1080,0,0.0,0,0,0,0,0,0,0,0,0,0,0
364,364,0,0.0,0,0,0,0,0,0,0,0,0,0,0
1993,1993,0,0.0,0,0,0,0,0,0,0,0,1,1,0
4294,4294,0,0.0,0,0,0,0,0,0,0,0,0,0,0
1783,1783,0,0.0,0,0,0,0,0,0,0,0,0,1,0
1547,1547,0,0.0,0,0,0,0,0,0,0,0,0,0,0
1320,1320,0,0.0,0,0,0,0,0,0,0,0,0,0,0
883,883,0,0.0,0,0,0,0,0,0,0,0,0,0,0
3380,3380,0,0.0,0,0,0,0,0,0,1,0,0,2,0
164,164,0,0.0,0,0,0,0,0,0,0,0,0,0,0
1897,1897,0,0.0,0,0,0,0,0,0,0,0,0,0,0
1108,1108,0,0.0,0,0,0,0,0,0,0,0,0,0,0
293,293,0,0.0,0,0,0,0,0,0,0,0,0,0,0
1075,1075,0,0.0,0,0,0,0,0,0,0,0,0,0,0
233,233,0,0.0,0,0,0,0,0,0,0,0,0,0,0
931,931,0,0.0,0,0,0,0,1,0,0,0,0,0,0
3168,3168,0,0.0,0,0,0,0,0,0,0,0,0,2,0
379,379,0,0.0,0,0,0,0,0,0,0,0,0,0,0
1978,1978,0,0.0,0,0,0,0,0,0,0,0,1,1,0
477,477,0,0.0,0,0,0,0,0,1,0,0,0,0,0
726,1251,0,0.0,0,0,0,0,0,0,0,0,0,0,0
885,885,0,0.0,0,0,0,0,0,0,0,1,0,0,0
1008,1008,0,0.0,0,0,0,0,0,0,0,0,0,0,0
631,631,0,0.0,0,0,0,0,0,0,0,0,0,0,0
1204,1204,0,0.0,0,0,0,0,0,0,0,0,0,0,0
590,590,0,0.0,0,0,0,0,0,1,0,0,0,0,0
222,222,0,0.0,0,0,0,0,0,0,0,0,0,0,0
1507,1507,0,0.0,0,0,0,0,0,0,0,0,0,0,0
7837,7837,0,0.0,0,0,0,0,0,0,0,0,0,1,0
2518,2518,0,0.0,0,0,0,0,0,0,0,0,0,0,0
2569,2569,0,0.0,0,0,0,0,1,0,1,0,0,0,0
933,933,0,0.0,0,0,0,0,0,0,0,0,0,0,0
1470,1470,0,0.0,0,0,0,0,0,0,0,0,0,0,0
2184,2184,0,0.0,0,0,0,0,0,0,0,0,0,0,0
1431,1431,0,0.0,0,0,0,0,0,0,0,0,0,0,0
3424,3424,0,0.0,0,0,0,0,0,0,0,0,1,0,0
677,677,0,0.0,0,0,0,0,0,0,0,0,0,0,0
1122,1122,0,0.0,0,0,0,0,0,0,0,0,0,0,0
236,236,0,0.0,0,0,0,0,0,0,0,0,0,0,0
531,531,0,0.0,0,0,0,0,1,0,0,0,0,0,0
1170,1170,0,0.0,0,0,0,0,0,0,0,0,0,0,0
1043,1043,0,0.0,0,0,0,0,2,0,0,0,0,0,0
1714,1714,0,0.0,0,0,0,0,0,0,0,0,0,0,0
1054,1054,0,0.0,0,0,0,0,0,0,1,0,0,0,0
1338,1338,0,0.0,0,0,0,0,0,0,0,0,0,0,0
679,679,0,0.0,0,0,0,0,0,0,0,0,0,1,0
1408,1408,0,0.0,0,0,0,0,0,0,0,0,0,0,0
18024,18024,0,0.0,0,0,0,0,0,0,0,1,1,0,0
1674,1674,0,0.0,0,0,0,0,0,0,0,0,0,1,0
3194,3194,0,0.0,0,0,0,0,0,0,0,1,0,0,0
1540,1540,0,0.0,0,0,0,0,0,0,0,0,0,0,0
321,321,0,0.0,0,0,0,0,0,0,0,0,0,0,0
3028,3303,1,0.0,0,1,0,0,0,0,0,0,0,0,0
2664,2664,0,0.0,0,0,0,0,0,0,0,0,0,0,0
336,336,0,0.0,0,0,0,0,0,0,0,0,0,1,0
840,840,0,0.0,0,0,0,0,0,0,0,0,0,0,0
751,751,0,0.0,0,0,0,0,0,0,0,0,0,0,0
979,979,0,0.0,0,0,0,0,0,0,0,0,0,0,0
624,624,0,0.0,0,0,0,0,0,0,0,0,0,0,0
2497,2497,0,0.0,0,0,0,0,0,0,0,0,0,0,0
778,778,0,0.0,0,0,0,0,0,0,0,0,0,0,0
861,861,0,0.0,0,0,0,0,0,0,0,0,0,0,0
1671,1671,0,0.0,0,0,0,0,0,0,0,0,0,0,0
1017,1017,0,0.0,0,0,0,0,0,1,0,0,0,0,0
1458,1458,0,0.0,0,0,0,0,0,0,0,0,0,0,0
1309,1309,0,0.0,0,0,0,0,0,0,0,0,0,0,0
120,120,0,0.0,0,0,0,0,0,0,0,0,0,0,0
3111,3111,0,0.0,0,0,0,0,0,0,0,0,0,0,0
2069,2069,0,0.0,0,0,0,0,1,0,0,0,0,2,0
522,522,0,0.0,0,0,0,0,0,0,0,0,0,0,0
804,804,0,0.0,0,0,0,0,0,0,0,0,0,0,0
3514,3514,0,0.0,0,0,0,0,0,0,0,1,0,1,0
355,355,0,0.0,0,0,0,0,0,0,0,1,0,1,0
1524,1524,0,0.0,0,0,0,0,0,0,0,0,0,0,0
828,828,0,0.0,0,0,0,0,0,0,1,0,0,0,0
1388,1388,0,0.0,0,0,0,0,0,0,0,0,1,0,0
428,428,0,0.0,0,0,0,0,0,0,0,0,0,0,0
1046,1046,0,0.0,0,0,0,0,0,0,0,0,1,0,0
323,323,0,0.0,0,0,0,0,0,0,0,0,0,0,0
1139,1139,0,0.0,0,0,0,0,0,0,0,0,1,0,0
1643,1643,0,0.0,0,0,0,0,0,0,0,0,0,0,0
7477,7477,0,0.0,0,0,0,0,0,0,1,0,0,1,0
700,700,0,0.0,0,0,0,0,0,0,0,0,0,0,0
396,396,0,0.0,0,0,0,0,0,0,0,0,0,0,0
2752,2752,0,0.0,0,0,0,0,0,0,0,0,0,0,0
4541,4541,0,0.0,0,0,0,0,0,0,0,1,0,0,0
1782,1782,0,0.0,0,0,0,0,0,0,0,0,0,0,0
319,319,0,0.0,0,0,0,0,0,0,0,0,0,0,0
3055,3055,0,0.0,0,0,0,0,2,0,0,0,0,0,0
1071,1071,0,0.0,0,0,0,0,0,0,0,0,0,1,0
793,793,0,0.0,0,0,0,0,1,0,0,0,0,1,0
698,698,0,0.0,0,0,0,0,0,0,0,0,0,0,0
658,658,0,0.0,0,0,0,0,1,0,0,0,0,0,0
1182,1182,0,0.0,0,0,0,0,0,0,0,0,0,1,0
3781,3781,0,0.0,0,0,0,0,0,0,0,1,0,0,0
1005,1005,0,0.0,0,0,0,0,0,0,0,0,0,0,0
551,551,0,0.0,0,0,0,0,0,0,0,0,0,0,0
2671,2671,0,0.0,0,0,0,0,0,0,0,0,0,1,0
3260,3260,0,0.0,0,0,0,0,0,0,0,1,0,0,0
541,541,0,0.0,0,0,0,0,0,0,0,0,0,0,0
2597,2597,0,0.0,0,0,0,0,0,0,0,0,1,0,0
1717,1717,0,0.0,0,0,0,0,0,0,0,0,0,0,0
758,758,0,0.0,0,0,0,0,0,0,0,0,0,0,0
1070,1070,0,0.0,0,0,0,0,0,0,0,1,0,0,0
469,469,0,0.0,0,0,0,0,0,0,0,0,0,0,0
1049,1049,0,0.0,0,0,0,0,0,0,0,0,0,0,0
215,215,0,0.0,0,0,0,0,0,0,0,0,0,0,0
779,779,0,0.0,0,0,0,0,0,0,0,0,0,0,0
1199,1199,0,0.0,0,0,0,0,0,0,0,0,0,0,0
3541,3541,0,0.0,0,0,0,0,1,0,0,0,0,0,0
855,855,0,0.0,0,0,0,0,0,0,0,0,1,0,0
2442,2442,0,0.0,0,0,0,0,0,0,0,0,0,0,0
3418,3418,0,0.0,0,0,0,0,0,0,0,0,0,0,0
730,730,0,0.0,0,0,0,0,0,0,0,1,0,0,0
1486,1486,0,0.0,0,0,0,0,0,0,0,1,0,0,0
474,474,0,0.0,0,0,0,0,0,0,0,0,0,0,0
871,871,0,0.0,0,0,0,0,0,0,0,0,0,0,0
465,465,0,0.0,0,0,0,0,0,0,0,0,0,0,0
362,362,0,0.0,0,0,0,0,0,0,0,0,0,0,0
939,939,0,0.0,0,0,0,0,0,0,0,0,0,0,0
873,873,0,0.0,0,0,0,0,0,0,0,0,0,0,0
1592,1592,0,0.0,0,0,0,0,0,0,0,1,0,0,0
453,453,0,0.0,0,0,0,0,0,0,0,0,0,0,0
748,748,0,0.0,0,0,0,0,0,0,0,0,0,0,0
441,441,0,0.0,0,0,0,0,0,0,0,0,0,0,0
707,707,0,0.0,0,0,0,0,0,0,0,0,1,0,0
1686,1686,0,0.0,0,0,0,0,0,0,0,0,0,0,0
1687,1687,0,0.0,0,0,0,0,0,0,0,0,0,0,0
606,606,0,0.0,0,0,0,0,0,0,0,0,0,0,0
1947,1947,0,0.0,0,0,0,0,1,0,0,0,1,0,0
770,770,0,0.0,0,0,0,0,0,0,0,0,0,0,0
1322,1322,0,0.0,0,0,0,0,0,0,0,0,0,0,0
750,750,0,0.0,0,0,0,0,0,0,0,0,0,0,0
2572,2572,0,0.0,0,0,0,0,0,0,1,0,0,0,0
962,962,0,0.0,0,0,0,0,0,0,0,0,0,0,0
2399,2399,0,0.0,0,0,0,0,0,0,0,1,1,0,0
491,491,0,0.0,0,0,0,0,0,0,0,0,0,0,0
2608,2608,0,0.0,0,0,0,0,0,0,0,0,0,0,0
2006,2006,1,0.0,0,0,0,0,0,0,0,0,0,0,0
1168,1168,0,0.0,0,0,0,0,0,0,0,0,0,0,0
1069,1069,0,0.0,0,0,0,0,0,0,0,0,0,0,0
631,631,0,0.0,0,0,0,0,0,0,0,0,1,0,0
542,542,0,0.0,0,0,0,0,0,0,0,1,0,0,0
1122,1122,0,0.0,0,0,0,0,0,0,0,0,1,0,0
2136,2136,0,0.0,0,0,0,0,0,0,0,0,0,0,0
644,644,0,0.0,0,0,0,0,0,0,0,0,0,0,0
410,410,0,0.0,0,0,0,0,0,0,0,0,0,0,0
667,667,0,0.0,0,0,0,0,0,0,0,0,0,0,0
451,451,0,0.0,0,0,0,0,0,0,0,0,0,0,0
1980,1980,0,0.0,0,0,0,0,0,0,0,0,0,0,0
883,883,0,0.0,0,0,0,0,1,0,0,0,0,0,0
891,891,0,0.0,0,0,0,0,0,0,0,0,0,0,0
606,606,0,0.0,0,0,0,0,0,0,0,0,0,0,0
688,688,0,0.0,0,0,0,0,0,0,0,0,0,0,0
824,824,0,0.0,0,0,0,0,0,0,0,0,2,0,0
1054,1054,0,0.0,0,0,0,0,0,0,0,0,0,0,0
653,653,0,0.0,0,0,0,0,0,0,0,0,0,0,0
1252,1252,0,0.0,0,0,0,0,2,0,1,0,0,0,0
390,390,0,0.0,0,0,0,0,0,0,0,0,0,0,0
1243,1243,0,0.0,0,0,0,0,0,0,0,0,0,0,0
2937,2937,0,0.0,0,0,0,0,0,0,1,0,0,0,0
1027,1027,0,0.0,0,0,0,0,0,0,0,0,0,0,0
723,723,0,0.0,0,0,0,0,0,0,0,0,0,0,0
926,926,0,0.0,0,0,0,0,0,0,0,1,0,1,0
1525,1525,0,0.0,0,0,0,0,0,0,0,0,0,0,0
1752,1752,0,0.0,0,0,0,0,0,0,0,0,1,0,0
313,313,0,0.0,0,0,0,0,0,0,0,0,0,0,0
883,883,0,0.0,0,0,0,0,0,0,0,0,0,0,0
371,371,0,0.0,0,0,0,0,0,0,0,0,0,0,0
82,82,0,0.0,0,0,0,0,0,0,0,0,0,0,0
663,663,0,0.0,0,0,0,0,0,0,0,0,0,0,0
392,392,0,0.0,0,0,0,0,0,0,0,0,0,0,0
2838,2838,0,0.0,0,0,0,0,0,0,0,0,0,0,0
798,798,0,0.0,0,0,0,0,0,0,0,0,0,0,0
1077,1077,0,0.0,0,0,0,0,0,0,0,0,0,0,0
3962,3962,0,0.0,0,0,0,0,0,0,0,0,0,2,0
550,550,0,0.0,0,0,0,0,0,0,0,0,0,0,0
1076,1076,0,0.0,0,0,0,0,0,0,0,0,0,0,0
2298,2298,0,0.0,0,0,0,0,0,0,0,0,0,0,0
631,631,0,0.0,0,0,0,0,0,0,0,0,0,0,0
652,652,0,0.0,0,0,0,0,0,0,0,0,0,0,0
372,372,0,0.0,0,0,0,0,0,0,0,0,0,0,0
5231,5231,0,0.0,0,0,0,0,0,0,0,0,0,0,0
668,668,0,0.0,0,0,0,0,0,0,0,0,0,0,0
514,514,0,0.0,0,0,0,0,0,0,0,0,0,0,0
827,827,0,0.0,0,0,0,0,2,0,0,0,0,0,0
375,791,0,0.0,0,0,0,0,0,0,0,0,0,0,0
892,892,0,0.0,0,0,0,0,0,0,0,0,0,0,0
963,963,0,0.0,0,0,0,0,0,0,0,0,0,1,0
1497,1497,0,0.0,0,0,0,0,0,0,0,0,0,0,0
486,486,0,0.0,0,0,0,0,0,0,0,0,1,0,0
542,542,0,0.0,0,0,0,0,0,0,0,0,1,0,0
1182,1182,0,0.0,0,0,0,0,0,0,0,0,0,0,0
1356,1356,0,0.0,0,0,0,0,0,0,0,0,0,0,0
596,596,0,0.0,0,0,0,0,0,0,0,0,0,0,0
951,951,0,0.0,0,0,0,0,0,0,0,0,0,0,0
1870,1870,0,0.0,0,0,0,0,0,0,1,0,0,0,0
2765,2765,0,0.0,0,0,0,0,0,0,0,0,0,0,0
1042,1042,0,0.0,0,0,0,0,0,0,0,0,0,0,0
1561,1561,0,0.0,0,0,0,0,0,0,0,1,0,0,0
890,890,0,0.0,0,0,0,0,0,0,0,0,0,0,0
1421,1421,0,0.0,0,0,0,0,0,0,0,0,0,1,0
1038,1038,0,0.0,0,0,0,0,1,0,0,0,0,0,0
3387,3387,0,0.0,0,0,0,0,0,0,0,1,2,0,0
911,911,0,0.0,0,0,0,0,0,0,0,0,0,0,0
404,404,0,0.0,0,0,0,0,0,0,0,0,0,0,0
1177,1177,0,0.0,0,0,0,0,0,0,0,0,0,0,0
613,613,0,0.0,0,0,0,0,0,0,0,0,0,0,0
1431,1431,0,0.0,0,0,0,0,0,0,1,0,0,0,0
344,344,0,0.0,0,0,0,0,0,0,0,0,0,0,0
1940,1940,0,0.0,0,0,0,0,0,0,0,0,0,0,0
629,629,0,0.0,0,0,0,0,0,0,0,0,0,0,0
291,291,0,0.0,0,0,0,0,0,0,0,0,0,0,0
608,608,0,0.0,0,0,0,0,0,0,0,0,1,0,0
697,697,0,0.0,0,0,0,0,0,0,0,0,0,0,0
413,413,0,0.0,0,0,0,0,0,0,0,0,0,0,0
1725,1725,0,0.0,0,0,0,0,0,0,0,1,0,0,0
986,986,0,0.0,0,0,0,0,0,0,0,0,0,0,0
721,721,0,0.0,0,0,0,0,0,0,0,0,0,0,0
1182,1182,0,0.0,0,0,0,0,1,0,0,1,0,0,0
1902,1902,0,0.0,0,0,0,0,0,0,1,0,0,0,0
3324,3324,0,0.0,0,0,0,0,0,0,0,0,0,0,0
126,126,0,0.0,0,0,0,0,0,0,0,0,0,0,0
2538,2538,0,0.0,0,0,0,0,0,0,0,0,0,0,0
770,770,0,0.0,0,0,0,0,0,0,0,0,0,0,0
471,471,0,0.0,0,0,0,0,0,0,0,0,0,0,0
2650,2650,0,0.0,0,0,0,0,0,0,0,1,0,0,0
722,722,0,0.0,0,0,0,0,0,0,0,0,0,0,0
889,889,0,0.0,0,0,0,0,0,0,0,0,0,0,0
447,447,0,0.0,0,0,0,0,0,0,0,0,0,0,0
2097,2097,0,0.0,0,0,0,0,0,0,1,0,0,0,0
1377,1377,0,0.0,0,0,0,0,0,0,0,0,0,0,0
2571,2571,0,0.0,0,0,0,0,0,0,0,0,0,1,0
216,740,2,0.0,0,0,0,0,0,0,0,0,0,0,0
754,754,0,0.0,0,0,0,0,0,0,0,0,0,0,0
743,743,0,0.0,0,0,0,0,0,0,0,0,0,0,0
611,611,0,0.0,0,0,0,0,0,0,0,0,0,0,0
1855,1855,0,0.0,0,0,0,0,0,0,0,0,0,1,0
3449,3449,0,0.0,0,0,0,0,0,0,0,1,0,1,0
1271,1271,0,0.0,0,0,0,0,0,0,0,0,1,0,0
809,809,0,0.0,0,0,0,0,0,0,0,0,1,0,0
547,547,0,0.0,0,0,0,0,0,1,0,0,0,0,0
1225,1225,0,0.0,0,0,0,0,1,0,0,0,0,0,0
905,905,0,0.0,0,0,0,0,0,0,0,0,0,0,0
1737,1737,0,0.0,0,0,0,0,0,0,0,0,0,0,0
1031,1031,0,0.0,0,0,0,0,0,0,0,0,0,0,0
1094,1094,0,0.0,0,0,0,0,0,0,0,0,0,0,0
1497,1497,0,0.0,0,0,0,0,0,0,0,0,0,0,0
922,922,0,0.0,0,0,0,0,0,0,0,0,0,1,0
247,247,0,0.0,0,0,0,0,0,0,0,0,0,0,0
381,381,0,0.0,0,0,0,0,0,0,0,0,0,0,0
1402,1402,0,0.0,0,0,0,0,0,0,0,0,0,0,0
843,843,0,0.0,0,0,0,0,0,0,0,0,0,0,0
0,30423,95,0.010526315789473684,0,56,11,6,1,0,0,1,1,2,0
1184,1184,0,0.0,0,0,0,0,0,0,0,0,0,0,0
0,19509,27,0.0,0,22,87,0,0,1,0,0,0,0,0
0,30967,45,0.0,0,45,117,0,0,0,0,1,0,2,0
1055,1055,0,0.0,0,0,0,0,0,0,0,0,0,0,0
0,2576,7,0.0,0,3,1,0,1,0,0,0,0,0,0
11149,11149,0,0.0,0,0,0,0,0,0,0,2,0,4,0
0,26707,85,0.011764705882352941,0,50,4,32,2,0,0,2,1,3,0
0,30082,93,0.010752688172043012,0,63,16,8,0,0,0,2,1,3,0
11728,35804,54,0.018518518518518517,0,43,7,10,2,0,0,2,0,1,0
0,21200,46,0.0,0,45,65,2,0,0,0,2,0,1,0
10195,18967,65,0.0,0,4,7,0,0,0,1,0,0,1,0
0,23241,51,0.0,0,50,65,2,0,0,0,1,0,1,0
0,32106,62,0.0,0,55,117,2,0,0,0,1,1,2,0
4786,4786,0,0.0,0,0,0,0,0,0,0,1,1,2,0
0,12673,16,0.0,0,16,48,0,0,0,0,0,0,0,0
7165,7165,0,0.0,0,0,0,0,2,0,0,2,0,2,0
560,4907,14,0.0,0,13,18,0,0,1,0,0,0,1,0
0,33402,62,0.0,0,55,117,2,4,0,0,3,1,2,0
0,31636,94,0.010638297872340425,0,55,14,6,1,0,1,1,0,2,0
2090,2090,0,0.0,0,0,0,0,0,1,0,0,0,1,0
0,30442,59,0.0,0,56,118,3,0,0,0,1,0,1,0
0,28522,87,0.011494252873563218,0,48,4,32,0,0,0,2,0,2,0
5668,5668,0,0.0,0,0,0,0,1,0,0,0,0,1,0
0,31910,62,0.0,0,55,117,2,2,0,0,3,0,2,0
11697,11697,0,0.0,0,0,0,0,0,0,0,0,0,0,0
4227,4227,0,0.0,0,0,0,0,1,0,0,2,0,2,0
0,28429,63,0.0,0,62,97,6,0,0,0,1,0,1,0
0,8305,3,0.0,0,2,9,0,0,0,0,0,0,1,0
0,26676,43,0.0,0,43,62,0,0,0,0,1,0,1,0
0,23944,71,0.014084507042253521,0,42,4,32,3,0,0,1,0,3,0
750,14262,4,0.0,0,4,32,0,0,0,0,0,0,0,0
7050,7050,0,0.0,0,0,0,0,0,0,0,0,2,0,0
515,19650,28,0.0,0,3,67,0,1,0,0,0,0,1,0
1084,1084,0,0.0,0,0,0,0,0,0,0,0,0,0,0
6443,6443,0,0.0,0,0,0,0,4,0,1,3,0,2,0
0,28591,93,0.021505376344086023,0,63,16,8,0,0,0,1,2,2,0
1199,1199,0,0.0,0,0,0,0,0,0,0,0,0,3,0
0,25944,55,0.0,0,54,94,6,0,0,0,2,0,2,0
0,26596,83,0.012048192771084338,0,49,5,40,0,0,0,2,0,1,0
0,31271,47,0.0,0,47,120,0,0,0,0,1,0,2,0
11399,11399,0,0.0,0,0,0,0,0,0,0,0,1,1,0
503,503,0,0.0,0,0,0,0,0,0,0,0,0,0,0
5239,5239,0,0.0,0,0,0,0,0,0,0,0,0,2,0
0,20093,28,0.0,0,23,89,0,0,1,0,0,0,0,0
0,15848,25,0.0,0,23,50,2,2,0,0,2,0,1,0
0,25218,52,0.0,0,52,74,0,0,1,0,2,0,1,0
2280,2280,0,0.0,0,0,0,0,0,0,0,0,0,0,0
0,46604,68,0.0,0,67,78,2,0,0,0,2,0,3,0
0,30529,89,0.011235955056179775,0,53,12,6,0,0,0,3,0,2,0
515,19650,28,0.0,0,3,67,0,1,0,0,0,0,1,0
194716,194716,0,0.0,0,0,0,0,0,0,0,3,3,2,0
298,1085,0,0.0,0,0,0,0,0,0,0,0,0,0,0
0,34711,74,0.013513513513513514,0,42,9,0,0,0,0,2,0,2,0
7050,7050,0,0.0,0,0,0,0,3,0,0,1,1,1,0
1936,1936,0,0.0,0,0,0,0,0,0,0,0,0,1,0
0,32104,62,0.0,0,55,117,2,4,0,0,2,2,1,0
515,19747,27,0.0,0,2,66,0,1,0,0,0,0,1,0
1092,5378,3,0.0,0,0,0,0,0,0,0,0,0,1,0
1274,1274,0,0.0,0,0,0,0,0,0,0,0,0,0,0
7480,7480,8,0.0,0,3,0,0,0,0,1,1,4,1,0
10710,33696,45,0.0,0,34,6,10,11,0,0,3,1,2,0
23923,23923,0,0.0,0,0,0,0,0,1,0,0,0,0,0
5516,12248,25,0.0,0,1,3,0,0,0,0,2,0,3,0
3269,3269,0,0.0,0,0,0,0,1,0,0,0,0,1,0
681,8460,14,0.0,0,8,13,0,0,1,0,0,0,0,0
0,34355,107,0.009345794392523364,0,69,13,0,12,0,0,3,1,2,0
8893,8893,0,0.0,0,0,0,0,4,0,0,1,0,2,0
0,31208,60,0.0,0,57,121,3,1,0,0,1,2,1,0
1007,20618,39,0.0,0,25,8,0,0,0,0,0,0,0,0
0,31449,59,0.0,0,57,118,5,0,0,0,1,0,1,0
0,24549,49,0.0,0,49,72,0,0,0,0,1,0,1,0
2379,5062,12,0.0,0,10,16,0,0,0,0,0,0,2,0
4634,25937,24,0.0,1,3,49,4,8,0,0,3,0,2,0
4503,4503,0,0.0,0,0,0,0,0,0,0,1,0,1,0
0,30112,87,0.011494252873563218,0,48,11,6,7,0,0,1,0,2,0
3447,3447,0,0.0,0,0,0,0,0,0,1,1,1,0,0
0,25565,55,0.0,0,55,79,0,0,0,0,1,0,1,0
8314,8314,0,0.0,0,0,0,0,4,0,0,2,0,2,0
6986,6986,9,0.0,0,5,0,0,0,0,0,1,2,1,0
2123,2123,0,0.0,0,0,0,0,2,0,0,0,0,0,0
515,19652,28,0.0,0,3,67,0,1,0,0,0,0,1,0
4783,4783,0,0.0,0,0,0,0,3,0,1,1,1,2,0
0,3781,4,0.0,0,3,4,0,0,0,0,0,0,0,0
2170,4272,16,0.0,0,0,0,0,0,0,0,0,0,2,0
0,9877,20,0.0,0,20,53,0,0,0,0,1,0,1,0
0,31416,97,0.010309278350515464,0,64,18,8,1,0,0,1,0,2,0
0,18919,35,0.0,0,34,34,2,1,0,0,2,2,3,0
1508,1508,0,0.0,0,0,0,0,0,0,0,0,0,0,0
8624,8624,0,0.0,0,0,0,0,0,0,0,1,0,2,0
14724,14724,0,0.0,0,0,0,0,3,0,1,1,3,1,0
0,21610,27,0.0,0,25,93,3,2,0,0,1,1,2,0
0,31813,61,0.0,0,54,115,2,4,0,1,2,2,1,0
715,27575,54,0.0,0,39,67,0,0,0,0,0,0,0,0
0,28433,86,0.011627906976744186,0,53,3,32,1,0,0,1,0,2,0
0,19748,24,0.0,0,24,65,0,0,1,0,1,0,0,0
0,25688,49,0.0,0,46,106,3,4,0,0,2,1,1,0
4230,4230,0,0.0,0,0,0,0,0,0,0,0,1,0,0
306,8533,17,0.0,0,14,7,0,0,1,0,0,0,0,0
0,20936,48,0.0,0,46,70,7,1,0,0,2,1,1,0
10145,33486,46,0.0,0,35,6,10,3,0,0,3,2,2,0
5754,5754,0,0.0,0,0,0,0,1,0,0,0,0,0,0
0,33911,19,0.0,0,14,17,2,1,0,0,1,0,1,0
23344,23344,0,0.0,0,0,0,0,0,0,0,1,4,2,0
4399,4399,0,0.0,0,0,0,0,1,0,0,1,0,0,0
0,26190,86,0.011627906976744186,0,54,3,32,4,0,0,1,1,2,0
17166,17166,0,0.0,0,0,0,0,3,0,1,2,2,1,0
0,26488,83,0.012048192771084338,0,49,8,40,0,0,0,2,0,2,0
515,19336,25,0.0,0,2,66,0,1,0,0,0,0,1,0
0,0,0,0.0,0,0,0,0,0,0,0,0,0,0,0
0,32230,53,0.0,0,51,134,0,0,0,0,1,0,1,0
0,14827,23,0.0,0,21,49,2,0,0,0,1,1,1,0
0,26466,84,0.011904761904761904,0,53,2,32,0,0,0,2,0,3,0
466,2213,3,0.0,0,3,3,0,0,1,0,0,0,0,0
0,32054,53,0.0,0,51,136,0,0,0,0,0,1,2,0
0,29918,65,0.0,0,64,82,2,0,0,0,1,0,2,0
4419,4419,0,0.0,0,0,0,0,0,0,0,0,2,2,0
2540,2540,0,0.0,0,0,0,0,1,1,0,1,0,0,0
515,19650,28,0.0,0,3,67,0,1,0,0,0,0,1,0
3726,20030,4,0.0,0,4,31,0,0,0,0,2,0,1,0
0,30270,50,0.0,0,3,39,0,0,0,0,0,0,0,0
16688,16688,0,0.0,0,0,0,0,0,0,0,0,1,2,0
10825,10825,0,0.0,0,0,0,0,0,0,1,0,0,0,0
0,32566,69,0.0,0,66,114,3,4,0,0,2,0,2,0
0,28914,81,0.012345679012345678,0,41,4,32,0,0,1,2,0,2,0
6087,6087,0,0.0,0,0,0,0,0,0,0,1,1,0,0
0,13826,17,0.0,0,17,52,0,0,1,0,1,0,0,0
0,19213,26,0.0,0,21,85,0,0,0,0,0,0,0,0
0,23622,53,0.0,0,52,71,2,0,1,0,1,0,1,0
306,8495,17,0.0,0,14,7,0,0,1,0,0,0,0,0
99,7798,9,0.0,0,2,10,0,0,0,0,0,0,0,0
0,30695,93,0.010752688172043012,0,62,16,8,0,0,0,1,0,3,0
1697,1697,0,0.0,0,0,0,0,0,0,0,0,0,1,0
10049,10049,0,0.0,0,0,0,0,0,1,0,1,2,2,0
0,18270,35,0.0,0,34,34,2,2,0,0,1,1,2,0
12774,12774,0,0.0,0,0,0,0,0,0,1,1,0,0,0
7353,7353,0,0.0,0,0,0,0,0,0,0,1,0,2,0
0,29355,20,0.0,0,19,16,0,4,0,0,0,1,4,0
0,27232,41,0.0,0,41,108,0,0,0,0,0,0,2,0
0,27980,90,0.011111111111111112,0,48,4,32,0,0,0,1,0,2,0
0,46620,73,0.0,0,72,78,2,0,0,0,1,0,3,0
1902,1902,0,0.0,0,0,0,0,0,0,0,0,0,0,0
14915,14915,0,0.0,0,0,0,0,0,0,0,0,1,0,0
4051,4051,0,0.0,0,0,0,0,1,0,1,2,0,1,0
0,33089,117,0.008547008547008548,0,80,11,0,5,0,0,3,0,2,0
0,29165,84,0.011904761904761904,0,49,4,32,0,0,0,1,0,2,0
1601,1601,0,0.0,0,0,0,0,0,1,0,0,0,0,0
0,32144,61,0.0,0,54,116,2,3,0,0,3,2,1,0
5897,5897,0,0.0,0,0,0,0,22,0,2,0,0,0,0
9894,33633,50,0.0,0,39,6,10,1,0,0,2,0,2,0
0,32770,88,0.011363636363636364,0,52,12,6,6,0,1,1,1,2,0
6289,6289,0,0.0,0,0,0,0,2,0,0,2,2,0,0
0,12674,16,0.0,0,16,48,0,0,0,0,0,0,0,0
2884,2884,0,0.0,0,0,0,0,0,0,1,2,0,0,0
0,25890,55,0.0,14,25,5,0,0,0,0,0,1,0,0
0,28103,45,0.0,0,45,63,0,0,0,0,2,0,2,0
7533,7533,0,0.0,0,0,0,0,7,0,0,0,0,1,0
0,26114,50,0.0,0,47,109,3,1,0,0,1,0,1,0
4675,4675,6,0.0,0,3,0,0,0,0,0,1,0,1,0
299,299,0,0.0,0,0,0,0,0,0,0,0,0,0,0
0,27696,61,0.0,0,60,88,2,0,1,0,1,0,1,0
0,37067,116,0.008620689655172414,0,80,11,0,0,0,0,2,4,2,0
10477,82348,67,0.0,0,1,242,6,0,0,0,1,0,1,0
0,32041,55,0.0,0,53,138,0,0,0,0,0,1,1,0
0,25677,82,0.012195121951219513,0,51,3,32,1,0,0,2,0,2,0
0,15215,36,0.0,0,35,12,2,2,0,0,1,0,2,0
0,30512,59,0.0,0,56,118,3,2,0,0,2,0,1,0
1634,1634,0,0.0,0,0,0,0,0,0,0,0,0,2,0
0,32288,61,0.0,0,54,115,2,0,0,0,2,3,1,0
4075,4075,0,0.0,0,0,0,0,0,0,0,1,1,1,0
0,14844,34,0.0,0,27,59,2,0,0,0,1,0,2,0
0,23990,54,0.0,0,53,77,2,0,0,0,1,0,1,0
754,754,0,0.0,0,0,0,0,3,0,0,0,0,0,0
16476,16476,0,0.0,0,0,0,0,0,0,0,0,0,1,0
0,30928,83,0.012048192771084338,0,41,4,32,1,0,0,1,0,2,0
12668,12668,0,0.0,0,0,0,0,0,0,1,1,3,3,0
0,27029,85,0.011764705882352941,0,53,4,32,0,0,0,2,0,2,0
0,26451,59,0.0,0,58,69,2,0,0,0,2,0,1,0
0,25130,71,0.014084507042253521,0,42,4,32,0,0,0,1,0,3,0
0,29678,64,0.0,0,62,107,2,0,0,0,2,1,3,0
9006,9014,28,0.0,0,25,2,0,0,0,0,0,0,1,0
605,605,0,0.0,0,0,0,0,0,0,0,0,0,0,0
0,14124,31,0.0,0,18,6,4,0,1,0,0,2,1,0
0,26427,63,0.0,0,61,100,7,2,0,0,1,0,1,0
28700,28700,0,0.0,0,0,0,0,7,0,0,3,1,2,0
0,26156,50,0.0,0,47,109,3,0,0,0,1,0,1,0
816,816,0,0.0,0,0,0,0,0,0,0,0,0,0,0
0,27290,89,0.011235955056179775,0,57,4,32,1,0,0,3,2,3,0
0,24711,65,0.0,0,64,113,2,0,0,0,1,0,1,0
0,33326,30,0.0,0,16,44,0,8,0,0,3,1,2,0
0,26998,41,0.0,0,41,107,0,0,1,0,0,0,2,0
1680,1680,0,0.0,0,0,0,0,0,0,0,0,0,0,0
1758,11040,4,0.0,0,3,19,0,0,0,0,0,0,1,0
8672,8672,0,0.0,0,0,0,0,0,0,0,0,2,2,0
0,30863,52,0.0,0,51,132,0,0,0,1,2,0,2,0
2240,2240,0,0.0,0,0,0,0,1,0,0,0,1,0,0
515,19651,28,0.0,0,3,67,0,1,0,0,0,0,1,0
0,23910,51,0.0,0,50,77,2,0,0,0,1,0,1,0
11048,35649,54,0.018518518518518517,0,43,7,10,0,0,0,2,0,1,0
317,32006,39,0.0,0,29,102,3,0,0,0,0,0,0,0
0,31568,50,0.0,0,48,130,0,2,0,0,1,0,2,0
12135,12135,0,0.0,0,0,0,0,0,0,0,0,0,4,0
306,8531,17,0.0,0,14,7,0,0,1,0,0,0,0,0
4787,4787,0,0.0,0,0,0,0,0,0,1,0,0,1,0
14204,14204,0,0.0,0,0,0,0,0,0,0,2,1,1,0
0,35468,82,0.012195121951219513,0,41,4,32,2,0,1,1,1,2,0
7234,13567,20,0.0,0,0,2,0,0,0,0,2,0,2,0
0,25334,52,0.0,0,52,76,0,0,0,0,2,0,2,0
0,19525,45,0.0,0,38,88,2,0,0,0,1,0,2,0
4293,4293,0,0.0,0,0,0,0,0,0,0,1,0,2,0
0,32174,54,0.0,0,52,134,0,0,0,0,0,1,1,0
0,31976,61,0.0,0,54,115,2,0,0,0,1,1,2,0
515,19650,28,0.0,0,3,67,0,1,0,0,0,0,1,0
0,30754,59,0.0,0,56,118,3,0,0,0,1,0,1,0
1711,1711,0,0.0,0,0,0,0,1,0,0,0,0,1,0
0,25336,44,0.0,0,1,31,0,0,0,0,1,0,1,0
19140,19140,0,0.0,0,0,0,0,11,0,2,4,1,2,0
10124,10124,0,0.0,0,0,0,0,1,0,0,0,0,1,0
0,29087,46,0.0,0,46,113,0,0,0,0,0,0,2,0
2603,2603,0,0.0,0,0,0,0,2,0,0,1,0,1,0
0,19501,25,0.0,0,20,90,0,0,0,0,0,0,0,0
0,31627,52,0.0,0,51,133,0,1,1,0,2,2,1,0
0,29071,44,0.0,0,44,114,0,0,0,0,1,0,2,0
4747,4747,0,0.0,0,0,0,0,0,0,0,0,1,2,0
5203,39881,56,0.0,0,56,153,0,0,0,0,1,0,2,0
2212,2212,0,0.0,0,0,0,0,2,0,0,0,0,0,0
261,261,0,0.0,0,0,0,0,0,0,0,0,0,0,0
0,31799,62,0.0,0,55,117,2,1,0,0,2,1,2,0
1318,4550,4,0.0,0,4,15,0,0,0,0,0,0,2,0
14214,28078,35,0.0,0,35,58,0,1,0,0,3,0,3,0
1272,1272,0,0.0,0,0,0,0,0,0,0,0,0,0,0
3224,8648,9,0.0,0,9,7,0,0,0,0,2,0,1,0
0,31899,47,0.0,0,47,121,0,0,1,0,1,0,1,0
0,24969,62,0.0,0,61,117,2,0,0,0,1,0,1,0
0,32581,72,0.0,0,70,116,2,6,0,0,3,0,3,0
0,29613,90,0.011111111111111112,0,51,12,6,1,0,0,1,0,3,0
0,31569,59,0.0,0,57,118,5,0,0,0,1,2,1,0
8995,8995,0,0.0,0,0,0,0,0,0,1,0,1,1,0
1802,1802,0,0.0,0,0,0,0,0,1,0,0,0,0,0
418,12267,20,0.0,0,2,39,0,1,0,0,0,0,0,0
2722,7694,12,0.0,0,11,13,0,1,1,0,1,0,2,0
0,10498,18,0.0,0,18,54,0,0,0,0,0,0,0,0
6150,6150,0,0.0,0,0,0,0,1,0,1,1,1,1,0
306,8814,17,0.0,0,14,8,0,0,1,0,0,0,0,0
0,24621,55,0.0,0,54,75,2,0,1,0,1,0,1,0
515,19651,28,0.0,0,3,67,0,1,0,0,0,0,1,0
0,31502,52,0.0,0,50,138,0,0,0,0,1,0,1,0
0,29953,54,0.0,0,51,117,3,0,0,0,2,0,1,0
1899,1899,0,0.0,0,0,0,0,0,0,0,0,0,0,0
0,31927,53,0.0,0,51,133,0,0,0,0,2,0,2,0
0,25992,61,0.0,0,60,82,2,0,0,0,1,0,1,0
7141,48238,11,0.9090909090909091,0,10,12,0,0,0,0,1,0,0,0
2102,17274,9,0.7777777777777778,0,7,5,0,1,0,1,0,0,1,0
3053,31495,13,0.0,0,0,3,0,0,0,0,0,0,0,0
682,4504,1,1.0,0,0,2,0,3,0,0,0,0,0,0
972,972,0,0.0,0,0,0,0,7,0,0,0,0,2,0
277,16407,23,0.043478260869565216,0,0,4,0,1,0,0,0,0,2,0
0,9982,5,1.0,0,5,5,0,0,0,0,0,0,1,0
2539,28096,13,1.0,0,13,4,0,2,0,1,0,0,0,0
0,66509,3,1.0,0,3,3,0,0,0,0,0,0,1,0
690,13612,7,1.0,0,0,3,0,3,0,0,0,0,1,0
6835,47193,32,1.0,0,0,2,0,0,0,0,0,0,0,0
1958,26545,12,1.0,0,12,4,0,2,0,0,1,0,1,0
15450,9753,14,0.5,0,13,9,0,4,0,0,0,0,1,0
0,4303,1,0.0,0,0,1,0,6,0,0,1,0,0,0
1493,22504,8,1.0,0,0,21,0,2,0,0,1,0,1,0
0,9898,5,1.0,0,5,5,0,0,0,0,0,0,1,0
15593,47864,21,1.0,0,0,12,0,0,0,0,0,0,0,0
461,461,0,0.0,0,0,0,0,2,0,0,0,0,2,0
0,12205,5,1.0,0,4,1,0,6,0,0,0,2,1,0
0,12205,5,1.0,0,4,1,0,6,0,0,0,2,1,0
748,748,0,0.0,0,0,0,0,3,1,0,0,0,1,0
0,9089,5,1.0,0,2,4,0,4,0,0,0,0,1,0
2560,28365,13,1.0,0,13,4,0,2,0,1,0,0,0,0
0,46963,10,0.8,0,9,10,0,0,0,0,2,0,0,0
0,18275,11,0.9090909090909091,0,10,11,0,1,0,1,0,0,1,0
1041,16914,10,1.0,0,0,3,0,0,0,0,0,0,1,0
0,4297,1,0.0,0,0,1,0,6,0,0,1,0,0,0
3809,25934,12,1.0,0,0,11,0,0,1,0,0,0,1,0
0,2585,2,1.0,0,2,4,0,2,0,0,0,0,1,0
0,11046,8,0.75,0,2,8,0,1,0,0,2,0,1,0
0,72800,47,0.8936170212765957,0,14,16,0,0,0,0,0,0,0,0
0,6729,4,1.0,0,1,3,0,1,0,0,0,0,0,0
0,4349,4,0.75,0,4,1,0,3,0,0,0,0,1,0
0,7121,4,1.0,0,4,3,0,6,0,0,0,0,0,0
387,13247,6,1.0,0,5,0,0,2,1,0,0,0,0,0
1323,11359,7,1.0,0,2,7,0,6,0,0,1,0,0,0
294,11823,2,0.0,0,2,3,0,1,0,0,0,0,0,0
3717,76568,23,1.0,0,23,12,0,0,0,0,1,0,1,0
0,55693,25,0.48,0,2,30,0,0,0,0,3,0,1,0
0,55692,25,0.44,0,2,30,0,0,0,0,3,0,1,0
0,55692,25,0.44,0,2,30,0,0,0,0,3,0,1,0
0,55693,25,0.48,0,2,30,0,0,0,0,3,0,1,0
0,55692,25,0.44,0,2,30,0,0,0,0,3,0,1,0
1663,17960,3,0.6666666666666666,0,2,2,0,0,0,0,0,0,0,0
0,1933,0,0.0,0,0,1,0,0,0,0,0,0,0,0
0,2789,1,1.0,0,1,1,0,0,0,0,0,0,0,0
0,6210,0,0.0,0,0,0,0,0,0,0,0,0,0,0
0,1820,2,1.0,0,1,1,0,0,0,0,0,0,0,0
0,1336,0,0.0,0,0,0,0,5,0,1,2,0,0,0
0,7596,4,0.75,0,4,5,0,14,0,0,1,0,2,0
4479,38980,11,1.0,0,0,14,0,0,0,0,0,0,0,0
1482,32415,6,1.0,0,6,2,0,1,0,0,1,0,0,0
2288,40792,8,1.0,0,0,7,0,5,0,0,1,1,1,0
956,16569,7,0.8571428571428571,0,2,3,0,4,0,0,0,0,2,0
0,6041,5,1.0,0,5,7,0,0,1,0,0,0,1,0
0,11161,3,0.0,0,3,2,0,5,0,0,4,0,2,0
2420,22792,4,1.0,0,4,1,0,4,0,1,1,1,0,0
973,34566,9,1.0,0,4,4,0,0,0,0,1,0,2,0
12286,35268,17,1.0,0,17,11,0,4,0,0,2,0,0,0
1518,32469,6,1.0,0,6,2,0,1,0,0,1,0,0,0
1478,32409,6,1.0,0,6,2,0,1,0,0,1,0,0,0
1489,32426,6,1.0,0,6,2,0,1,0,0,1,0,0,0
1502,32445,6,1.0,0,6,2,0,1,0,0,1,0,0,0
463,463,0,0.0,0,0,0,0,2,0,0,0,0,0,0
1193,10324,4,1.0,0,4,7,0,8,0,0,0,0,0,0
0,17390,13,0.8461538461538461,0,8,21,0,1,0,0,3,0,1,0
3196,18449,9,1.0,0,9,8,0,0,0,0,0,0,1,0
2337,52571,9,1.0,0,9,12,0,0,0,0,0,0,0,0
2994,30679,16,0.0,0,16,9,0,0,0,0,1,0,2,0
0,5707,4,0.0,0,4,12,0,1,0,0,1,0,1,0
0,770,1,1.0,0,0,0,0,4,0,0,0,0,4,0
0,18008,3,0.6666666666666666,0,2,8,0,0,0,0,0,0,1,0
0,18008,3,0.6666666666666666,0,2,8,0,0,0,0,0,0,1,0
4059,23265,11,1.0,0,10,8,0,1,0,0,0,0,2,0
0,4529,2,0.0,0,2,5,0,2,0,0,1,0,1,0
0,6269,1,1.0,0,0,1,0,1,0,0,0,0,1,0
0,2803,7,1.0,0,1,1,0,0,0,0,0,0,0,0
11062,26959,10,1.0,0,10,9,0,1,1,0,0,1,0,0
991,2959,3,1.0,0,3,1,0,0,0,0,0,0,0,0
943,4994,3,1.0,0,3,1,0,0,0,0,0,0,0,0
1340,12565,11,0.09090909090909091,0,0,12,0,0,0,0,0,0,1,0
3194,20953,9,0.8888888888888888,0,7,3,0,1,0,1,0,0,3,0
3192,20972,9,0.8888888888888888,0,7,3,0,1,0,1,0,0,3,0
0,14397,1,1.0,0,0,3,0,0,1,2,0,0,0,0
1669,1669,0,0.0,0,0,0,0,0,0,1,1,0,1,0
1408,5766,3,1.0,0,1,2,0,7,0,1,0,0,0,0
6259,23623,3,0.6666666666666666,0,1,3,0,5,0,0,0,0,1,0
1242,13961,8,1.0,0,0,3,0,5,0,1,0,0,0,0
133,3135,1,1.0,0,1,1,0,0,0,0,0,0,1,0
2727,10222,5,0.8,0,4,2,0,0,1,0,0,0,0,0
595,20930,1,1.0,0,0,6,0,0,0,0,0,0,0,0
0,29202,6,1.0,0,6,5,0,0,0,0,1,0,1,0
0,32007,11,0.6363636363636364,0,10,13,0,0,0,1,1,0,0,0
0,21735,9,0.7777777777777778,0,9,11,0,0,0,0,0,0,0,0
0,21737,9,0.7777777777777778,0,9,11,0,0,0,0,0,0,0,0
0,16987,13,0.8461538461538461,0,8,21,0,1,0,0,3,0,1,0
10337,25003,9,1.0,0,9,9,0,3,0,0,3,0,0,0
1954,24333,8,1.0,0,0,4,0,0,0,0,0,0,0,0
148,1986,2,1.0,0,2,2,0,0,0,0,0,0,0,0
0,8420,5,1.0,0,5,4,0,0,0,0,0,0,2,0
745,3751,4,0.75,0,3,0,0,2,0,0,0,0,2,0
1945,40115,10,1.0,0,0,6,0,0,1,0,0,0,0,0
1006,10780,5,0.0,0,5,2,0,0,0,1,0,0,1,0
789,4940,2,1.0,0,1,2,0,4,0,0,0,0,0,0
964,3271,0,0.0,0,0,0,0,0,0,0,0,0,0,0
0,30992,8,0.0,0,7,12,0,6,1,1,2,0,1,0
0,6575,7,0.8571428571428571,0,7,7,0,7,0,1,1,0,0,0
0,2255,1,1.0,0,1,1,0,0,1,0,0,0,0,0
25570,43795,13,0.9230769230769231,0,1,7,0,9,0,1,7,1,2,0
25027,42931,12,0.9166666666666666,0,0,7,0,9,0,1,7,1,1,0
1524,91510,4,1.0,0,2,5,0,1,0,0,1,0,1,0
0,3082,0,0.0,0,0,1,0,0,0,0,0,0,0,0
0,3954,0,0.0,0,0,1,0,0,0,0,0,0,0,0
0,2715,1,1.0,0,1,1,0,0,0,0,0,0,0,0
0,3085,0,0.0,0,0,0,0,0,0,2,0,0,0,0
0,3025,0,0.0,0,0,1,0,0,0,0,0,0,0,0
0,79634,24,1.0,0,0,10,0,0,0,0,0,0,0,0
0,62900,21,1.0,0,0,10,0,0,0,0,0,0,0,0
0,1234,0,0.0,0,0,0,0,0,0,0,0,0,0,0
0,3211,0,0.0,0,0,2,0,0,1,0,0,0,0,0
0,4997,0,0.0,0,0,1,0,0,0,0,0,0,0,0
0,2667,0,0.0,0,0,1,0,0,0,0,0,0,0,0
0,2454,1,1.0,0,1,0,0,0,0,0,0,0,0,0
0,4696,0,0.0,0,0,1,0,1,0,0,0,0,0,0
0,1947,0,0.0,0,0,1,0,0,0,0,0,0,0,0
0,612,0,0.0,0,0,1,0,0,0,1,0,0,0,0
0,27522,12,1.0,0,0,10,0,0,0,0,0,0,0,0
0,39046,13,1.0,0,0,11,0,0,1,0,0,0,0,0
0,37592,17,1.0,0,0,12,0,0,1,0,0,0,0,0
0,3086,0,0.0,0,0,0,0,0,0,2,0,0,0,0
0,3636,0,0.0,0,0,1,0,0,0,0,0,0,0,0
0,16251,4,1.0,0,4,1,0,0,1,0,0,0,0,0
0,6433,0,0.0,0,0,1,0,0,0,0,0,0,0,0
0,4125,1,1.0,0,1,1,0,0,0,0,0,0,0,0
0,2259,1,1.0,0,1,1,0,0,0,0,0,0,0,0
0,3340,0,0.0,0,0,1,0,0,0,0,0,0,0,0
0,5831,4,1.0,0,0,1,0,0,0,0,0,0,0,0
0,7194,1,1.0,0,0,1,0,0,0,0,0,0,0,0
0,13164,2,1.0,0,0,1,0,0,0,0,0,1,1,0
0,3849,0,0.0,0,0,1,0,0,0,0,0,0,0,0
0,3820,0,0.0,0,0,1,0,0,0,0,0,0,0,0
0,4263,2,1.0,0,2,1,0,0,0,0,0,0,0,0
0,4400,2,1.0,0,2,1,0,0,0,0,0,0,0,0
0,3679,0,0.0,0,0,2,0,0,0,0,0,0,0,0
0,6541,0,0.0,0,0,1,0,0,0,0,0,1,0,0
0,1942,0,0.0,0,0,1,0,0,0,0,0,0,0,0
0,4698,1,1.0,0,1,1,0,0,0,0,0,0,0,0
0,3186,0,0.0,0,0,1,0,0,0,0,0,0,0,0
0,2022,0,0.0,0,0,1,0,0,0,0,0,0,0,0
0,4436,0,0.0,0,0,1,0,0,0,0,0,0,0,0
0,4246,0,0.0,0,0,1,0,0,0,0,0,0,0,0
0,3242,1,1.0,0,1,1,0,0,0,0,0,0,0,0
0,3032,1,1.0,0,1,1,0,0,0,0,0,0,0,0
0,3547,0,0.0,0,0,1,0,0,0,0,0,0,0,0
0,3336,1,1.0,0,1,0,0,0,0,0,0,0,1,0
0,3749,0,0.0,0,0,1,0,0,0,0,0,0,0,0
0,2062,0,0.0,0,0,1,0,0,0,0,0,0,0,0
0,555,0,0.0,0,0,1,0,0,0,0,0,0,0,0
0,2289,0,0.0,0,0,1,0,0,0,0,0,0,0,0
0,2390,0,0.0,0,0,1,0,0,0,0,0,0,0,0
0,2540,0,0.0,0,0,1,0,0,0,0,0,0,0,0
0,3741,0,0.0,0,0,1,0,0,0,0,0,0,0,0
0,4385,4,1.0,0,4,1,0,0,0,1,0,0,0,0
0,4975,3,1.0,0,3,2,0,0,0,0,0,0,0,0
0,2701,0,0.0,0,0,1,0,0,0,0,0,0,0,0
0,1685,0,0.0,0,0,1,0,0,0,0,0,0,0,0
0,2452,0,0.0,0,0,1,0,0,0,0,0,0,0,0
0,3503,0,0.0,0,0,1,0,0,0,0,0,0,0,0
0,4293,0,0.0,0,0,1,0,0,0,0,0,0,0,0
0,3608,1,1.0,0,1,1,0,0,0,0,0,0,0,0
0,617,0,0.0,0,0,1,0,0,0,0,0,0,0,0
0,1919,0,0.0,0,0,1,0,0,0,0,0,0,0,0
0,2156,0,0.0,0,0,1,0,0,0,0,0,0,0,0
0,4469,1,1.0,0,1,1,0,0,1,1,0,0,0,0
0,2335,0,0.0,0,0,1,0,0,0,0,0,0,0,0
0,3742,0,0.0,0,0,4,0,0,0,0,0,0,0,0
0,5233,0,0.0,0,0,1,0,0,0,0,0,0,0,0
0,7020,0,0.0,0,0,1,0,0,0,0,0,0,0,0
0,3375,0,0.0,0,0,1,0,0,0,0,0,0,0,0
0,3139,0,0.0,0,0,1,0,0,0,0,0,0,0,0
0,5017,0,0.0,0,0,1,0,0,0,0,0,0,0,0
0,2121,0,0.0,0,0,1,0,0,0,0,0,0,0,0
0,7936,1,1.0,0,1,1,0,0,0,0,1,0,0,0
0,3828,1,1.0,0,1,1,0,0,0,0,0,0,0,0
0,4113,0,0.0,0,0,1,0,0,0,0,0,0,0,0
0,5456,0,0.0,0,0,1,0,0,0,0,0,0,0,0
0,6358,0,0.0,0,0,2,0,0,0,0,0,0,0,0
0,3821,2,1.0,0,2,1,0,0,0,0,0,0,0,0
0,4717,3,1.0,0,3,2,0,0,0,0,0,0,0,0
0,2743,0,0.0,0,0,1,0,0,0,0,0,0,0,0
0,2789,0,0.0,0,0,1,0,0,0,0,0,0,0,0
0,3034,1,1.0,0,1,1,0,0,0,0,0,0,0,0
0,3252,0,0.0,0,0,1,0,0,0,0,0,0,0,0
0,3354,0,0.0,0,0,1,0,0,0,0,0,0,0,0
0,4847,0,0.0,0,0,1,0,0,0,0,0,0,0,0
0,2570,0,0.0,0,0,1,0,0,0,0,0,0,0,0
0,3882,0,0.0,0,0,1,0,0,0,0,0,0,0,0
0,3115,0,0.0,0,0,0,0,0,0,2,0,0,0,0
0,3102,0,0.0,0,0,0,0,0,0,2,0,0,0,0
0,6335,0,0.0,0,0,1,0,0,0,1,0,0,0,0
0,2432,0,0.0,0,0,1,0,0,0,0,0,0,1,0
0,3381,0,0.0,0,0,1,0,0,0,0,0,0,1,0
0,3238,1,1.0,0,1,0,0,0,0,0,0,0,1,0
0,2751,0,0.0,0,0,0,0,0,0,0,0,0,1,0
0,4456,1,1.0,0,1,1,0,0,0,0,0,0,1,0
0,4381,1,1.0,0,1,1,0,0,0,0,0,0,1,0
0,3235,0,0.0,0,0,1,0,0,0,0,0,0,1,0
0,4151,0,0.0,0,0,1,0,0,0,0,0,0,1,0
0,3459,1,1.0,0,0,1,0,0,1,0,0,0,0,0
0,4576,2,1.0,0,2,1,0,0,0,0,1,0,0,0
0,3481,3,1.0,0,3,0,0,0,0,0,0,0,0,0
0,3328,0,0.0,0,0,0,0,0,0,2,0,0,0,0
266,3532,1,1.0,0,0,1,0,0,1,0,0,0,0,0
0,10650,2,1.0,0,2,1,0,0,1,0,0,0,0,0
0,5215,3,1.0,0,3,2,0,0,1,0,0,0,0,0
0,6397,2,0.5,0,2,3,0,0,0,0,2,0,1,0
0,3268,0,0.0,0,0,1,0,0,0,0,0,0,0,0
0,3117,0,0.0,0,0,1,0,0,0,0,0,0,0,0
0,0,0,0.0,0,0,0,0,0,0,0,0,0,0,0
0,6444,1,1.0,0,0,0,0,0,0,2,0,0,0,0
767,3029,0,0.0,0,0,1,0,0,1,0,0,0,0,0
0,32964,15,1.0,0,0,11,0,0,0,0,0,0,0,0
0,44728,21,1.0,0,0,11,0,0,0,0,0,0,0,0
0,37133,14,0.9285714285714286,0,0,14,0,0,0,0,0,0,0,0
0,51044,14,1.0,0,0,10,0,0,1,0,0,0,0,0
0,40906,15,1.0,0,0,11,0,0,1,0,0,0,0,0
0,38873,13,1.0,0,0,11,0,0,1,0,0,0,0,0
0,8723,2,0.5,0,0,1,0,0,0,0,0,0,0,0
0,9121,3,0.3333333333333333,0,0,2,0,0,1,0,0,0,0,0
0,3644,0,0.0,0,0,0,0,0,0,2,0,0,0,0
0,3357,0,0.0,0,0,0,0,0,0,2,0,0,0,0
1236,7324,0,0.0,0,0,0,0,0,0,0,0,0,0,0
0,8800,0,0.0,0,0,1,0,0,1,0,0,0,0,0
0,2752,0,0.0,0,0,1,0,0,0,0,0,0,0,0
0,5844,2,1.0,0,2,6,0,0,0,0,0,0,0,0
0,2595,1,1.0,0,1,1,0,0,0,0,0,0,0,0
0,5372,1,1.0,0,1,1,0,0,0,0,0,0,0,0
0,5877,1,1.0,0,1,1,0,0,0,0,0,0,0,0
0,39692,17,1.0,0,0,11,0,0,1,0,0,0,0,0
0,33141,14,1.0,0,0,11,0,0,1,0,0,0,0,0
0,1594,0,0.0,0,0,1,0,0,0,0,0,0,0,0
819,4857,1,1.0,0,0,2,0,4,0,0,0,0,0,0
0,2392,0,0.0,0,0,1,0,0,0,0,0,0,0,0
0,3975,0,0.0,0,0,4,0,0,0,0,0,0,0,0
0,3976,0,0.0,0,0,1,0,0,0,0,0,0,0,0
0,3244,0,0.0,0,0,1,0,0,0,0,0,0,0,0
0,2697,0,0.0,0,0,1,0,0,0,0,0,0,0,0
0,15936,3,0.6666666666666666,0,1,1,0,1,1,0,4,0,1,0
0,16235,5,0.4,0,1,1,0,1,1,0,4,0,1,0
0,4690,1,0.0,0,0,1,0,0,0,0,0,0,0,0
0,38616,14,1.0,0,0,11,0,0,0,0,0,0,0,0
0,2823,1,0.0,0,0,1,0,0,0,0,0,0,0,0
0,2945,1,1.0,0,1,1,0,0,0,0,0,0,0,0
0,3271,1,1.0,0,1,2,0,0,0,0,0,0,0,0
0,3816,3,1.0,0,3,1,0,0,0,0,0,0,0,0
0,3172,0,0.0,0,0,0,0,0,0,2,0,0,0,0
0,4823,1,1.0,0,1,1,0,0,0,0,0,0,1,0
0,4708,1,1.0,0,1,1,0,0,0,0,0,0,1,0
0,58901,13,1.0,0,0,10,0,1,0,0,0,0,0,0
0,1448,0,0.0,0,0,0,0,0,0,0,0,0,0,0
0,33247,12,1.0,0,12,10,0,0,0,0,0,0,0,0
0,14232,3,1.0,0,3,6,0,0,0,0,0,0,0,0
0,2861,0,0.0,0,0,1,0,0,0,0,0,0,0,0
607,40513,1,1.0,0,1,0,0,0,1,0,0,0,0,0
0,10225,3,0.6666666666666666,0,1,1,0,1,0,0,4,0,1,0
0,10459,1,0.0,0,1,1,0,0,0,0,0,0,0,0
0,5762,1,1.0,0,1,1,0,0,0,0,0,0,0,0
0,95165,38,1.0,0,0,17,0,0,0,0,0,0,0,0
0,96993,39,1.0,0,0,18,0,0,0,0,0,0,1,0
0,95264,38,1.0,0,0,16,0,0,0,0,0,0,0,0
0,92324,38,1.0,0,0,20,0,0,0,0,0,0,1,0
0,95337,38,1.0,0,0,17,0,0,0,0,0,0,0,0
0,2540,0,0.0,0,0,1,0,0,0,0,0,0,0,0
0,40636,14,1.0,0,0,10,0,0,1,0,0,0,0,0
0,2276,0,0.0,0,0,2,0,0,0,0,0,0,0,0
0,2354,0,0.0,0,0,1,0,0,1,0,0,0,0,0
0,1575,0,0.0,0,0,1,0,0,0,0,0,0,0,0
0,1643,0,0.0,0,0,1,0,0,0,0,0,0,0,0
0,1699,0,0.0,0,0,1,0,0,0,0,0,0,0,0
0,7041,1,1.0,0,1,0,0,0,0,0,0,0,0,0
0,4072,1,0.0,0,1,1,0,0,0,0,0,0,0,0
0,6562,1,0.0,0,1,1,0,0,0,0,0,0,0,0
0,8424,1,0.0,0,1,1,0,0,0,0,0,0,0,0
0,3429,0,0.0,0,0,2,0,0,0,0,0,0,0,0
614,3042,0,0.0,0,0,1,0,0,0,0,0,0,0,0
0,5253,5,0.0,0,4,1,0,0,1,0,0,0,0,0
0,9657,3,0.6666666666666666,0,1,1,0,1,1,0,4,0,1,0
0,2719,1,1.0,0,1,1,0,0,0,0,0,0,0,0
0,4503,1,1.0,0,1,1,0,0,0,0,0,0,0,0
0,38647,14,1.0,0,0,11,0,0,1,0,0,0,1,0
1589,16719,2,1.0,0,2,3,0,0,0,0,0,0,0,0
1703,7171,0,0.0,0,0,1,0,0,0,0,0,0,0,0
1703,7171,0,0.0,0,0,1,0,0,0,0,0,0,0,0
150,1600,0,0.0,0,0,0,0,0,0,0,0,0,0,0
16772,74877,19,0.0,0,0,16,0,1,1,0,2,0,0,0
471,2360,0,0.0,0,0,0,0,0,0,1,0,0,0,0
1414,6609,1,1.0,0,1,3,0,0,0,1,0,0,0,0
475,475,0,0.0,0,0,0,0,0,0,0,0,0,0,0
13596,36411,2,1.0,0,2,1,0,1,0,1,0,0,2,0
244,244,0,0.0,0,0,0,0,0,0,0,0,0,0,0
5448,13221,4,0.5,0,4,10,0,7,0,0,1,0,2,0
77,1961,0,0.0,0,0,2,0,0,0,0,0,0,0,0
1320,5462,0,0.0,0,0,0,0,0,0,2,0,0,0,0
2026,5634,5,1.0,0,5,0,0,1,0,0,1,0,0,0
0,3472,1,1.0,0,1,1,0,0,0,0,0,0,1,0
0,2893,0,0.0,0,0,1,0,0,1,0,0,0,0,0
0,3407,0,0.0,0,0,0,0,0,0,0,0,0,0,0
0,2761,2,1.0,0,2,0,0,0,0,0,0,0,0,0
0,1444,1,1.0,0,1,0,0,0,0,0,0,0,0,0
0,4316,2,1.0,0,2,1,0,0,0,0,0,0,0,0
947,3208,1,1.0,0,1,0,0,1,0,0,0,0,1,0
1882,29012,21,1.0,0,0,14,0,0,0,0,0,0,0,0
0,4138,2,0.0,0,0,1,0,0,0,0,0,0,0,0
0,4119,1,0.0,0,0,1,0,0,0,0,0,0,0,0
0,11983,3,0.6666666666666666,0,1,1,0,1,0,0,2,0,1,0
0,3704,0,0.0,0,0,1,0,0,0,0,0,0,0,0
0,2220,1,1.0,0,1,1,0,0,1,0,0,0,0,0
0,2829,1,0.0,0,0,1,0,0,0,1,0,0,0,0
0,19410,5,1.0,0,5,5,0,0,1,0,0,0,0,0
724,3824,0,0.0,0,0,2,0,0,0,0,0,0,0,0
0,12223,14,0.9285714285714286,0,13,6,0,0,0,1,1,0,0,1
0,1118,1,1.0,0,1,0,0,0,0,0,0,0,0,1
0,3144,5,1.0,0,5,2,0,0,0,1,0,0,0,1
0,11154,13,1.0,0,13,4,0,0,1,0,0,0,1,1
1984,17130,5,0.0,0,0,4,0,0,0,0,0,0,0,1
0,9078,16,1.0,0,16,2,0,0,1,0,0,0,1,1
0,1108,1,1.0,0,1,0,0,0,0,0,0,0,0,1
0,1112,1,1.0,0,1,0,0,0,0,0,0,0,0,1
0,1108,1,1.0,0,1,0,0,0,0,0,0,0,0,1
0,1112,1,1.0,0,1,0,0,0,0,0,0,0,0,1
3888,31018,13,0.0,0,0,7,0,5,1,0,0,0,1,1
2886,32347,15,1.0,0,15,2,0,0,0,0,0,0,1,1
2354,54319,25,0.92,0,23,20,0,0,0,1,0,0,1,1
2319,80076,45,0.9555555555555556,0,43,53,0,0,0,1,0,0,1,1
1768,17800,12,1.0,0,0,10,0,0,0,0,0,0,0,1
2449,46826,26,1.0,0,0,17,0,0,0,0,0,0,0,1
0,23884,11,0.7272727272727273,0,11,9,0,0,0,0,0,0,0,1
4165,85147,30,1.0,0,30,33,0,0,0,0,0,0,0,1
1764,27060,13,1.0,0,0,10,0,0,0,0,0,0,0,1
0,107088,73,1.0,0,0,26,0,3,0,0,1,0,0,1
0,70613,37,0.972972972972973,0,9,19,0,1,1,0,0,0,0,1
0,79162,45,0.9555555555555556,0,9,21,0,1,1,0,0,0,0,1
1764,20361,12,1.0,0,0,8,0,0,0,0,0,0,0,1
5253,36166,18,1.0,0,18,10,0,0,0,0,0,0,0,1
0,25533,33,0.9393939393939394,0,8,23,0,0,0,0,0,0,2,1
3446,37399,38,1.0,0,0,25,0,0,0,0,0,0,0,1
4075,35134,18,1.0,0,18,10,0,0,0,0,0,0,1,1
1205,51302,14,1.0,0,14,9,0,0,0,0,0,0,1,1
0,58664,3,1.0,0,3,4,0,0,0,0,0,0,0,1
0,80366,43,0.9767441860465116,0,9,27,0,0,0,0,0,0,1,1
3198,16968,19,0.8947368421052632,0,0,11,0,0,0,1,1,0,0,1
904,42948,11,1.0,0,11,6,0,0,1,0,0,0,0,1
0,28490,16,0.0,0,0,11,0,1,1,0,0,0,0,1
0,98537,71,1.0,0,0,26,0,0,0,0,0,0,0,1
0,102804,72,1.0,0,0,26,0,0,0,0,0,0,0,1
0,11618,3,1.0,0,3,3,0,0,1,0,1,0,0,1
0,10922,3,1.0,0,3,3,0,0,0,0,0,0,0,1
0,8649,4,1.0,0,4,3,0,0,1,1,1,0,4,1
0,12668,3,1.0,0,3,3,0,0,1,0,1,0,0,1
2691,53398,8,0.0,0,0,22,0,2,0,1,1,0,1,1
0,11622,3,1.0,0,3,3,0,0,1,0,1,0,0,1
0,10990,3,1.0,0,3,3,0,0,0,0,0,0,0,1
0,12662,3,1.0,0,3,3,0,0,1,0,1,0,0,1
0,12653,3,1.0,0,3,3,0,0,1,0,1,0,0,1
0,11883,3,1.0,0,3,3,0,0,0,0,1,0,0,1
0,10822,3,1.0,0,3,3,0,0,0,0,0,0,0,1
0,10721,3,1.0,0,3,3,0,0,0,0,0,0,0,1
0,10755,3,1.0,0,3,3,0,0,0,0,0,0,0,1
2368,14938,7,1.0,0,0,4,0,0,0,1,0,0,2,1
0,47893,37,0.02702702702702703,0,26,31,0,0,1,0,0,0,0,1
0,48472,37,0.02702702702702703,0,26,31,0,0,0,0,0,0,0,1
3116,68282,37,1.0,0,37,35,0,0,0,0,0,0,1,1
3160,71445,38,1.0,0,38,36,0,0,1,0,0,0,1,1
2608,12169,8,1.0,0,0,9,0,0,1,0,0,0,0,1
5331,17753,14,0.0,0,13,10,0,0,1,0,1,0,1,1
591,110752,69,1.0,0,0,47,0,0,0,0,0,0,0,1
3130,67903,38,1.0,0,38,34,0,0,1,0,0,0,1,1
3200,71947,39,1.0,0,39,36,0,0,0,0,0,0,1,1
0,51023,16,1.0,0,16,12,0,0,0,0,0,0,1,1
3112,68422,37,1.0,0,37,35,0,0,0,0,0,0,1,1
7559,40127,22,1.0,0,22,24,0,1,1,1,1,0,1,1
0,49048,37,0.02702702702702703,0,26,31,0,0,0,0,0,0,0,1
0,32780,7,1.0,0,7,4,0,0,1,0,0,0,1,1
3194,68992,37,1.0,0,37,35,0,0,0,1,0,0,1,1
3180,68431,37,1.0,0,37,35,0,0,0,0,0,0,1,1
6458,24402,16,0.0,0,15,11,0,0,1,0,2,0,2,1
0,37691,19,1.0,0,0,19,0,0,0,0,0,0,1,1
0,41208,13,1.0,0,13,9,0,0,1,0,0,0,1,1
0,24266,20,0.05,0,14,22,0,0,0,1,0,0,1,1
0,50706,47,0.02127659574468085,0,26,45,0,0,0,0,0,0,0,1
3132,68451,37,1.0,0,37,35,0,0,0,0,0,0,1,1
597,140339,93,1.0,0,0,69,0,0,0,0,0,0,0,1
0,41346,13,1.0,0,13,9,0,0,1,0,0,0,1,1
3144,68004,37,1.0,0,37,35,0,0,0,0,0,0,1,1
0,37727,19,1.0,0,0,19,0,0,0,1,0,0,1,1
0,19425,9,1.0,0,0,10,0,0,0,0,0,0,1,1
0,18864,9,1.0,0,0,10,0,0,0,0,0,0,1,1
6339,25402,16,0.0,0,15,11,0,0,1,0,2,0,2,1
0,24943,20,0.05,0,14,22,0,0,1,1,0,0,0,1
3200,68476,37,1.0,0,37,35,0,0,0,0,0,0,1,1
0,40551,13,1.0,0,13,9,0,0,1,0,0,0,1,1
593,113448,69,1.0,0,0,50,0,0,0,0,0,0,0,1
3130,67364,37,1.0,0,37,35,0,0,0,0,0,0,1,1
0,39046,31,0.03225806451612903,0,20,28,0,0,0,0,0,0,0,1
1674,38685,14,1.0,0,14,5,0,2,1,0,0,0,0,1
0,41181,13,1.0,0,13,9,0,0,1,0,0,0,0,1
3142,68753,37,1.0,0,37,35,0,0,1,0,0,0,1,1
3196,69480,38,1.0,0,38,35,0,0,1,0,0,0,1,1
3110,67569,37,1.0,0,37,35,0,0,0,0,0,0,1,1
3188,70871,39,1.0,0,39,36,0,0,1,0,0,0,1,1
3162,68139,37,1.0,0,37,35,0,0,0,0,0,0,1,1
0,48308,37,0.02702702702702703,0,26,31,0,0,0,0,0,0,0,1
0,40878,13,1.0,0,13,9,0,0,0,0,0,0,1,1
0,24991,20,0.05,0,14,22,0,0,0,1,0,0,0,1
599,103966,64,1.0,0,0,43,0,0,0,0,0,0,0,1
3112,67832,37,1.0,0,37,35,0,0,0,0,0,0,1,1
0,27502,30,0.03333333333333333,0,15,36,0,0,1,1,0,0,0,1
3142,68508,37,1.0,0,37,35,0,0,1,0,0,0,1,1
0,23876,20,0.05,0,14,22,0,0,1,1,0,0,0,1
3126,68234,37,1.0,0,37,35,0,0,0,0,0,0,1,1
0,23959,20,0.05,0,14,22,0,0,1,1,0,0,0,1
3128,75029,40,1.0,0,40,37,0,0,0,0,0,0,1,1
3152,71093,39,1.0,0,39,36,0,0,1,0,0,0,1,1
0,45434,14,1.0,0,14,10,0,0,1,0,0,0,0,1
9646,37508,28,0.0,0,27,24,0,0,1,0,2,0,2,1
0,33157,7,1.0,0,7,4,0,0,0,0,0,0,0,1
7548,39208,21,1.0,0,21,23,0,1,1,1,1,1,1,1
0,50686,47,0.02127659574468085,0,26,45,0,0,0,0,0,0,0,1
0,24753,20,0.05,0,14,22,0,0,1,1,0,1,0,1
3110,68315,37,1.0,0,37,35,0,0,0,0,0,0,1,1
9538,37396,28,0.0,0,27,24,0,0,1,0,2,0,2,1
591,117993,74,1.0,0,0,49,0,0,0,0,0,0,0,1
3152,71466,38,1.0,0,38,36,0,0,1,0,0,0,1,1
0,54850,17,1.0,0,17,13,0,0,1,0,0,0,0,1
3194,68819,37,1.0,0,37,35,0,0,0,1,0,0,1,1
6042,25189,16,0.0,0,15,11,0,0,1,0,2,0,2,1
3194,69421,37,1.0,0,37,34,0,0,1,0,0,0,1,1
0,24298,20,0.05,0,14,22,0,0,1,1,0,0,0,1
0,38956,31,0.03225806451612903,0,20,28,0,0,1,0,0,0,0,1
0,44852,14,1.0,0,14,10,0,0,1,0,0,0,0,1
3116,68271,37,1.0,0,37,35,0,0,0,0,0,0,1,1
3142,68168,37,1.0,0,37,35,0,0,1,0,0,0,1,1
3162,68167,37,1.0,0,37,35,0,0,0,0,0,0,1,1
0,33656,7,1.0,0,7,4,0,0,1,0,0,0,0,1
0,39133,20,1.0,0,0,20,0,0,0,0,0,0,1,1
3130,69193,38,1.0,0,38,34,0,0,1,0,0,0,1,1
3204,68012,37,1.0,0,37,35,0,0,1,0,0,0,1,1
0,45877,14,1.0,0,14,10,0,0,1,0,0,0,1,1
0,18931,9,1.0,0,0,10,0,0,0,0,0,0,2,1
558,6334,2,1.0,0,0,3,0,0,0,0,0,0,1,1
0,42382,13,1.0,0,13,9,0,0,1,0,0,0,1,1
0,48344,37,0.02702702702702703,0,26,31,0,0,0,0,0,0,0,1
0,24087,20,0.05,0,14,22,0,0,1,1,0,0,0,1
3116,67969,37,1.0,0,37,35,0,0,0,0,0,0,1,1
5541,18692,14,0.0,0,13,10,0,0,1,1,1,0,1,1
3200,68550,37,1.0,0,37,35,0,0,0,0,0,0,1,1
0,26876,30,0.03333333333333333,0,13,36,0,0,0,1,0,0,0,1
0,24569,20,0.05,0,14,22,0,0,0,1,0,0,0,1
0,43396,21,1.0,0,0,21,0,0,0,0,0,0,2,1
591,101553,62,1.0,0,0,43,0,0,0,0,0,0,0,1
4055,94367,40,0.95,0,0,33,0,0,0,1,1,0,1,1
7579,40272,22,1.0,0,22,24,0,1,1,1,1,0,1,1
0,27502,30,0.03333333333333333,0,15,36,0,0,1,1,0,0,0,1
3152,71759,39,1.0,0,39,36,0,0,1,0,0,0,1,1
0,54737,17,1.0,0,17,13,0,0,1,0,0,0,0,1
6470,24728,16,0.0,0,15,11,0,0,1,0,1,0,2,1
3160,71341,38,1.0,0,38,36,0,0,1,0,0,0,1,1
0,45543,19,0.9473684210526315,0,0,19,0,0,0,0,0,0,1,1
0,44476,22,1.0,0,0,22,0,0,0,0,0,0,1,1
0,18860,9,1.0,0,0,10,0,0,0,0,0,0,1,1
0,20909,2,1.0,0,2,4,0,0,0,0,0,0,1,1
0,48749,37,0.02702702702702703,0,26,31,0,0,0,0,0,0,0,1
0,24087,20,0.05,0,14,22,0,0,1,1,0,0,0,1
0,39878,20,1.0,0,0,20,0,0,0,0,0,0,1,1
6678,25786,16,0.0,0,15,11,0,0,1,0,2,0,2,1
3160,71802,38,1.0,0,38,36,0,0,1,0,0,0,1,1
0,41922,13,1.0,0,13,9,0,0,1,0,0,0,1,1
0,18873,9,1.0,0,0,10,0,0,0,1,0,0,1,1
0,26918,30,0.03333333333333333,0,13,36,0,0,0,1,0,0,0,1
3204,67977,37,1.0,0,37,35,0,0,1,0,0,0,1,1
3200,70894,39,1.0,0,39,36,0,0,0,0,0,0,1,1
0,50688,47,0.02127659574468085,0,26,45,0,0,0,0,0,0,0,1
5395,17823,14,0.0,0,13,10,0,0,1,1,1,0,1,1
0,24136,20,0.05,0,14,22,0,0,0,1,0,0,0,1
3176,68861,37,1.0,0,37,35,0,0,1,0,0,0,1,1
0,39313,20,1.0,0,0,20,0,0,0,0,0,0,2,1
3147,28328,13,1.0,0,13,11,0,0,1,0,0,0,0,1
0,19771,9,1.0,0,0,10,0,0,0,1,0,0,1,1
591,95778,58,1.0,0,0,39,0,0,0,0,0,0,0,1
0,50858,8,0.625,0,5,9,0,0,1,1,0,0,1,1
3112,68564,37,1.0,0,37,35,0,0,0,0,0,0,1,1
7567,40197,22,1.0,0,22,24,0,1,1,1,1,0,1,1
0,22430,20,0.05,0,14,22,0,0,1,1,0,0,0,1
1999,24737,12,1.0,0,0,10,0,0,0,0,1,0,1,1
0,21088,6,1.0,0,0,2,0,1,0,0,0,0,0,1
0,41211,13,1.0,0,13,9,0,0,1,0,0,0,0,1
3104,68350,37,1.0,0,37,35,0,0,0,1,0,0,1,1
3196,69550,38,1.0,0,38,35,0,0,1,0,0,0,1,1
3144,69121,37,1.0,0,37,35,0,0,0,0,0,0,1,1
0,39448,20,1.0,0,0,20,0,0,0,0,0,0,1,1
6465,25637,16,0.0,0,15,11,0,0,1,0,2,0,2,1
0,18908,9,1.0,0,0,10,0,0,0,0,0,0,1,1
0,38934,31,0.03225806451612903,0,20,28,0,0,1,0,0,0,0,1
7451,38920,21,1.0,0,21,23,0,1,1,1,1,1,0,1
3204,68547,37,1.0,0,37,35,0,0,1,0,0,0,1,1
3180,69394,37,1.0,0,37,35,0,0,0,0,0,0,1,1
7430,39137,21,1.0,0,21,23,0,1,0,2,1,0,0,1
0,1108,1,1.0,0,1,0,0,0,0,0,0,0,0,1
7716,39772,21,1.0,0,21,23,0,1,1,1,1,0,1,1
3112,67563,37,1.0,0,37,35,0,0,0,0,0,0,1,1
3148,72788,38,1.0,0,38,37,0,0,0,0,0,0,1,1
7572,41096,23,1.0,0,23,25,0,1,1,1,1,0,1,1
0,1105,1,1.0,0,1,0,0,0,1,0,0,0,0,1
0,24101,20,0.05,0,14,22,0,0,1,1,0,0,0,1
0,41281,13,1.0,0,13,9,0,0,1,0,0,0,0,1
601,132547,79,1.0,0,0,63,0,0,0,0,0,0,0,1
3200,68624,37,1.0,0,37,35,0,0,0,0,0,0,1,1
0,25091,20,0.05,0,14,22,0,0,1,1,0,0,2,1
0,24735,20,0.05,0,14,22,0,0,1,1,0,0,0,1
0,99421,28,0.9642857142857143,0,27,22,0,1,0,0,0,0,0,1
0,18136,6,0.8333333333333334,0,5,0,0,0,0,1,0,0,1,1
3142,69095,37,1.0,0,37,35,0,0,1,0,0,0,1,1
3658,35264,17,1.0,0,0,11,0,0,0,0,0,0,1,1
0,18902,9,1.0,0,0,10,0,0,0,1,0,0,1,1
7572,41096,23,1.0,0,23,25,0,1,1,1,1,0,1,1
1339,8810,20,1.0,0,0,13,0,0,1,0,0,0,0,1
1977,17198,5,0.0,0,0,4,0,0,0,0,0,0,0,1
3110,68325,37,1.0,0,37,35,0,0,0,0,0,0,1,1
6618,25722,16,0.0,0,15,11,0,0,1,0,2,0,2,1
3176,69300,37,1.0,0,37,35,0,0,1,0,0,0,1,1
0,18878,9,1.0,0,0,10,0,0,0,0,0,0,2,1
0,18136,6,0.8333333333333334,0,5,0,0,0,0,1,0,0,1,1
607,98763,60,1.0,0,0,41,0,0,0,0,0,0,0,1
14007,92626,39,1.0,0,0,18,0,0,0,0,0,0,1,1
0,37338,31,0.03225806451612903,0,20,28,0,0,1,0,0,1,0,1
0,35831,18,1.0,0,0,18,0,0,0,0,0,0,1,1
0,20830,2,1.0,0,2,4,0,0,0,0,0,0,1,1
1645,38348,19,1.0,0,19,19,0,0,0,0,0,0,1,1
824,30403,6,1.0,0,6,2,0,0,0,0,0,0,0,1
0,48744,37,0.02702702702702703,0,26,31,0,0,0,0,0,0,0,1
1699,38334,19,1.0,0,19,19,0,0,1,0,0,0,2,1
0,32441,18,1.0,0,0,18,0,0,0,0,0,0,1,1
0,18574,8,0.75,0,8,2,0,0,1,0,0,0,2,1
2992,26992,11,0.8181818181818182,0,9,8,0,0,1,1,0,0,1,1
7511,42928,25,1.0,0,25,27,0,1,1,1,1,1,1,1
3148,72195,38,1.0,0,38,37,0,0,0,0,0,0,1,1
3152,71602,38,1.0,0,38,36,0,0,1,0,0,0,1,1
0,50691,47,0.02127659574468085,0,26,45,0,0,0,0,0,0,0,1
1728,38392,19,1.0,0,19,19,0,0,1,0,0,0,1,1
1627,25483,12,1.0,0,0,11,0,0,0,0,0,0,1,1
1337,8806,20,1.0,0,0,13,0,0,1,0,0,0,0,1
2465,52210,16,1.0,0,0,15,0,0,0,1,0,0,0,1
5785,98083,12,0.9166666666666666,0,0,17,0,1,0,0,0,0,1,1
10381,39044,28,0.0,0,27,24,0,0,1,0,2,0,2,1
3180,69391,37,1.0,0,37,35,0,0,0,0,0,0,1,1
1272,20371,19,1.0,0,19,18,0,0,0,0,0,0,0,1
0,38742,19,1.0,0,0,19,0,0,0,0,0,0,1,1
3112,68234,37,1.0,0,37,35,0,0,0,0,0,0,1,1
806,28631,5,1.0,0,5,2,0,0,0,0,0,0,0,1
3986,29340,16,1.0,0,0,14,0,0,0,0,0,0,2,1
1340,8820,20,1.0,0,0,13,0,0,1,0,0,0,0,1
2031,30205,17,1.0,0,1,7,0,0,0,0,0,0,0,1
1388,30943,15,1.0,0,15,15,0,0,1,0,0,0,1,1
3152,70543,39,1.0,0,39,36,0,0,1,0,0,0,1,1
2615,52386,16,1.0,0,0,15,0,0,0,1,0,0,0,1
1607,43068,21,1.0,0,21,15,0,0,1,0,0,0,1,1
1653,25425,12,1.0,0,0,11,0,0,0,0,1,0,1,1
3132,68165,37,1.0,0,37,35,0,0,0,0,0,0,1,1
9862,38484,28,0.0,0,27,24,0,0,1,0,2,0,2,1
0,78162,6,1.0,0,0,2,0,1,0,0,0,0,0,1
0,17360,3,0.3333333333333333,0,1,0,0,0,1,1,1,0,1,1
3430,27616,11,0.8181818181818182,0,9,8,0,0,1,1,0,0,1,1
0,18719,9,1.0,0,0,10,0,0,0,0,0,0,1,1
0,23414,20,0.05,0,14,22,0,0,1,1,1,0,0,1
0,38935,31,0.03225806451612903,0,20,28,0,0,1,0,0,0,0,1
1936,38523,12,1.0,0,0,20,0,0,1,0,0,0,0,1
2435,52214,16,1.0,0,0,15,0,0,0,1,0,0,0,1
1338,8813,20,1.0,0,0,13,0,0,0,0,0,0,0,1
3498,27688,11,0.8181818181818182,0,9,8,0,0,1,1,0,0,1,1
3142,69136,37,1.0,0,37,35,0,0,1,0,0,0,1,1
3144,69323,37,1.0,0,37,35,0,0,0,0,0,0,1,1
1312,20895,19,1.0,0,19,18,0,0,1,1,0,0,0,1
793,30372,6,1.0,0,6,2,0,0,0,0,0,0,0,1
0,23416,20,0.05,0,14,22,0,0,1,1,1,0,0,1
689,4664,2,1.0,0,2,0,0,0,1,2,0,0,0,1
3110,67946,37,1.0,0,37,35,0,0,0,0,0,0,1,1
3200,68133,37,1.0,0,37,35,0,0,0,0,0,0,1,1
3162,67660,37,1.0,0,37,35,0,0,0,0,0,0,1,1
819,4787,2,1.0,0,2,0,0,0,1,2,0,0,0,1
0,6078,2,1.0,0,2,2,0,1,0,0,1,0,1,1
3152,71418,39,1.0,0,39,36,0,0,1,0,0,0,1,1
0,48266,37,0.02702702702702703,0,26,31,0,0,0,0,0,0,0,1
2573,27541,11,0.6363636363636364,0,8,8,0,0,1,1,0,0,1,1
0,18857,9,1.0,0,0,10,0,0,0,1,0,0,1,1
591,109970,73,1.0,0,0,57,0,0,1,0,0,0,0,1
1579,43108,21,1.0,0,21,15,0,0,1,0,0,0,1,1
0,99421,28,0.9642857142857143,0,27,22,0,1,0,0,0,0,0,1
2029,19310,15,1.0,0,0,8,0,0,0,0,0,0,0,1
3133,28114,11,0.6363636363636364,0,8,8,0,0,1,1,2,0,2,1
3112,68978,37,1.0,0,37,35,0,0,0,0,0,0,1,1
788,30367,6,1.0,0,6,2,0,0,0,0,0,0,0,1
0,24148,20,0.05,0,14,22,0,0,1,1,0,0,0,1
7435,45358,27,1.0,0,27,29,0,1,0,1,1,0,0,1
1000,33241,6,1.0,0,0,14,0,0,1,0,0,0,0,1
0,135540,49,0.9591836734693877,0,10,10,0,0,0,0,1,0,2,1
1827,57416,18,0.05555555555555555,0,1,18,0,0,1,0,0,0,0,1
1659,40783,18,1.0,0,18,18,0,0,0,0,0,0,1,1
1355,20059,12,0.8333333333333334,0,11,2,0,0,0,0,0,0,2,1
597,96607,59,1.0,0,0,41,0,0,0,0,0,0,0,1
1000,33894,6,1.0,0,0,15,0,0,1,0,0,0,0,1
3194,68966,37,1.0,0,37,35,0,0,0,1,0,0,1,1
3180,69404,37,1.0,0,37,35,0,0,0,0,0,0,1,1
0,548,0,0.0,0,0,1,0,0,0,0,0,0,0,1
0,37861,19,1.0,0,0,19,0,0,0,0,0,0,1,1
847,4897,2,1.0,0,2,0,0,0,1,2,0,0,0,1
0,23032,20,0.05,0,14,22,0,0,1,1,1,0,1,1
0,21217,2,1.0,0,2,4,0,0,0,0,0,0,1,1
0,22044,6,0.6666666666666666,0,6,2,0,0,1,0,0,0,2,1
0,1279,1,0.0,0,0,1,0,3,0,0,0,0,1,1
0,1279,1,0.0,0,0,1,0,3,0,0,0,0,1,1
1806,38468,19,1.0,0,19,19,0,0,1,0,0,0,1,1
1189,38642,8,1.0,0,0,8,0,0,0,1,0,0,0,1
1335,8800,20,1.0,0,0,13,0,0,1,0,0,0,0,1
2490,44407,13,1.0,0,0,10,0,0,0,0,0,0,0,1
1621,42409,20,1.0,0,20,14,0,0,0,0,0,0,1,1
0,547,0,0.0,0,0,1,0,0,1,0,0,0,0,1
5255,73946,27,1.0,0,0,21,0,0,0,2,1,0,0,1
1123,46677,5,1.0,0,5,6,0,0,0,0,0,0,0,1
0,24822,7,0.8571428571428571,0,6,4,0,0,1,1,0,0,2,1
1214,32537,7,1.0,0,0,7,0,0,0,2,0,0,0,1
5601,55719,24,1.0,0,0,14,0,0,0,0,0,0,0,1
0,114555,43,0.9767441860465116,0,5,15,0,0,0,0,1,0,2,1
792,30371,6,1.0,0,6,2,0,0,0,0,0,0,0,1
4227,55409,16,1.0,0,0,15,0,0,0,1,0,0,0,1
1607,43095,21,1.0,0,21,15,0,0,1,0,0,0,1,1
7863,105672,20,0.35,0,18,17,0,0,1,1,0,0,1,1
0,22059,6,0.6666666666666666,0,6,2,0,0,1,0,0,0,2,1
2029,18607,15,1.0,0,0,8,0,0,0,0,0,0,0,1
0,55353,6,1.0,0,0,2,0,1,0,0,0,0,0,1
3077,28052,11,0.6363636363636364,0,8,8,0,0,1,1,2,0,2,1
0,14154,6,0.6666666666666666,0,6,2,0,0,0,0,0,0,2,1
0,14179,5,1.0,0,5,0,0,0,0,1,1,0,0,1
0,341,0,0.0,0,0,1,0,0,0,0,0,0,0,1
0,341,0,0.0,0,0,1,0,0,0,0,0,0,0,1
1135,46595,5,1.0,0,5,6,0,0,0,0,0,0,0,1
1228,12255,0,0.0,0,0,1,0,0,1,0,0,0,2,1
9115,85075,86,1.0,0,2,78,0,0,0,0,1,0,0,1
2503,17511,6,0.0,0,0,5,0,0,1,1,0,0,0,1
0,99421,28,0.9642857142857143,0,27,22,0,1,0,0,0,0,0,1
0,23990,20,0.05,0,14,22,0,0,0,1,0,0,0,1
1337,8723,20,1.0,0,0,13,0,0,0,0,0,0,0,1
7567,44491,25,1.0,0,25,27,0,1,1,1,1,0,1,1
0,40877,20,1.0,0,0,20,0,0,1,0,0,0,2,1
0,20815,2,1.0,0,2,4,0,0,0,0,0,0,1,1
3156,69258,37,1.0,0,37,35,0,0,1,1,0,0,1,1
0,48809,37,0.02702702702702703,0,26,31,0,0,0,0,0,0,0,1
0,67716,32,0.9375,0,16,15,0,0,0,0,1,0,2,1
1287,34390,14,1.0,0,14,14,0,0,0,0,0,0,1,1
597,126601,76,1.0,0,0,61,0,0,1,0,0,0,0,1
267,71290,11,1.0,0,11,9,0,0,1,0,0,0,0,1
3202,69240,37,1.0,0,37,35,0,0,1,0,0,0,1,1
1277,34406,14,1.0,0,14,14,0,0,0,0,0,0,1,1
0,54027,13,1.0,0,0,8,0,0,0,0,0,0,0,1
0,27502,30,0.03333333333333333,0,15,36,0,0,1,1,0,0,0,1
3124,69791,37,1.0,0,37,34,0,0,1,0,0,0,1,1
0,20357,9,1.0,0,0,10,0,0,0,0,0,0,1,1
0,40864,20,1.0,0,0,20,0,0,0,0,0,0,1,1
0,50441,47,0.02127659574468085,0,26,45,0,0,0,0,0,0,0,1
3127,28100,11,0.6363636363636364,0,8,8,0,0,1,1,2,0,2,1
3152,71856,39,1.0,0,39,36,0,0,1,0,0,0,1,1
1143,46603,5,1.0,0,5,6,0,0,0,0,0,0,0,1
2034,18618,15,1.0,0,0,8,0,0,0,0,0,0,0,1
3116,67264,37,1.0,0,37,35,0,0,0,0,0,0,1,1
0,24136,20,0.05,0,14,22,0,0,0,1,0,0,0,1
13834,90395,37,1.0,0,0,17,0,0,0,0,1,0,1,1
7117,63592,21,0.9523809523809523,0,0,12,0,2,0,0,0,1,1,1
595,108343,67,1.0,0,0,45,0,0,0,0,0,0,0,1
0,69479,34,1.0,0,34,13,0,0,0,0,0,0,1,1
0,66372,32,0.96875,0,2,16,0,0,1,1,0,0,1,1
1345,8720,20,1.0,0,0,13,0,0,1,0,0,0,0,1
0,40904,20,1.0,0,0,20,0,0,0,0,0,0,1,1
7433,42563,23,1.0,0,23,25,0,1,1,1,1,0,0,1
807,30386,6,1.0,0,6,2,0,0,0,0,0,0,0,1
4059,45590,23,1.0,0,0,11,0,0,0,0,0,0,1,1
0,24029,20,0.05,0,14,22,0,0,1,1,0,0,0,1
6537,25647,16,0.0,0,15,11,0,0,1,0,2,0,2,1
0,75815,28,1.0,0,1,12,0,0,0,0,0,0,1,1
0,6134,2,1.0,0,2,2,0,1,0,0,1,0,1,1
0,60572,30,0.9333333333333333,0,16,14,0,0,0,0,1,0,2,1
0,23002,20,0.05,0,14,22,0,0,1,1,0,0,0,1
3430,27624,11,0.8181818181818182,0,9,8,0,0,1,1,0,0,1,1
3142,69073,37,1.0,0,37,35,0,0,1,0,0,0,1,1
1763,44663,7,1.0,0,0,16,0,1,0,0,0,0,1,1
1337,8832,20,1.0,0,0,13,0,0,1,0,0,0,0,1
0,40986,20,1.0,0,0,20,0,0,0,1,0,0,1,1
2034,30065,17,1.0,0,1,7,0,0,0,0,0,0,0,1
3148,73237,38,1.0,0,38,37,0,0,0,0,0,0,1,1
0,38944,31,0.03225806451612903,0,20,28,0,0,1,0,0,0,0,1
1335,34397,14,1.0,0,14,14,0,0,1,0,0,0,1,1
3110,68048,37,1.0,0,37,35,0,0,0,0,0,0,1,1
3194,68574,37,1.0,0,37,35,0,0,0,1,0,0,1,1
2068,14355,2,1.0,0,0,2,0,1,0,0,0,0,1,1
0,40880,20,1.0,0,0,20,0,0,0,0,0,0,1,1
7563,25687,24,1.0,0,0,22,0,0,0,0,0,0,4,1
806,28631,5,1.0,0,5,2,0,0,0,0,0,0,0,1
0,53999,13,1.0,0,0,8,0,0,0,0,0,0,0,1
7417,40533,21,1.0,0,21,23,0,1,1,1,1,0,0,1
1278,34372,14,1.0,0,14,14,0,0,1,0,0,0,1,1
3152,70773,39,1.0,0,39,36,0,0,1,0,0,0,1,1
0,62352,28,0.9285714285714286,0,16,11,0,0,0,0,1,0,2,1
3188,70319,39,1.0,0,39,36,0,0,1,0,0,0,1,1
591,72105,42,1.0,0,0,30,0,0,0,0,0,0,0,1
0,40899,20,1.0,0,0,20,0,0,0,0,0,0,1,1
0,26918,30,0.03333333333333333,0,13,36,0,0,1,1,0,0,0,1
459,11693,19,1.0,0,1,26,0,0,1,0,0,0,0,1
804,30383,6,1.0,0,6,2,0,0,0,0,0,0,0,1
1853,44911,12,1.0,0,0,11,0,0,0,1,0,0,0,1
0,25033,20,0.05,0,14,22,0,0,0,1,0,0,0,1
0,48155,37,0.02702702702702703,0,26,31,0,0,0,0,0,0,0,1
1336,34407,14,1.0,0,14,14,0,0,0,0,0,0,2,1
1337,8816,20,1.0,0,0,13,0,0,0,0,0,0,0,1
9380,37304,25,0.0,0,24,20,0,0,1,0,2,0,2,1
1141,46601,5,1.0,0,5,6,0,0,0,0,0,0,0,1
0,99421,28,0.9642857142857143,0,27,22,0,1,0,0,0,0,0,1
3176,28151,11,0.6363636363636364,0,8,8,0,0,1,1,2,0,2,1
3130,67690,37,1.0,0,37,35,0,0,0,0,0,0,1,1
3196,28774,17,1.0,0,0,11,0,0,0,0,0,0,1,1
591,84217,52,1.0,0,0,41,0,0,0,0,0,0,0,1
614,43178,11,1.0,0,0,8,0,0,1,0,0,0,1,1
0,24808,20,0.05,0,14,22,0,0,1,1,0,0,0,1
3124,69142,37,1.0,0,37,34,0,0,1,0,0,0,1,1
1312,35577,8,1.0,0,0,17,0,0,1,0,0,0,0,1
0,41241,20,1.0,0,0,20,0,0,0,0,0,0,1,1
4875,67318,21,1.0,0,0,19,0,0,0,1,0,0,0,1
0,40934,20,1.0,0,0,20,0,0,0,0,0,0,1,1
3116,67517,37,1.0,0,37,35,0,0,0,0,0,0,1,1
9017,36904,25,0.0,0,24,20,0,0,1,0,2,0,2,1
1909,13551,3,1.0,0,0,3,0,0,0,0,0,0,1,1
3130,69266,38,1.0,0,38,34,0,0,1,0,0,0,1,1
0,23889,20,0.05,0,14,22,0,0,1,1,0,0,0,1
0,21216,3,0.6666666666666666,0,2,4,0,0,0,0,0,0,2,1
7473,42356,23,1.0,0,23,25,0,1,1,1,1,0,0,1
0,50424,47,0.02127659574468085,0,26,45,0,0,0,0,0,0,0,1
0,26918,30,0.03333333333333333,0,13,36,0,0,1,1,0,0,0,1
0,41114,20,1.0,0,0,20,0,0,0,0,0,0,1,1
9017,36904,25,0.0,0,24,20,0,0,1,0,2,0,2,1
3126,67912,37,1.0,0,37,35,0,0,0,0,0,0,1,1
0,24095,20,0.05,0,14,22,0,0,1,1,0,0,0,1
3124,69540,37,1.0,0,37,34,0,0,1,0,0,0,1,1
1342,8827,20,1.0,0,0,13,0,0,1,0,0,0,0,1
0,48976,37,0.02702702702702703,0,26,31,0,0,0,0,0,0,0,1
0,25033,20,0.05,0,14,22,0,0,0,1,0,0,0,1
0,41138,20,1.0,0,0,20,0,0,0,0,0,0,1,1
3146,67645,37,1.0,0,37,35,0,0,1,0,0,0,2,1
597,137148,80,1.0,0,0,63,0,0,0,0,0,0,0,1
6318,24277,16,0.0,0,15,11,0,0,1,0,2,0,2,1
1977,17177,5,0.0,0,0,4,0,0,0,0,0,0,0,1
0,8332,13,1.0,0,13,2,0,0,0,1,0,0,1,1
2062,17100,7,1.0,0,7,0,0,0,0,1,1,0,0,1
1317,16842,2,0.5,0,1,3,0,0,1,1,0,1,1,1
0,4709,8,1.0,0,8,1,0,0,1,1,0,0,1,1
0,4708,8,1.0,0,8,0,0,0,0,1,0,0,1,1
820,4929,2,1.0,0,2,0,0,0,1,2,0,0,0,1
819,4787,2,1.0,0,2,0,0,0,1,2,0,0,0,1
0,20246,6,0.6666666666666666,0,6,2,0,0,0,0,0,0,2,1
1731,1731,0,0.0,0,0,0,0,0,1,0,1,0,0,1
2104,2104,0,0.0,0,0,0,0,4,0,1,3,1,0,1
1764,1764,0,0.0,0,0,0,0,2,0,0,1,0,0,1
2481,2481,0,0.0,0,0,0,0,11,0,1,2,0,0,1
3536,3536,0,0.0,0,0,0,0,4,1,2,1,0,0,1
3128,3128,0,0.0,0,0,0,0,13,0,1,2,1,0,1
2315,3036,0,0.0,0,0,0,0,3,1,1,1,0,0,1
2427,2427,0,0.0,0,0,0,0,0,0,0,0,1,0,1
1520,1520,0,0.0,0,0,0,0,5,1,1,1,0,0,1
2469,2469,0,0.0,0,0,0,0,6,0,1,1,0,0,1
1922,1922,0,0.0,0,0,0,0,7,0,1,1,0,0,1
839,839,0,0.0,0,0,0,0,0,0,0,0,0,0,1
806,806,0,0.0,0,0,0,0,3,0,0,1,0,0,1
1163,1163,0,0.0,0,0,0,0,0,0,1,0,0,0,1
2002,2002,0,0.0,0,0,0,0,6,0,1,3,0,0,1
2599,2599,0,0.0,0,0,0,0,4,0,2,2,1,0,1
1741,1741,0,0.0,0,0,0,0,0,0,0,0,0,0,1
2227,2227,0,0.0,0,0,0,0,4,0,1,1,0,0,1
2539,2539,0,0.0,0,0,0,0,4,1,2,3,1,0,1
2959,2959,0,0.0,0,0,0,0,9,0,1,2,2,0,1
2857,2857,0,0.0,0,0,0,0,3,0,0,1,0,0,1
3214,3214,0,0.0,0,0,0,0,5,0,1,4,1,0,1
4110,4110,0,0.0,0,0,0,0,22,0,2,3,0,0,1
2589,2967,3,0.0,0,0,0,0,6,0,3,4,0,0,1
3137,3924,0,0.0,0,0,0,0,11,1,2,2,0,0,1
1529,1529,0,0.0,0,0,0,0,8,0,1,2,0,0,1
3298,3298,0,0.0,0,0,0,0,1,1,1,0,0,0,1
3550,3550,0,0.0,0,0,0,0,2,1,0,1,1,0,1
2528,3376,1,0.0,0,0,0,0,5,0,1,2,0,0,1
1739,1739,0,0.0,0,0,0,0,3,0,1,1,1,0,1
1575,1575,0,0.0,0,0,0,0,1,0,0,1,0,0,1
1966,1966,0,0.0,0,0,0,0,0,0,0,0,0,0,1
1816,1816,0,0.0,0,0,0,0,1,1,0,1,0,0,1
1052,1409,1,0.0,0,1,0,0,7,0,0,1,0,0,1
1369,1369,0,0.0,0,0,0,0,0,0,0,2,1,0,1
5256,5256,0,0.0,0,0,0,0,33,1,3,3,0,0,1
2975,2975,0,0.0,0,0,0,0,14,1,1,2,1,0,1
3670,3670,0,0.0,0,0,0,0,0,0,2,1,0,0,1
3922,3922,0,0.0,0,0,0,0,24,1,2,3,0,0,1
3380,3380,0,0.0,0,0,0,0,0,0,0,0,1,0,1
2072,2072,0,0.0,0,0,0,0,11,1,1,2,1,0,1
4024,4024,0,0.0,0,0,0,0,15,1,3,2,1,0,1
3449,3449,0,0.0,0,0,0,0,5,1,2,2,0,0,1
1877,1877,0,0.0,0,0,0,0,0,1,0,0,0,0,1
3029,3029,0,0.0,0,0,0,0,3,0,1,1,0,0,1
480,480,0,0.0,0,0,0,0,1,0,0,0,0,1,1
3111,3111,0,0.0,0,0,0,0,9,1,3,2,1,0,1
2671,2671,0,0.0,0,0,0,0,4,0,0,5,0,0,1
3214,3214,0,0.0,0,0,0,0,4,0,0,1,2,0,1
2759,2759,0,0.0,0,0,0,0,3,0,0,1,0,0,1
3961,3961,0,0.0,0,0,0,0,18,0,2,2,1,0,1
1456,1456,0,0.0,0,0,0,0,0,0,0,0,1,0,1
2680,2680,0,0.0,0,0,0,0,9,0,1,2,0,0,1
3093,3093,0,0.0,0,0,0,0,4,0,1,2,0,0,1
2674,2674,0,0.0,0,0,0,0,0,0,0,0,1,0,1
0,3426,0,0.0,0,0,0,0,5,1,2,3,1,0,1
2488,2488,0,0.0,0,0,0,0,5,0,1,4,0,0,1
2803,3508,2,0.0,0,2,0,0,9,1,2,3,1,0,1
2988,2988,0,0.0,0,0,0,0,11,0,0,4,0,0,1
1838,2876,4,0.0,0,3,1,0,0,0,1,1,0,1,1
2366,2366,0,0.0,0,0,0,0,9,1,1,3,0,0,1
3441,3441,0,0.0,0,0,0,0,6,0,1,3,0,0,1
3378,4060,5,0.0,0,0,0,0,7,0,3,2,1,1,1
3593,4101,1,0.0,0,1,0,0,8,0,1,2,1,0,1
1705,1705,0,0.0,0,0,0,0,1,1,0,0,0,0,1
3105,3105,0,0.0,0,0,0,0,0,0,0,0,1,0,1
3938,3938,0,0.0,0,0,0,0,31,0,2,3,0,0,1
1623,1623,0,0.0,0,0,0,0,4,0,1,2,0,0,1
1937,1937,0,0.0,0,0,0,0,12,0,0,1,1,0,1
3050,3050,0,0.0,0,0,0,0,12,0,2,2,0,0,1
2793,2793,0,0.0,0,0,0,0,11,0,1,4,0,1,1
2224,2224,0,0.0,0,0,0,0,1,0,2,0,0,0,1
4206,4206,0,0.0,0,0,0,0,0,0,0,0,0,0,1
894,894,0,0.0,0,0,0,0,0,1,2,0,0,0,1
2633,2633,0,0.0,0,0,0,0,5,0,3,3,1,0,1
3568,3568,0,0.0,0,0,0,0,2,0,2,1,0,0,1
1533,1533,0,0.0,0,0,0,0,0,0,0,0,1,0,1
1986,1986,0,0.0,0,0,0,0,10,0,1,2,0,0,1
1454,1454,0,0.0,0,0,0,0,0,0,1,0,0,0,1
1485,1485,0,0.0,0,0,0,0,4,0,1,1,0,0,1
3482,3482,0,0.0,0,0,0,0,17,0,2,1,1,0,1
2661,3175,2,0.0,0,0,0,0,0,0,1,1,1,0,1
2836,2836,0,0.0,0,0,0,0,7,1,2,1,1,0,1
2381,2381,0,0.0,0,0,0,0,4,1,2,3,1,0,1
4339,4339,0,0.0,0,0,0,0,13,0,3,2,0,0,1
2695,2695,0,0.0,0,0,0,0,0,0,0,0,0,0,1
3287,3287,0,0.0,0,0,0,0,5,0,1,1,0,0,1
3267,3751,1,0.0,0,0,0,0,3,0,2,2,1,0,1
1903,1903,0,0.0,0,0,0,0,0,0,0,0,0,0,1
2358,2358,0,0.0,0,0,0,0,7,0,0,1,0,0,1
2141,2141,0,0.0,0,0,0,0,3,0,0,1,0,0,1
3593,3593,0,0.0,0,0,0,0,3,0,1,1,0,0,1
3286,3888,0,0.0,0,0,0,0,1,0,0,1,0,0,1
2239,2239,0,0.0,0,0,0,0,0,0,0,1,0,0,1
3381,3381,0,0.0,0,0,0,0,17,1,2,2,0,0,1
664,664,0,0.0,0,0,0,0,3,1,0,2,0,0,1
3339,3339,0,0.0,0,0,0,0,4,0,0,2,0,0,1
2214,2214,0,0.0,0,0,0,0,4,1,1,3,0,0,1
3689,3689,0,0.0,0,0,0,0,14,0,1,2,1,1,1
2994,2994,0,0.0,0,0,0,0,18,0,1,3,0,0,1
2774,3161,1,0.0,0,0,0,0,0,0,1,1,1,0,1
3294,3294,0,0.0,0,0,0,0,9,0,0,3,0,0,1
1879,2255,1,0.0,0,0,0,0,10,0,0,2,0,0,1
3188,3188,0,0.0,0,0,0,0,4,0,1,1,1,0,1
3576,3576,0,0.0,0,0,0,0,4,1,2,2,1,0,1
2428,2428,0,0.0,0,0,0,0,1,0,0,1,0,0,1
693,693,0,0.0,0,0,0,0,0,0,0,1,0,0,1
3744,3744,0,0.0,0,0,0,0,0,0,0,0,1,0,1
2006,2006,0,0.0,0,0,0,0,7,1,1,2,0,0,1
1338,1888,0,0.0,0,0,0,0,0,1,1,1,0,0,1
0,1959,1,0.0,0,1,0,0,0,0,0,1,0,2,1
5417,6552,2,0.0,0,0,0,0,26,0,2,2,0,0,1
2151,2283,0,0.0,0,0,0,0,2,0,1,2,0,0,1
3632,3632,0,0.0,0,0,0,0,8,0,0,2,1,0,1
2688,2688,0,0.0,0,0,0,0,1,0,0,1,0,0,1
1588,1588,0,0.0,0,0,0,0,5,0,0,1,1,0,1
2016,2016,0,0.0,0,0,0,0,0,1,0,0,0,0,1
2572,2572,0,0.0,0,0,0,0,3,0,1,1,1,0,1
0,3426,0,0.0,0,0,0,0,5,1,2,3,1,0,1
742,742,0,0.0,0,0,0,0,1,0,0,0,0,0,1
1538,1857,0,0.0,0,0,0,0,7,1,1,2,0,0,1
5060,5060,0,0.0,0,0,0,0,4,0,1,2,1,0,1
2875,2875,0,0.0,0,0,0,0,13,1,1,2,1,0,1
3193,3193,0,0.0,0,0,0,0,3,1,1,2,1,0,1
4246,4246,0,0.0,0,0,0,0,7,1,2,1,1,0,1
3218,3218,0,0.0,0,0,0,0,8,1,1,4,0,0,1
1573,1573,0,0.0,0,0,0,0,1,0,0,1,0,0,1
1954,1954,0,0.0,0,0,0,0,0,0,1,0,0,0,1
2047,2047,0,0.0,0,0,0,0,0,1,0,0,0,0,1
3296,3296,0,0.0,0,0,0,0,18,1,1,2,0,0,1
1771,1771,0,0.0,0,0,0,0,0,1,1,0,0,0,1
2753,2753,0,0.0,0,0,0,0,8,0,0,1,2,0,1
2474,2474,0,0.0,0,0,0,0,1,1,0,1,0,0,1
2855,2855,0,0.0,0,0,0,0,6,1,2,2,1,0,1
2410,2410,0,0.0,0,0,0,0,0,0,1,0,1,0,1
2398,2398,0,0.0,0,0,0,0,0,1,0,0,0,0,1
10619,10619,0,0.0,0,0,0,0,0,0,1,0,2,0,1
2115,2115,0,0.0,0,0,0,0,3,1,0,1,1,0,1
638,638,0,0.0,0,0,0,0,0,0,1,0,0,0,1
2955,2955,0,0.0,0,0,0,0,0,0,1,1,0,0,1
2853,2853,0,0.0,0,0,0,0,1,0,3,1,0,0,1
3206,3206,0,0.0,0,0,0,0,0,0,0,0,0,0,1
1827,1827,0,0.0,0,0,0,0,1,1,1,1,0,0,1
3387,3387,0,0.0,0,0,0,0,18,0,1,2,1,0,1
0,1344,1,0.0,0,1,0,0,0,0,0,0,0,0,1
3435,3435,0,0.0,0,0,0,0,0,0,0,0,0,0,1
2433,2433,0,0.0,0,0,0,0,7,0,0,2,1,0,1
2930,2930,0,0.0,0,0,0,0,12,1,1,2,1,1,1
2248,2248,0,0.0,0,0,0,0,0,0,0,0,0,0,1
1809,1809,0,0.0,0,0,0,0,0,0,0,0,0,0,1
2212,2212,0,0.0,0,0,0,0,3,1,0,1,0,0,1
3322,3322,0,0.0,0,0,0,0,0,0,1,1,0,0,1
2817,2817,0,0.0,0,0,0,0,7,0,1,5,0,0,1
2844,2844,0,0.0,0,0,0,0,2,0,1,2,0,0,1
3090,3090,0,0.0,0,0,0,0,9,1,1,2,0,0,1
2823,2823,0,0.0,0,0,0,0,5,0,2,1,0,0,1
3832,4405,0,0.0,0,0,0,0,10,1,2,2,1,0,1
1957,1957,0,0.0,0,0,0,0,0,0,2,1,0,0,1
3129,3129,0,0.0,0,0,0,0,12,0,1,3,1,0,1
3316,3316,0,0.0,0,0,0,0,3,1,0,1,0,0,1
2857,2857,0,0.0,0,0,0,0,0,0,0,1,1,0,1
3045,3045,0,0.0,0,0,0,0,3,0,2,1,1,0,1
2693,2693,0,0.0,0,0,0,0,0,0,1,2,0,0,1
2468,2468,0,0.0,0,0,0,0,4,0,1,2,0,0,1
2123,2360,0,0.0,0,0,0,0,1,0,1,0,0,0,1
2648,2648,0,0.0,0,0,0,0,8,0,1,2,0,0,1
2116,2116,0,0.0,0,0,0,0,3,0,1,3,1,0,1
3432,3432,0,0.0,0,0,0,0,2,0,0,4,0,0,1
2820,3830,2,0.0,0,0,0,0,0,0,0,0,0,0,1
3268,3268,0,0.0,0,0,0,0,3,0,2,1,1,0,1
2688,2688,0,0.0,0,0,0,0,5,0,0,4,0,0,1
3619,3619,0,0.0,0,0,0,0,22,0,2,3,0,0,1
1025,1025,0,0.0,0,0,0,0,0,0,0,0,0,0,1
2329,2329,0,0.0,0,0,0,0,6,0,1,1,0,0,1
1074,1074,0,0.0,0,0,0,0,2,0,0,1,0,0,1
3007,3007,0,0.0,0,0,0,0,6,0,0,4,0,0,1
2176,2176,0,0.0,0,0,0,0,11,0,0,2,0,0,1
825,1357,0,0.0,0,0,0,0,2,1,1,1,0,0,1
3033,3033,0,0.0,0,0,0,0,15,1,3,2,1,0,1
1890,1890,0,0.0,0,0,0,0,0,0,1,0,0,0,1
3872,3872,0,0.0,0,0,0,0,7,0,1,2,3,0,1
839,839,0,0.0,0,0,0,0,0,0,1,0,0,0,1
2116,2116,0,0.0,0,0,0,0,3,0,1,3,1,0,1
2090,2090,0,0.0,0,0,0,0,11,1,1,3,0,0,1
369,369,0,0.0,0,0,0,0,0,0,0,0,0,0,1
2535,2535,0,0.0,0,0,0,0,4,0,1,2,0,0,1
2730,2730,0,0.0,0,0,0,0,11,1,1,2,1,0,1
2626,2626,0,0.0,0,0,0,0,29,0,2,3,0,0,1
2757,2757,0,0.0,0,0,0,0,12,0,2,2,1,0,1
2514,2514,0,0.0,0,0,0,0,8,0,0,4,1,0,1
0,3577,0,0.0,0,0,0,0,2,1,0,1,0,0,1
2327,2327,0,0.0,0,0,0,0,11,0,1,2,1,0,1
3388,4133,0,0.0,0,0,0,0,1,0,1,0,0,0,1
3402,3402,0,0.0,0,0,0,0,14,1,1,2,1,0,1
3192,3192,0,0.0,0,0,0,0,7,0,0,2,1,0,1
2565,2864,3,0.0,0,2,0,0,0,0,0,1,0,0,1
3093,3093,0,0.0,0,0,0,0,0,0,0,0,0,0,1
2602,2602,0,0.0,0,0,0,0,1,1,1,0,0,0,1
2934,2934,0,0.0,0,0,0,0,0,0,1,0,0,0,1
2278,2278,0,0.0,0,0,0,0,5,0,0,3,0,0,1
2062,2062,0,0.0,0,0,0,0,0,0,1,1,1,0,1
2680,2680,0,0.0,0,0,0,0,2,0,1,1,0,1,1
3908,5150,0,0.0,0,0,0,0,14,1,1,2,1,0,1
3400,3400,0,0.0,0,0,0,0,16,0,0,2,0,1,1
0,2281,1,0.0,0,0,0,0,0,0,0,0,0,0,1
2118,2118,0,0.0,0,0,0,0,1,0,0,0,0,0,1
0,5353,1,0.0,0,0,1,0,0,0,1,1,1,0,1
3300,3300,0,0.0,0,0,0,0,9,0,3,2,1,0,1
1954,1954,0,0.0,0,0,0,0,5,0,2,2,0,0,1
2312,6880,0,0.0,0,0,0,0,3,0,0,2,1,0,1
695,695,0,0.0,0,0,0,0,3,0,0,1,0,0,1
2203,2203,0,0.0,0,0,0,0,0,1,1,0,0,0,1
3278,3278,0,0.0,0,0,0,0,0,0,2,1,0,0,1
2250,2866,2,0.0,0,0,0,0,1,0,0,1,0,0,1
2990,3221,2,0.0,0,0,0,0,0,0,0,0,0,0,1
2317,2317,0,0.0,0,0,0,0,3,0,0,2,1,0,1
3347,3347,0,0.0,0,0,0,0,18,0,2,3,0,0,1
2085,2085,0,0.0,0,0,0,0,2,1,1,1,0,0,1
2798,2798,0,0.0,0,0,0,0,17,0,2,2,0,0,1
3125,3547,1,0.0,0,0,0,0,1,1,2,1,0,0,1
3755,3755,0,0.0,0,0,0,0,9,0,1,1,1,0,1
3165,3165,0,0.0,0,0,0,0,15,0,2,3,0,0,1
2068,2068,0,0.0,0,0,0,0,0,0,0,1,0,0,1
2365,2365,0,0.0,0,0,0,0,3,1,0,2,0,0,1
1982,2554,0,0.0,0,0,0,0,7,0,1,2,0,0,1
3187,3187,0,0.0,0,0,0,0,1,1,0,3,0,0,1
3742,3742,0,0.0,0,0,0,0,11,1,3,2,1,0,1
2007,2007,0,0.0,0,0,0,0,0,0,0,0,0,0,1
2735,6371,1,0.0,0,0,0,0,0,0,0,0,0,0,1
1205,1205,0,0.0,0,0,0,0,4,0,0,2,0,0,1
365,365,0,0.0,0,0,0,0,0,0,0,0,0,0,1
3491,3491,0,0.0,0,0,0,0,14,1,2,2,0,0,1
1065,1065,0,0.0,0,0,0,0,0,1,0,0,0,0,1
2698,2698,0,0.0,0,0,0,0,4,1,0,2,1,1,1
2931,3627,3,0.0,0,2,0,0,10,0,1,3,2,0,1
4580,4953,4,0.0,0,0,0,0,2,0,2,3,3,0,1
0,3758,1,0.0,0,0,0,0,2,0,1,1,1,0,1
1580,1580,0,0.0,0,0,0,0,1,1,0,1,0,0,1
3450,3450,0,0.0,0,0,0,0,1,1,1,1,1,1,1
2526,2526,0,0.0,0,0,0,0,11,1,1,2,0,0,1
4188,4188,0,0.0,0,0,0,0,15,1,2,3,1,0,1
2865,2865,0,0.0,0,0,0,0,13,1,1,2,1,0,1
1325,1325,0,0.0,0,0,0,0,7,0,2,2,0,0,1
2787,2787,0,0.0,0,0,0,0,1,0,0,1,0,0,1
2814,2814,0,0.0,0,0,0,0,5,0,1,2,0,0,1
3261,3261,0,0.0,0,0,0,0,18,1,0,2,0,0,1
2578,2578,0,0.0,0,0,0,0,1,0,0,1,0,0,1
2631,3088,3,0.0,0,0,0,0,5,0,1,2,0,0,1
1769,1769,0,0.0,0,0,0,0,4,0,1,2,0,0,1
3683,3683,0,0.0,0,0,0,0,16,1,1,3,1,0,1
1379,1379,0,0.0,0,0,0,0,2,0,0,1,0,0,1
2025,2025,0,0.0,0,0,0,0,0,0,1,1,1,0,1
1250,1250,0,0.0,0,0,0,0,0,0,0,1,0,0,1
3450,3450,0,0.0,0,0,0,0,19,1,1,2,0,1,1
3873,3873,0,0.0,0,0,0,0,10,0,3,2,1,0,1
3085,3085,0,0.0,0,0,0,0,8,0,0,2,1,0,1
893,893,0,0.0,0,0,0,0,1,1,0,2,1,0,1
2529,2529,0,0.0,0,0,0,0,2,0,0,1,0,0,1
2612,2889,1,0.0,0,0,0,0,10,0,1,2,1,0,1
0,2561,4,0.0,0,2,0,0,8,0,1,1,1,0,1
1972,1972,0,0.0,0,0,0,0,8,0,0,2,0,0,1
1473,1921,0,0.0,0,0,0,0,1,0,3,1,0,0,1
4277,4277,0,0.0,0,0,0,0,8,0,3,4,1,0,1
4008,4008,0,0.0,0,0,0,0,4,0,3,2,0,0,1
0,3577,0,0.0,0,0,0,0,2,1,0,1,0,0,1
2953,3371,1,0.0,0,1,0,0,8,0,1,2,1,0,1
3296,3296,0,0.0,0,0,0,0,9,0,1,2,0,0,1
746,746,0,0.0,0,0,0,0,0,0,0,0,0,0,1
2999,2999,0,0.0,0,0,0,0,6,0,0,3,0,0,1
1488,1488,0,0.0,0,0,0,0,5,0,0,1,0,0,1
0,2834,2,0.0,0,0,0,0,4,0,0,1,1,0,1
2106,2449,3,0.0,0,0,0,0,3,0,0,1,1,0,1
1953,1953,0,0.0,0,0,0,0,0,0,3,0,1,0,1
2750,2750,0,0.0,0,0,0,0,8,0,2,1,1,0,1
2311,2311,0,0.0,0,0,0,0,0,0,1,0,0,0,1
2728,2728,0,0.0,0,0,0,0,0,0,1,2,0,0,1
3354,3354,0,0.0,0,0,0,0,0,0,0,1,1,1,1
2282,2282,0,0.0,0,0,0,0,2,0,0,1,0,0,1
2247,2247,0,0.0,0,0,0,0,4,1,1,3,0,0,1
3422,3422,0,0.0,0,0,0,0,14,0,1,3,1,0,1
2315,2315,0,0.0,0,0,0,0,13,0,1,3,0,0,1
2664,3406,0,0.0,0,0,0,0,1,0,1,0,0,0,1
2253,2253,0,0.0,0,0,0,0,14,1,2,2,1,0,1
1686,1957,2,0.0,0,1,0,0,4,0,0,2,1,0,1
766,766,0,0.0,0,0,0,0,0,0,0,0,0,0,1
1419,1419,0,0.0,0,0,0,0,3,0,0,1,0,0,1
1178,1338,0,0.0,0,0,0,0,1,1,1,1,0,0,1
3969,3969,0,0.0,0,0,0,0,9,0,1,3,1,0,1
2384,2384,0,0.0,0,0,0,0,0,0,1,1,0,0,1
1850,2478,1,0.0,0,0,0,0,0,0,2,0,1,0,1
1154,1154,0,0.0,0,0,0,0,1,0,1,1,0,0,1
0,5352,4,0.0,0,2,0,0,14,1,1,2,1,0,1
1889,1889,0,0.0,0,0,0,0,1,0,1,0,0,0,1
2378,2378,0,0.0,0,0,0,0,0,1,2,2,0,0,1
3582,3582,0,0.0,0,0,0,0,16,1,1,3,1,0,1
3192,3192,0,0.0,0,0,0,0,9,0,3,2,1,0,1
2563,2563,0,0.0,0,0,0,0,6,1,1,2,0,0,1
2703,2703,0,0.0,0,0,0,0,4,0,2,2,0,0,1
2183,2183,0,0.0,0,0,0,0,1,0,0,3,0,0,1
2235,2235,0,0.0,0,0,0,0,2,0,1,1,0,0,1
1881,1881,0,0.0,0,0,0,0,6,0,0,1,1,0,1
2187,2187,0,0.0,0,0,0,0,2,0,0,1,1,0,1
367,825,0,0.0,0,0,0,0,0,0,0,0,0,0,1
1940,1940,0,0.0,0,0,0,0,5,0,0,1,1,0,1
1651,1651,0,0.0,0,0,0,0,8,0,0,2,0,0,1
2828,2828,0,0.0,0,0,0,0,6,1,2,1,1,0,1
4339,4339,0,0.0,0,0,0,0,2,1,1,1,1,0,1
4130,4130,0,0.0,0,0,0,0,13,0,2,4,0,0,1
2782,2782,0,0.0,0,0,0,0,1,0,0,1,0,0,1
2393,2393,2,0.0,0,0,0,0,1,0,1,2,0,0,1
1115,1115,0,0.0,0,0,0,0,7,1,0,2,0,0,1
2561,2561,0,0.0,0,0,0,0,4,0,1,2,0,0,1
2350,2350,0,0.0,0,0,0,0,7,0,1,2,0,0,1
1521,1521,0,0.0,0,0,0,0,2,1,0,0,2,0,1
3582,3582,0,0.0,0,0,0,0,16,1,1,3,1,0,1
3901,3901,0,0.0,0,0,0,0,2,0,1,1,0,0,1
1909,1909,0,0.0,0,0,0,0,1,1,0,1,0,0,1
0,1649,0,0.0,0,0,0,0,0,0,0,1,0,0,1
2571,2571,0,0.0,0,0,0,0,2,0,1,1,0,0,1
2555,2555,0,0.0,0,0,0,0,7,1,1,2,0,0,1
3421,6702,2,0.0,0,0,0,0,0,0,1,1,0,0,1
3297,3297,0,0.0,0,0,0,0,8,1,2,1,1,0,1
2064,5470,1,0.0,0,0,0,0,3,0,0,2,0,0,1
2884,2884,0,0.0,0,0,0,0,13,0,0,2,1,0,1
3521,3521,0,0.0,0,0,0,0,10,1,3,2,1,0,1
0,6424,2,0.0,0,1,0,0,6,0,3,2,0,0,1
2130,2130,0,0.0,0,0,0,0,0,1,0,1,0,0,1
1136,3780,2,0.0,0,2,11,0,2,1,1,1,0,0,1
2961,2961,0,0.0,0,0,0,0,14,1,1,2,1,0,1
3192,3192,0,0.0,0,0,0,0,9,0,3,2,1,0,1
3246,3246,0,0.0,0,0,0,0,6,0,2,2,0,0,1
1887,2928,1,0.0,0,0,1,0,3,1,1,2,0,0,1
1894,1894,0,0.0,0,0,0,0,2,1,2,2,0,0,1
2668,2668,0,0.0,0,0,0,0,1,0,0,1,0,0,1
1674,1674,0,0.0,0,0,0,0,1,1,0,1,0,0,1
2783,2783,0,0.0,0,0,0,0,11,0,0,2,0,0,1
3582,3582,0,0.0,0,0,0,0,16,1,1,3,1,0,1
3171,3171,0,0.0,0,0,0,0,3,0,0,1,0,0,1
2884,2884,0,0.0,0,0,0,0,16,0,0,2,1,0,1
2979,2979,0,0.0,0,0,0,0,5,0,2,1,1,0,1
1196,1196,0,0.0,0,0,0,0,0,0,0,1,0,0,1
2609,2996,2,0.0,0,0,0,0,2,0,1,1,0,0,1
2359,2359,0,0.0,0,0,0,0,8,0,1,2,0,0,1
2887,2887,0,0.0,0,0,0,0,0,0,1,2,0,0,1
3521,3521,0,0.0,0,0,0,0,0,1,1,0,1,0,1
4379,4379,0,0.0,0,0,0,0,5,0,0,3,1,0,1
2933,2933,0,0.0,0,0,0,0,0,0,0,0,0,0,1
3516,3516,0,0.0,0,0,0,0,14,0,1,3,1,0,1
3792,3792,0,0.0,0,0,0,0,2,0,1,2,0,0,1
732,732,0,0.0,0,0,0,0,0,0,0,1,0,0,1
1167,1167,0,0.0,0,0,0,0,0,1,0,0,0,1,1
3726,3867,0,0.0,0,0,0,0,0,0,0,0,0,0,1
1853,1853,0,0.0,0,0,0,0,7,0,1,2,0,0,1
2500,3135,3,0.0,0,0,0,0,0,0,1,0,0,0,1
2457,2457,0,0.0,0,0,0,0,1,1,1,0,0,0,1
3381,3381,0,0.0,0,0,0,0,3,1,2,1,1,0,1
1326,1326,0,0.0,0,0,0,0,7,0,1,2,0,0,1
2730,2730,0,0.0,0,0,0,0,7,0,3,2,1,0,1
1867,1867,0,0.0,0,0,0,0,5,0,0,1,1,0,1
3427,3427,0,0.0,0,0,0,0,0,0,0,0,0,0,1
3586,3586,0,0.0,0,0,0,0,5,1,0,2,1,0,1
1762,1762,0,0.0,0,0,0,0,12,0,1,2,0,0,1
964,964,0,0.0,0,0,0,0,0,1,0,1,0,0,1
2787,2787,0,0.0,0,0,0,0,5,0,0,3,0,0,1
1427,1427,0,0.0,0,0,0,0,3,0,0,4,0,0,1
2196,2196,0,0.0,0,0,0,0,6,1,0,3,0,0,1
3637,3637,0,0.0,0,0,0,0,17,0,2,1,1,0,1
2296,2296,0,0.0,0,0,0,0,0,1,1,0,1,0,1
3337,3337,0,0.0,0,0,0,0,0,0,0,0,0,0,1
1867,1867,0,0.0,0,0,0,0,5,0,0,1,1,0,1
3355,3355,0,0.0,0,0,0,0,3,0,2,1,1,0,1
3033,3033,0,0.0,0,0,0,0,11,0,1,2,1,0,1
2749,2749,0,0.0,0,0,0,0,11,0,1,2,0,0,1
5141,6404,1,0.0,0,0,0,0,0,0,0,1,0,0,1
1188,1188,0,0.0,0,0,0,0,2,1,0,1,0,0,1
712,712,0,0.0,0,0,0,0,1,0,0,0,0,0,1
2070,2070,0,0.0,0,0,0,0,3,0,0,3,0,0,1
2807,2807,0,0.0,0,0,0,0,0,0,0,0,0,0,1
2459,2459,0,0.0,0,0,0,0,1,1,1,0,0,0,1
2796,2796,0,0.0,0,0,0,0,6,1,1,4,1,1,1
3023,3023,0,0.0,0,0,0,0,10,0,0,2,0,0,1
3490,3490,0,0.0,0,0,0,0,5,1,1,4,0,1,1
4086,4086,0,0.0,0,0,0,0,27,0,2,2,1,0,1
3427,3427,0,0.0,0,0,0,0,5,0,0,3,0,0,1
1665,1665,0,0.0,0,0,0,0,0,0,2,1,0,0,1
1822,1822,0,0.0,0,0,0,0,0,0,0,0,0,0,1
3416,3416,0,0.0,0,0,0,0,3,0,2,1,1,0,1
2921,2921,0,0.0,0,0,0,0,16,0,1,2,0,0,1
2344,2344,0,0.0,0,0,0,0,0,1,0,0,0,0,1
3337,3337,0,0.0,0,0,0,0,0,0,0,0,0,0,1
2540,2540,0,0.0,0,0,0,0,6,0,0,3,0,0,1
1796,1796,0,0.0,0,0,0,0,0,0,1,0,0,0,1
3940,3940,0,0.0,0,0,0,0,18,0,2,2,1,0,1
3341,3341,0,0.0,0,0,0,0,5,1,1,3,1,0,1
2737,2737,0,0.0,0,0,0,0,6,0,1,1,0,0,1
0,1757,0,0.0,0,0,0,0,1,0,1,2,0,0,1
2755,4295,1,0.0,0,0,0,0,2,0,1,2,0,0,1
1283,1283,0,0.0,0,0,0,0,0,0,1,1,1,0,1
3404,3404,0,0.0,0,0,0,0,18,1,0,2,0,1,1
3283,3283,0,0.0,0,0,0,0,3,0,0,1,0,0,1
2523,2523,0,0.0,0,0,0,0,4,0,2,4,1,0,1
2298,2298,0,0.0,0,0,0,0,9,1,0,2,1,0,1
2309,2309,0,0.0,0,0,0,0,0,0,0,0,0,0,1
3482,3482,0,0.0,0,0,0,0,7,0,1,3,1,0,1
3179,3179,0,0.0,0,0,0,0,3,0,2,1,1,0,1
3762,3762,0,0.0,0,0,0,0,1,0,2,1,0,0,1
3666,3666,0,0.0,0,0,0,0,6,1,0,2,1,0,1
999,999,0,0.0,0,0,0,0,0,0,0,0,0,0,1
3721,3721,0,0.0,0,0,0,0,1,0,1,0,0,0,1
3059,3617,2,0.0,0,2,0,0,17,1,1,2,1,0,1
3277,3277,0,0.0,0,0,0,0,13,0,2,2,0,0,1
3470,3470,0,0.0,0,0,0,0,7,0,1,3,1,0,1
4586,4586,0,0.0,0,0,0,0,8,0,2,2,1,0,1
1139,1344,0,0.0,0,0,0,0,0,0,0,0,1,0,1
2806,2806,0,0.0,0,0,0,0,4,0,1,1,0,0,1
1810,1810,0,0.0,0,0,0,0,0,0,0,1,0,0,1
2288,2288,0,0.0,0,0,0,0,0,0,0,0,0,0,1
3444,3444,0,0.0,0,0,0,0,7,0,1,3,0,0,1
2330,2616,1,0.0,0,0,0,0,0,0,1,1,1,0,1
2254,2254,0,0.0,0,0,0,0,6,0,0,2,1,0,1
1925,1925,0,0.0,0,0,0,0,3,0,0,1,0,0,1
3348,3348,0,0.0,0,0,0,0,13,0,2,1,1,0,1
3397,3397,0,0.0,0,0,0,0,3,0,2,1,1,0,1
2344,2344,0,0.0,0,0,0,0,2,0,0,2,0,0,1
596,596,0,0.0,0,0,0,0,0,0,0,0,0,0,1
2182,2182,0,0.0,0,0,0,0,1,0,1,1,0,0,1
3699,3699,0,0.0,0,0,0,0,6,0,1,5,0,0,1
0,6424,1,0.0,0,1,0,0,14,1,1,2,1,0,1
2992,2992,0,0.0,0,0,0,0,0,0,1,1,1,0,1
1043,1043,0,0.0,0,0,0,0,0,0,0,1,0,0,1
3080,3080,0,0.0,0,0,0,0,8,0,0,2,1,0,1
3040,3040,0,0.0,0,0,0,0,4,0,0,1,0,0,1
3112,3112,0,0.0,0,0,0,0,8,0,2,4,0,0,1
1944,1944,0,0.0,0,0,0,0,5,0,0,2,0,0,1
2211,2211,0,0.0,0,0,0,0,2,0,0,2,0,0,1
2992,2992,0,0.0,0,0,0,0,12,0,1,2,0,0,1
2398,2398,0,0.0,0,0,0,0,1,0,0,1,0,0,1
0,4598,4,0.0,0,2,1,0,18,1,0,2,0,0,1
3842,4383,2,0.0,0,2,0,0,22,1,2,2,0,0,1
3437,3437,0,0.0,0,0,0,0,6,0,0,2,0,0,1
2678,2678,0,0.0,0,0,0,0,9,1,0,2,0,0,1
603,603,0,0.0,0,0,0,0,0,0,0,0,0,0,1
1750,1750,0,0.0,0,0,0,0,0,0,0,0,0,0,1
2009,2009,0,0.0,0,0,0,0,4,1,0,1,1,0,1
3849,3849,0,0.0,0,0,0,0,5,0,1,4,1,0,1
2999,2999,0,0.0,0,0,0,0,8,0,1,3,1,0,1
1360,1360,0,0.0,0,0,0,0,1,0,0,1,0,0,1
369,818,0,0.0,0,0,0,0,0,0,0,0,0,0,1
4185,5394,1,0.0,0,1,0,0,14,0,1,2,0,0,1
397,397,0,0.0,0,0,0,0,0,0,0,0,0,0,1
2449,2449,0,0.0,0,0,0,0,2,0,0,2,0,0,1
2566,2566,0,0.0,0,0,0,0,1,0,0,1,1,0,1
2256,2256,0,0.0,0,0,0,0,0,0,0,0,0,0,1
2225,2740,0,0.0,0,0,0,0,0,1,0,0,0,0,1
3394,3394,0,0.0,0,0,0,0,8,0,2,1,1,0,1
3040,3040,0,0.0,0,0,0,0,3,0,1,3,0,0,1
974,974,0,0.0,0,0,0,0,3,0,1,2,0,0,1
1422,1422,0,0.0,0,0,0,0,1,0,2,2,0,0,1
2217,2217,0,0.0,0,0,0,0,0,0,0,1,1,0,1
4880,4880,0,0.0,0,0,0,0,6,0,1,2,0,0,1
3058,3058,0,0.0,0,0,0,0,14,0,2,2,1,0,1
10916,10916,0,0.0,0,0,0,0,38,0,2,2,0,0,1
2744,2744,0,0.0,0,0,0,0,5,0,1,2,1,0,1
2947,2947,0,0.0,0,0,0,0,13,1,1,2,1,0,1
2017,2017,0,0.0,0,0,0,0,1,0,0,2,1,0,1
1049,1049,0,0.0,0,0,0,0,0,0,0,1,0,1,1
2688,2688,0,0.0,0,0,0,0,5,0,0,4,0,0,1
2474,2474,0,0.0,0,0,0,0,1,1,0,1,0,0,1
470,470,0,0.0,0,0,0,0,1,0,0,1,0,0,1
822,822,0,0.0,0,0,0,0,0,0,1,1,0,0,1
3749,3749,0,0.0,0,0,0,0,10,0,0,4,0,0,1
2905,2905,0,0.0,0,0,0,0,7,1,3,2,1,0,1
4196,4196,0,0.0,0,0,0,0,8,0,2,4,1,0,1
3449,3449,0,0.0,0,0,0,0,5,1,2,2,0,0,1
1870,1870,0,0.0,0,0,0,0,0,0,0,0,0,0,1
2124,2124,0,0.0,0,0,0,0,3,0,1,2,0,0,1
2123,2123,0,0.0,0,0,0,0,2,0,2,2,0,0,1
2307,2307,0,0.0,0,0,0,0,2,0,1,1,0,0,1
2248,2248,0,0.0,0,0,0,0,0,0,0,0,0,0,1
3135,4962,1,0.0,0,0,0,0,2,0,0,3,0,0,1
1631,1631,0,0.0,0,0,0,0,4,0,0,2,1,0,1
4161,4161,0,0.0,0,0,0,0,18,0,1,2,0,0,1
1472,1472,0,0.0,0,0,0,0,1,0,0,1,0,0,1
1086,1086,0,0.0,0,0,0,0,1,0,1,2,0,0,1
2341,2780,2,0.0,0,0,0,0,4,0,0,1,0,0,1
1967,1967,0,0.0,0,0,0,0,1,0,0,1,1,0,1
3006,3006,0,0.0,0,0,0,0,7,0,0,3,0,0,1
1617,1617,0,0.0,0,0,0,0,7,1,0,2,0,0,1
2566,2566,0,0.0,0,0,0,0,1,0,0,1,1,0,1
1114,1079,0,0.0,0,0,0,0,0,0,0,1,0,0,1
378,378,0,0.0,0,0,0,0,0,0,0,0,0,0,1
2833,2833,0,0.0,0,0,0,0,1,0,0,2,0,0,1
2240,2240,0,0.0,0,0,0,0,2,0,0,0,1,0,1
1928,1928,0,0.0,0,0,0,0,7,1,1,2,0,0,1
2770,2770,0,0.0,0,0,0,0,0,0,0,0,0,0,1
2187,2187,0,0.0,0,0,0,0,3,0,1,2,0,0,1
3505,3505,0,0.0,0,0,0,0,2,0,1,1,2,0,1
2266,2560,1,0.0,0,0,0,0,5,0,0,2,1,0,1
1170,1170,0,0.0,0,0,0,0,0,0,0,0,0,0,1
1587,1587,0,0.0,0,0,0,0,8,1,0,2,0,0,1
3337,3337,0,0.0,0,0,0,0,18,1,0,2,0,0,1
2620,2620,0,0.0,0,0,0,0,10,0,1,2,1,0,1
1922,1922,0,0.0,0,0,0,0,7,0,1,1,0,0,1
2713,2713,0,0.0,0,0,0,0,11,0,1,2,0,0,1
170,532,1,0.0,0,1,0,0,0,0,0,0,0,0,1
1240,1240,0,0.0,0,0,0,0,0,0,1,1,0,0,1
1723,1723,0,0.0,0,0,0,0,8,0,2,2,0,0,1
2455,2455,0,0.0,0,0,0,0,0,0,1,1,0,0,1
3125,3125,0,0.0,0,0,0,0,2,0,1,1,0,0,1
3762,3762,0,0.0,0,0,0,0,1,0,2,1,0,0,1
3203,3203,0,0.0,0,0,0,0,19,0,1,2,0,0,1
2911,2911,0,0.0,0,0,0,0,8,0,1,2,0,0,1
1764,2488,0,0.0,0,0,0,0,7,0,0,2,0,0,1
2398,2398,0,0.0,0,0,0,0,6,1,1,3,0,0,1
2232,2232,0,0.0,0,0,0,0,2,1,1,2,0,0,1
2124,2124,0,0.0,0,0,0,0,3,0,1,2,0,0,1
3397,3397,0,0.0,0,0,0,0,3,0,2,1,1,0,1
3649,3649,0,0.0,0,0,0,0,6,0,2,5,0,0,1
3641,3641,0,0.0,0,0,0,0,7,0,0,2,1,0,1
1219,1724,3,0.0,0,3,0,0,1,0,0,2,0,0,1
2768,2768,0,0.0,0,0,0,0,4,0,1,4,0,0,1
1554,1554,0,0.0,0,0,0,0,5,0,2,3,0,0,1
2747,2747,0,0.0,0,0,0,0,1,0,0,1,0,0,1
3438,3438,0,0.0,0,0,0,0,0,0,2,1,0,0,1
2586,3377,1,0.0,0,0,0,0,9,1,1,2,0,0,1
0,1018,2,0.0,0,0,0,0,0,0,0,0,0,0,1
2722,3740,2,0.0,0,0,0,0,2,0,1,2,1,0,1
1150,1150,0,0.0,0,0,0,0,0,0,1,0,0,0,1
1736,1897,1,0.0,0,1,0,0,2,0,2,2,0,0,1
1657,1657,0,0.0,0,0,0,0,2,0,1,2,0,0,1
4114,4114,0,0.0,0,0,0,0,3,0,2,1,0,0,1
2044,2044,0,0.0,0,0,0,0,0,0,1,0,0,0,1
89,2702,0,0.0,0,0,0,0,0,1,0,0,0,0,1
3663,3663,0,0.0,0,0,0,0,7,0,2,5,0,0,1
2437,2437,0,0.0,0,0,0,0,4,0,1,2,0,0,1
3488,3488,0,0.0,0,0,0,0,8,0,0,3,0,0,1
1598,1598,0,0.0,0,0,0,0,3,1,1,1,0,0,1
3808,3808,0,0.0,0,0,0,0,19,1,2,3,0,0,1
2954,2954,0,0.0,0,0,0,0,13,1,0,3,1,0,1
2719,2719,0,0.0,0,0,0,0,0,0,1,3,0,0,1
3389,3389,0,0.0,0,0,0,0,7,1,2,2,1,0,1
1886,2014,0,0.0,0,0,0,0,0,0,0,1,0,0,1
2825,2825,0,0.0,0,0,0,0,9,0,1,2,1,0,1
0,2690,1,0.0,0,0,0,0,0,0,1,0,0,0,1
3099,3099,0,0.0,0,0,0,0,8,0,2,1,1,0,1
4116,4116,0,0.0,0,0,0,0,30,0,2,3,0,0,1
2054,2054,0,0.0,0,0,0,0,1,0,0,0,0,0,1
3247,3247,0,0.0,0,0,0,0,12,0,1,2,1,0,1
3666,4254,0,0.0,0,0,0,0,22,0,2,2,1,0,1
602,602,0,0.0,0,0,0,0,0,0,0,0,0,0,1
2353,2353,0,0.0,0,0,0,0,2,0,2,2,0,0,1
0,2809,1,0.0,0,0,0,0,0,0,2,0,0,0,1
3218,3218,0,0.0,0,0,0,0,6,1,1,2,0,0,1
1642,1869,2,0.0,0,0,0,0,1,0,1,1,0,0,1
2861,2861,0,0.0,0,0,0,0,9,0,2,2,0,0,1
13022,13022,0,0.0,0,0,0,0,39,0,2,2,1,0,1
5200,5200,0,0.0,0,0,0,0,26,0,2,3,1,0,1
0,2296,0,0.0,0,0,0,0,0,0,0,0,0,0,1
3296,3296,0,0.0,0,0,0,0,3,0,2,1,1,0,1
2094,2094,0,0.0,0,0,0,0,0,0,0,0,0,0,1
2768,2768,0,0.0,0,0,0,0,4,0,1,4,0,0,1
3187,3187,0,0.0,0,0,0,0,12,0,1,2,1,0,1
3193,3193,0,0.0,0,0,0,0,0,0,0,0,0,0,1
2102,9225,6,0.0,0,6,5,0,10,0,0,3,0,0,1
3378,3378,0,0.0,0,0,0,0,1,0,1,1,0,0,1
4379,4379,0,0.0,0,0,0,0,5,0,0,3,1,0,1
2388,2388,0,0.0,0,0,0,0,3,0,0,2,0,0,1
3266,3266,0,0.0,0,0,0,0,10,0,2,2,0,0,1
5453,5453,0,0.0,0,0,0,0,24,1,2,3,0,0,1
706,706,0,0.0,0,0,0,0,3,0,0,2,0,0,1
3807,3807,0,0.0,0,0,0,0,19,1,2,3,0,0,1
1486,1486,0,0.0,0,0,0,0,0,0,0,1,0,0,1
2424,2424,0,0.0,0,0,0,0,4,0,0,3,2,0,1
2752,2752,0,0.0,0,0,0,0,1,0,1,0,0,0,1
2162,2162,0,0.0,0,0,0,0,20,0,1,1,1,0,1
2646,2646,0,0.0,0,0,0,0,7,0,3,2,0,0,1
3124,3427,2,0.0,0,0,0,0,15,0,0,2,1,0,1
2247,2247,0,0.0,0,0,0,0,5,1,1,1,0,0,1
0,2162,0,0.0,0,0,0,0,1,0,1,0,0,0,1
0,3027,1,0.0,0,1,1,0,0,0,0,0,0,1,1
4114,4114,0,0.0,0,0,0,0,3,0,2,1,0,0,1
1559,1559,0,0.0,0,0,0,0,10,0,1,2,0,0,1
2384,2384,0,0.0,0,0,0,0,16,0,2,2,0,0,1
3593,4101,1,0.0,0,1,0,0,8,0,1,2,1,0,1
2093,2258,1,0.0,0,0,0,0,2,1,1,2,0,0,1
1705,1705,0,0.0,0,0,0,0,1,1,0,0,0,0,1
3242,3242,0,0.0,0,0,0,0,0,1,2,0,1,0,1
16887,16887,0,0.0,0,0,0,0,48,0,2,2,0,0,1
3255,3255,0,0.0,0,0,0,0,0,0,1,0,0,0,1
1961,2135,1,0.0,0,1,0,0,0,0,0,0,0,0,1
3967,3967,0,0.0,0,0,0,0,25,0,2,2,0,0,1
2454,2454,0,0.0,0,0,0,0,0,0,0,0,0,0,1
1459,1459,0,0.0,0,0,0,0,0,0,0,1,0,0,1
3801,3801,0,0.0,0,0,0,0,16,1,1,3,1,0,1
3604,3604,0,0.0,0,0,0,0,17,0,2,1,1,0,1
1991,1991,0,0.0,0,0,0,0,0,0,0,0,0,0,1
1540,1540,0,0.0,0,0,0,0,6,0,0,1,1,0,1
1752,1896,1,0.0,0,0,0,0,0,0,1,0,0,0,1
2724,3386,2,0.0,0,0,0,0,0,0,1,1,1,0,1
2449,2449,0,0.0,0,0,0,0,2,0,1,1,0,0,1
2538,2538,0,0.0,0,0,0,0,1,1,0,1,0,0,1
0,1814,0,0.0,0,0,0,0,2,0,2,2,1,0,1
1520,1520,0,0.0,0,0,0,0,0,0,1,1,0,0,1
2482,2482,0,0.0,0,0,0,0,1,0,0,1,0,0,1
3300,3300,0,0.0,0,0,0,0,14,0,2,2,0,0,1
2384,2905,0,0.0,0,0,0,0,14,0,0,2,1,0,1
4154,4154,0,0.0,0,0,0,0,0,0,2,0,1,0,1
1554,1554,0,0.0,0,0,0,0,5,0,2,3,0,0,1
1826,2313,2,0.0,0,0,0,0,8,1,2,2,1,0,1
1416,1416,0,0.0,0,0,0,0,4,0,1,1,0,0,1
1020,1020,0,0.0,0,0,0,0,4,1,0,1,0,0,1
1872,1872,0,0.0,0,0,0,0,9,1,1,2,0,0,1
2946,2946,0,0.0,0,0,0,0,2,0,1,1,3,0,1
2414,2414,0,0.0,0,0,0,0,4,0,1,1,0,0,1
841,841,0,0.0,0,0,0,0,0,0,0,0,0,0,1
1840,1840,0,0.0,0,0,0,0,1,0,2,3,0,0,1
0,4965,2,0.0,0,2,1,0,5,0,2,2,0,0,1
3119,3119,0,0.0,0,0,0,0,12,1,1,2,1,0,1
2142,2142,0,0.0,0,0,0,0,0,1,1,1,0,0,1
3257,3257,0,0.0,0,0,0,0,0,0,1,0,0,0,1
1111,1111,0,0.0,0,0,0,0,0,0,1,1,0,0,1
1527,1527,0,0.0,0,0,0,0,4,0,1,1,0,0,1
2630,2630,0,0.0,0,0,0,0,6,1,1,1,2,0,1
3151,3151,0,0.0,0,0,0,0,0,1,2,0,1,0,1
4854,4854,0,0.0,0,0,0,0,4,0,1,3,1,0,1
2739,3290,0,0.0,0,0,0,0,7,0,0,4,1,0,1
3077,3077,0,0.0,0,0,0,0,8,0,3,2,1,0,1
2643,2643,0,0.0,0,0,0,0,4,0,0,1,0,0,1
1354,1354,0,0.0,0,0,0,0,0,0,1,0,0,0,1
1471,1471,0,0.0,0,0,0,0,4,0,1,0,0,0,1
3424,3424,0,0.0,0,0,0,0,8,0,3,2,1,0,1
2266,2266,0,0.0,0,0,0,0,0,0,1,1,0,0,1
2464,2464,0,0.0,0,0,0,0,1,0,1,0,1,0,1
2177,2177,0,0.0,0,0,0,0,11,0,0,2,0,0,1
2221,2221,0,0.0,0,0,0,0,9,0,0,3,0,0,1
2919,2919,0,0.0,0,0,0,0,11,1,2,2,1,0,1
3490,4050,1,0.0,0,0,0,0,11,0,3,2,1,0,1
2988,2988,0,0.0,0,0,0,0,15,0,2,2,1,0,1
2327,2327,0,0.0,0,0,0,0,6,0,0,4,0,0,1
3431,3431,0,0.0,0,0,0,0,7,0,2,2,1,0,1
3754,3964,1,0.0,0,1,0,0,26,1,1,2,1,1,1
3083,3743,0,0.0,0,0,0,0,13,0,2,2,0,0,1
3537,3537,0,0.0,0,0,0,0,5,0,1,2,1,0,1
619,619,0,0.0,0,0,0,0,0,0,1,0,0,0,1
901,901,0,0.0,0,0,0,0,0,0,0,0,1,0,1
2512,2512,0,0.0,0,0,0,0,5,0,1,2,0,0,1
0,4577,2,0.0,0,2,1,0,14,1,1,2,1,0,1
3536,3536,0,0.0,0,0,0,0,4,1,2,1,0,0,1
1170,1170,0,0.0,0,0,0,0,0,0,0,0,0,0,1
776,776,0,0.0,0,0,0,0,0,0,1,0,0,0,1
2009,2009,0,0.0,0,0,0,0,4,1,0,1,1,0,1
3699,5440,1,0.0,0,0,0,0,4,0,1,2,2,0,1
4031,4031,0,0.0,0,0,0,0,12,0,3,5,1,0,1
3005,3005,0,0.0,0,0,0,0,7,0,0,3,0,0,1
2188,2188,0,0.0,0,0,0,0,0,1,1,0,1,0,1
1839,1839,0,0.0,0,0,0,0,0,0,0,0,0,0,1
2884,2884,0,0.0,0,0,0,0,2,1,0,5,0,0,1
1649,1649,0,0.0,0,0,0,0,4,0,1,2,0,0,1
3337,3337,0,0.0,0,0,0,0,7,0,0,2,0,0,1
3006,3006,0,0.0,0,0,0,0,7,0,0,3,0,0,1
1766,1766,0,0.0,0,0,0,0,7,0,1,1,0,0,1
0,1743,1,0.0,0,0,1,0,4,0,0,1,0,2,1
1945,1945,0,0.0,0,0,0,0,0,0,0,0,0,0,1
2483,2483,0,0.0,0,0,0,0,6,0,0,2,1,0,1
3724,3724,0,0.0,0,0,0,0,20,0,0,2,1,0,1
2729,2729,0,0.0,0,0,0,0,0,0,0,1,1,0,1
2398,2398,0,0.0,0,0,0,0,6,1,1,3,0,0,1
0,4546,1,0.0,0,0,0,0,6,0,1,2,1,0,1
3436,3436,0,0.0,0,0,0,0,0,0,0,0,0,0,1
610,610,0,0.0,0,0,0,0,5,0,0,1,0,0,1
1413,1639,1,0.0,0,1,0,0,3,0,1,1,1,0,1
2124,2124,0,0.0,0,0,0,0,3,0,1,2,0,0,1
4947,4947,0,0.0,0,0,0,0,24,1,2,3,0,0,1
2337,2337,0,0.0,0,0,0,0,1,0,1,0,0,0,1
2770,2770,0,0.0,0,0,0,0,6,0,0,3,0,0,1
3383,3383,0,0.0,0,0,0,0,8,1,0,2,1,0,1
2358,2358,0,0.0,0,0,0,0,2,0,1,1,0,0,1
3768,3768,0,0.0,0,0,0,0,20,0,2,3,0,0,1
1994,1994,0,0.0,0,0,0,0,1,1,1,2,0,0,1
3527,3527,0,0.0,0,0,0,0,1,0,2,1,0,0,1
1049,1049,0,0.0,0,0,0,0,0,0,0,1,0,1,1
1415,1672,3,0.0,0,0,0,0,1,0,1,0,0,0,1
2744,2744,0,0.0,0,0,0,0,5,0,1,2,1,0,1
3619,3619,0,0.0,0,0,0,0,14,1,1,2,1,1,1
2360,2768,0,0.0,0,0,0,0,0,0,0,1,0,0,1
1009,1009,0,0.0,0,0,0,0,4,0,1,2,0,0,1
3370,3370,0,0.0,0,0,0,0,1,0,1,0,0,0,1
3078,3078,0,0.0,0,0,0,0,8,0,0,2,1,0,1
4512,4512,0,0.0,0,0,0,0,22,0,2,3,0,0,1
103,103,0,0.0,0,0,0,0,0,0,0,0,0,0,1
994,994,0,0.0,0,0,0,0,3,0,1,2,0,0,1
3263,5134,1,0.0,0,0,0,0,5,0,3,2,1,0,1
3586,3586,0,0.0,0,0,0,0,6,0,1,4,1,0,1
2254,2254,0,0.0,0,0,0,0,6,0,0,2,1,0,1
3637,3637,0,0.0,0,0,0,0,17,0,2,1,1,0,1
2225,2740,0,0.0,0,0,0,0,0,1,0,0,0,0,1
3178,4033,3,0.0,0,0,0,0,16,1,1,2,0,0,1
2254,2254,0,0.0,0,0,0,0,0,1,0,0,0,0,1
3186,3186,0,0.0,0,0,0,0,0,0,2,0,0,0,1
3848,3848,0,0.0,0,0,0,0,9,1,3,2,1,0,1
2341,2341,0,0.0,0,0,0,0,10,1,2,2,0,0,1
3256,3256,0,0.0,0,0,0,0,3,0,2,1,1,0,1
1600,1600,0,0.0,0,0,0,0,1,0,1,2,0,0,1
3206,3206,0,0.0,0,0,0,0,8,1,1,2,0,0,1
1819,1819,0,0.0,0,0,0,0,0,0,0,0,0,0,1
1437,1437,0,0.0,0,0,0,0,1,0,1,2,0,0,1
519,902,1,0.0,0,0,0,0,0,0,1,0,0,0,1
1834,2161,2,0.0,0,0,0,0,0,0,1,0,0,0,1
2618,3128,2,0.0,0,0,0,0,4,0,0,2,0,0,1
3449,3449,0,0.0,0,0,0,0,5,1,2,2,0,0,1
2822,2822,0,0.0,0,0,0,0,4,0,0,2,0,0,1
2304,2304,0,0.0,0,0,0,0,2,0,1,1,0,0,1
1455,1455,0,0.0,0,0,0,0,4,0,1,1,0,0,1
1813,1813,0,0.0,0,0,0,0,1,0,1,1,0,0,1
3375,3375,0,0.0,0,0,0,0,6,0,0,2,0,0,1
2561,3634,1,0.0,0,0,0,0,4,0,2,2,1,0,1
2912,2912,0,0.0,0,0,0,0,15,0,0,2,1,0,1
1820,1820,0,0.0,0,0,0,0,1,0,0,1,0,0,1
2798,2798,0,0.0,0,0,0,0,2,0,0,1,1,0,1
3475,3475,0,0.0,0,0,0,0,1,0,1,3,0,0,1
0,2090,1,0.0,1,1,1,0,0,0,0,0,0,1,1
3703,3703,0,0.0,0,0,0,0,1,0,1,1,1,1,1
3330,3330,0,0.0,0,0,0,0,10,0,2,2,0,0,1
3614,3614,0,0.0,0,0,0,0,19,0,2,3,0,0,1
610,610,0,0.0,0,0,0,0,5,0,0,1,0,0,1
3287,3287,0,0.0,0,0,0,0,3,0,3,2,0,0,1
3397,3397,0,0.0,0,0,0,0,3,0,2,1,1,0,1
1948,1948,0,0.0,0,0,0,0,0,0,0,0,0,0,1
1417,1417,0,0.0,0,0,0,0,0,0,0,1,0,0,1
1733,1739,0,0.0,0,0,0,0,1,0,1,2,1,0,1
2007,2007,0,0.0,0,0,0,0,1,0,0,0,0,0,1
2743,2743,0,0.0,0,0,0,0,10,0,1,3,0,0,1
3158,3158,0,0.0,0,0,0,0,1,0,0,1,0,0,1
3313,3313,0,0.0,0,0,0,0,15,1,2,2,0,1,1
2566,2566,0,0.0,0,0,0,0,1,0,0,1,1,0,1
3294,3294,0,0.0,0,0,0,0,3,0,1,1,0,0,1
2686,2686,0,0.0,0,0,0,0,16,0,0,2,1,0,1
2964,2964,0,0.0,0,0,0,0,9,0,0,2,1,0,1
2910,2910,0,0.0,0,0,0,0,6,1,1,2,0,0,1
603,603,0,0.0,0,0,0,0,0,0,0,0,0,0,1
3196,3196,0,0.0,0,0,0,0,0,0,1,0,0,0,1
2476,2476,0,0.0,0,0,0,0,5,1,0,2,2,0,1
2906,2906,0,0.0,0,0,0,0,1,0,1,0,0,0,1
2072,2072,0,0.0,0,0,0,0,8,0,2,2,2,0,1
2009,2009,0,0.0,0,0,0,0,4,1,0,1,1,0,1
0,3955,1,0.0,0,1,0,0,9,0,3,2,0,0,1
1177,1177,0,0.0,0,0,0,0,0,0,0,0,0,0,1
3174,3174,0,0.0,0,0,0,0,8,1,0,4,0,0,1
677,677,0,0.0,0,0,0,0,0,0,1,0,0,0,1
3179,3179,0,0.0,0,0,0,0,3,0,2,1,1,0,1
3006,6246,2,0.0,0,0,0,0,5,1,2,1,1,0,1
3482,3482,0,0.0,0,0,0,0,7,0,1,3,1,0,1
3499,3499,0,0.0,0,0,0,0,0,0,1,0,0,0,1
1746,1746,0,0.0,0,0,0,0,0,1,1,0,0,0,1
1401,1401,0,0.0,0,0,0,0,4,0,1,2,0,0,1
1501,1501,0,0.0,0,0,0,0,6,0,1,2,0,0,1
1955,2345,3,0.0,0,0,0,0,6,0,0,2,1,0,1
2399,2399,0,0.0,0,0,0,0,2,0,1,0,0,0,1
2730,4221,1,0.0,0,0,0,0,2,0,1,2,0,0,1
1283,1283,0,0.0,0,0,0,0,0,0,1,1,1,0,1
2149,2149,0,0.0,0,0,0,0,0,0,0,0,0,0,1
2248,2248,0,0.0,0,0,0,0,0,0,0,0,0,0,1
1343,1343,0,0.0,0,0,0,0,1,0,1,2,0,0,1
2488,2488,0,0.0,0,0,0,0,2,0,1,1,0,1,1
3692,3692,0,0.0,0,0,0,0,12,0,3,3,0,0,1
1954,1954,0,0.0,0,0,0,0,0,0,0,2,0,0,1
3649,3649,0,0.0,0,0,0,0,15,0,1,2,0,0,1
3470,3470,0,0.0,0,0,0,0,7,0,1,3,1,0,1
5701,5701,0,0.0,0,0,0,0,6,1,1,4,0,0,1
3945,3945,0,0.0,0,0,0,0,2,0,1,4,0,0,1
2256,2256,0,0.0,0,0,0,0,0,0,0,0,0,0,1
1510,1510,0,0.0,0,0,0,0,4,1,1,1,0,0,1
3749,3749,0,0.0,0,0,0,0,10,0,0,4,0,0,1
1002,1002,0,0.0,0,0,0,0,0,0,0,0,0,0,1
698,698,0,0.0,0,0,0,0,2,0,0,2,0,0,1
1159,1159,0,0.0,0,0,0,0,1,0,1,1,0,0,1
1445,1445,0,0.0,0,0,0,0,1,0,2,1,0,0,1
752,752,0,0.0,0,0,0,0,0,0,0,2,0,0,1
718,718,0,0.0,0,0,0,0,0,0,0,0,0,0,1
2196,4839,2,0.0,0,2,11,0,4,1,1,1,0,0,1
2650,2650,0,0.0,0,0,0,0,7,0,3,2,1,0,1
3730,3730,0,0.0,0,0,0,0,18,0,2,3,0,0,1
1086,1086,0,0.0,0,0,0,0,0,0,1,1,0,0,1
2211,2363,1,0.0,0,0,0,0,8,1,0,3,0,0,1
1559,1559,0,0.0,0,0,0,0,10,0,1,2,0,0,1
1421,1421,0,0.0,0,0,0,0,5,1,0,1,0,0,1
3247,3247,0,0.0,0,0,0,0,5,1,1,1,2,0,1
1191,1191,0,0.0,0,0,0,0,1,0,1,1,1,0,1
1289,1782,4,0.0,0,0,0,0,3,0,2,2,0,0,1
2142,2142,0,0.0,0,0,0,0,0,1,1,1,0,0,1
13022,13022,0,0.0,0,0,0,0,39,0,2,2,1,0,1
3005,3005,0,0.0,0,0,0,0,0,1,1,1,1,0,1
3300,3300,0,0.0,0,0,0,0,14,0,2,2,0,0,1
0,4331,0,0.0,0,0,0,0,14,1,1,2,1,0,1
662,662,0,0.0,0,0,0,0,0,0,0,0,1,0,1
2491,2491,0,0.0,0,0,0,0,14,0,1,2,0,0,1
943,943,0,0.0,0,0,0,0,0,0,1,0,0,0,1
2147,2147,0,0.0,0,0,0,0,3,0,0,2,1,0,1
1884,1884,1,0.0,0,0,0,0,0,1,0,0,0,1,1
2916,2916,0,0.0,0,0,0,0,4,0,1,1,0,0,1
3182,3182,0,0.0,0,0,0,0,18,0,0,2,0,0,1
2072,2072,0,0.0,0,0,0,0,0,0,0,0,0,0,1
3133,3133,0,0.0,0,0,0,0,9,1,1,1,1,0,1
1814,1814,0,0.0,0,0,0,0,0,0,0,0,0,0,1
2177,2177,0,0.0,0,0,0,0,0,0,2,0,2,0,1
2697,2697,0,0.0,0,0,0,0,7,1,1,2,0,0,1
2327,2327,0,0.0,0,0,0,0,6,0,0,4,0,0,1
1786,1786,0,0.0,0,0,0,0,0,1,1,1,0,0,1
2462,2462,0,0.0,0,0,0,0,0,0,0,1,1,0,1
3184,3184,0,0.0,0,0,0,0,18,0,0,2,1,0,1
2306,2306,0,0.0,0,0,0,0,4,1,0,1,1,0,1
381,381,0,0.0,0,0,0,0,0,0,0,0,0,0,1
4024,4024,0,0.0,0,0,0,0,1,0,1,0,2,0,1
2896,3601,2,0.0,0,2,0,0,9,1,2,3,1,0,1
3967,3967,0,0.0,0,0,0,0,25,0,2,2,0,0,1
1362,1362,0,0.0,0,0,0,0,1,0,0,0,1,0,1
2703,2703,0,0.0,0,0,0,0,6,0,2,1,1,0,1
2239,2239,0,0.0,0,0,0,0,1,0,0,0,0,0,1
2158,2158,0,0.0,0,0,0,0,2,0,0,1,0,0,1
3379,4072,5,0.0,0,0,0,0,7,0,3,2,1,1,1
2954,2954,0,0.0,0,0,0,0,18,0,0,3,0,0,1
3242,3242,0,0.0,0,0,0,0,0,1,2,0,1,0,1
1705,1705,0,0.0,0,0,0,0,1,1,0,0,0,0,1
1616,2075,4,0.0,0,0,0,0,6,0,0,1,1,0,1
1431,1431,0,0.0,0,0,0,0,4,0,1,1,0,0,1
895,895,0,0.0,0,0,0,0,0,0,2,0,0,0,1
4112,4112,0,0.0,0,0,0,0,2,0,1,0,1,0,1
3828,3828,0,0.0,0,0,0,0,5,0,2,1,1,0,1
421,421,0,0.0,0,0,0,0,1,0,0,1,0,0,1
2413,2413,0,0.0,0,0,0,0,0,0,0,0,0,0,1
2234,2234,0,0.0,0,0,0,0,0,0,0,0,1,0,1
2125,2125,0,0.0,0,0,0,0,6,0,1,2,0,0,1
1696,1696,0,0.0,0,0,0,0,0,0,0,0,2,0,1
2548,2548,0,0.0,0,0,0,0,10,0,1,2,0,0,1
0,1458,0,0.0,0,0,0,0,0,0,0,1,0,0,1
7447,7447,2,0.0,0,2,0,0,0,0,1,1,1,0,1
2366,2366,0,0.0,0,0,0,0,0,0,1,1,0,0,1
7014,7014,0,0.0,0,0,0,0,2,1,2,1,0,0,1
1485,1485,0,0.0,0,0,0,0,4,0,1,1,0,0,1
3264,3264,0,0.0,0,0,0,0,16,1,0,2,0,0,1
1758,1758,0,0.0,0,0,0,0,0,0,0,0,0,0,1
894,894,0,0.0,0,0,0,0,0,1,2,0,0,0,1
2269,2269,0,0.0,0,0,0,0,1,0,1,0,1,0,1
357,357,0,0.0,0,0,0,0,0,0,0,0,0,0,1
2954,2954,0,0.0,0,0,0,0,13,1,0,3,1,0,1
4914,4914,0,0.0,0,0,0,0,6,0,1,2,0,0,1
3236,5116,2,0.0,0,2,0,0,13,0,3,2,1,0,1
3221,3221,0,0.0,0,0,0,0,6,1,1,2,0,0,1
1867,1867,0,0.0,0,0,0,0,2,0,1,1,0,0,1
3528,3528,0,0.0,0,0,0,0,0,0,0,0,1,0,1
2792,2792,0,0.0,0,0,0,0,4,0,3,2,0,0,1
2817,2817,0,0.0,0,0,0,0,4,0,0,2,1,0,1
895,895,0,0.0,0,0,0,0,0,0,2,0,0,0,1
0,3354,3,0.0,0,0,0,0,12,0,1,2,1,0,1
1306,2571,0,0.0,0,0,0,0,0,0,0,1,2,0,1
1608,1608,0,0.0,0,0,0,0,5,0,0,1,0,0,1
3166,3166,0,0.0,0,0,0,0,0,0,2,0,0,0,1
1308,1844,1,0.0,0,0,0,0,1,0,1,1,0,0,1
774,774,0,0.0,0,0,0,0,0,0,0,0,1,0,1
3150,3150,0,0.0,0,0,0,0,2,0,1,0,1,1,1
1174,1670,2,0.0,0,2,0,0,6,0,1,1,0,0,1
888,1290,1,0.0,0,0,1,0,4,0,0,1,0,0,1
3650,3650,0,0.0,0,0,0,0,3,0,1,3,0,1,1
3265,3265,0,0.0,0,0,0,0,19,0,0,2,0,0,1
1840,1840,0,0.0,0,0,0,0,1,0,2,3,0,0,1
1198,1198,0,0.0,0,0,0,0,1,1,1,1,0,0,1
305,305,0,0.0,0,0,0,0,0,0,0,0,0,0,1
3293,3293,0,0.0,0,0,0,0,13,1,1,2,1,1,1
3263,3263,0,0.0,0,0,0,0,12,0,1,2,1,0,1
684,684,0,0.0,0,0,0,0,1,0,1,1,0,0,1
2407,2407,0,0.0,0,0,0,0,0,0,1,0,0,0,1
3471,4385,3,0.0,0,0,0,0,10,0,2,2,0,0,1
2388,2388,0,0.0,0,0,0,0,3,0,0,2,0,0,1
3378,3378,0,0.0,0,0,0,0,1,0,1,1,0,0,1
2582,2582,0,0.0,0,0,0,0,1,0,0,2,0,0,1
2987,2987,0,0.0,0,0,0,0,8,1,3,2,1,0,1
2932,2932,0,0.0,0,0,0,0,2,0,1,0,0,0,1
2454,2454,0,0.0,0,0,0,0,2,0,1,3,0,0,1
3080,3468,2,0.0,0,0,0,0,12,0,0,2,0,0,1
3427,3427,0,0.0,0,0,0,0,2,0,0,4,0,0,1
2379,2379,0,0.0,0,0,0,0,6,0,1,2,0,0,1
2712,3762,2,0.0,0,2,0,0,13,1,0,2,1,0,1
2988,2988,0,0.0,0,0,0,0,12,0,2,2,1,0,1
1914,1914,0,0.0,0,0,0,0,5,0,2,3,0,0,1
0,2714,1,0.0,0,0,0,0,0,0,1,0,0,0,1
1640,1640,0,0.0,0,0,0,0,1,0,0,2,0,0,1
4084,4084,0,0.0,0,0,0,0,14,0,1,2,1,0,1
3389,3389,0,0.0,0,0,0,0,7,1,2,2,1,0,1
2404,2404,0,0.0,0,0,0,0,4,1,2,2,0,0,1
2303,2931,0,0.0,0,0,0,0,11,1,1,2,1,0,1
2772,2772,0,0.0,0,0,0,0,1,0,0,1,0,0,1
2789,2789,0,0.0,0,0,0,0,9,0,1,4,0,0,1
3296,3296,0,0.0,0,0,0,0,3,0,2,1,1,0,1
2727,2727,0,0.0,0,0,0,0,10,1,1,2,0,0,1
2249,2249,0,0.0,0,0,0,0,5,1,1,1,0,0,1
2496,2496,0,0.0,0,0,0,0,8,0,0,2,1,0,1
4344,4344,0,0.0,0,0,0,0,3,1,0,2,0,0,1
4114,4114,0,0.0,0,0,0,0,3,0,2,1,0,0,1
1782,1782,0,0.0,0,0,0,0,4,0,1,3,0,0,1
1515,1515,0,0.0,0,0,0,0,1,0,0,1,0,0,1
2719,2719,0,0.0,0,0,0,0,0,0,1,3,0,0,1
3878,3878,0,0.0,0,0,0,0,15,1,2,3,0,0,1
4400,4400,0,0.0,0,0,0,0,3,0,0,2,0,0,1
2424,2424,0,0.0,0,0,0,0,4,0,0,3,2,0,1
0,11482,3,0.0,0,3,0,0,3,0,3,1,1,1,1
1318,16310,2,0.5,0,1,2,0,0,1,1,0,1,1,1
1835,24086,4,0.75,0,3,5,0,0,0,0,0,1,0,1
8149,36844,6,1.0,0,6,16,0,2,0,0,3,0,1,1
2503,17490,6,0.0,0,0,5,0,0,1,1,0,0,0,1
3091,22133,12,1.0,0,12,7,0,0,0,0,0,0,1,1
0,32317,4,1.0,0,4,1,0,0,0,1,0,0,0,1
1266,19249,5,1.0,0,0,5,0,0,0,0,0,0,0,1
2503,17511,6,0.0,0,0,5,0,0,1,1,0,0,0,1
0,14154,6,0.6666666666666666,0,6,2,0,0,0,0,0,0,2,1
0,11883,3,1.0,0,3,3,0,0,0,0,1,0,0,1
0,12668,3,1.0,0,3,3,0,0,1,0,1,0,0,1
0,11622,3,1.0,0,3,3,0,0,1,0,1,0,0,1
0,12653,3,1.0,0,3,3,0,0,1,0,1,0,0,1
0,10990,3,1.0,0,3,3,0,0,0,0,0,0,0,1
0,10721,3,1.0,0,3,3,0,0,0,0,0,0,0,1
0,12662,3,1.0,0,3,3,0,0,1,0,1,0,0,1
0,10822,3,1.0,0,3,3,0,0,0,0,0,0,0,1
0,98537,71,1.0,0,0,26,0,0,0,0,0,0,0,1
0,14179,5,1.0,0,5,0,0,0,0,1,1,0,0,1
0,102804,72,1.0,0,0,26,0,0,0,0,0,0,0,1
689,4664,2,1.0,0,2,0,0,0,1,2,0,0,0,1
0,341,0,0.0,0,0,1,0,0,0,0,0,0,0,1
0,18574,8,0.75,0,8,2,0,0,1,0,0,0,2,1
0,1105,1,1.0,0,1,0,0,0,1,0,0,0,0,1
1977,17198,5,0.0,0,0,4,0,0,0,0,0,0,0,1
0,18136,6,0.8333333333333334,0,5,0,0,0,0,1,0,0,1,1
0,22044,6,0.6666666666666666,0,6,2,0,0,1,0,0,0,2,1
0,17360,3,0.3333333333333333,0,1,0,0,0,1,1,1,0,1,1
0,18136,6,0.8333333333333334,0,5,0,0,0,0,1,0,0,1,1
1228,12255,0,0.0,0,0,1,0,0,1,0,0,0,2,1
0,24822,7,0.8571428571428571,0,6,4,0,0,1,1,0,0,2,1
0,8649,4,1.0,0,4,3,0,0,1,1,1,0,4,1
0,11618,3,1.0,0,3,3,0,0,1,0,1,0,0,1
0,1108,1,1.0,0,1,0,0,0,0,0,0,0,0,1
0,10922,3,1.0,0,3,3,0,0,0,0,0,0,0,1
0,1279,1,0.0,0,0,1,0,3,0,0,0,0,1,1
2691,53398,8,0.0,0,0,22,0,2,0,1,1,0,1,1
0,22059,6,0.6666666666666666,0,6,2,0,0,1,0,0,0,2,1
819,4787,2,1.0,0,2,0,0,0,1,2,0,0,0,1
0,10755,3,1.0,0,3,3,0,0,0,0,0,0,0,1
0,548,0,0.0,0,0,1,0,0,0,0,0,0,0,1
847,4897,2,1.0,0,2,0,0,0,1,2,0,0,0,1
0,547,0,0.0,0,0,1,0,0,1,0,0,0,0,1
1381,16909,2,0.5,0,1,3,0,0,1,1,0,1,1,1
1329,16852,2,0.5,0,1,3,0,0,1,1,0,1,1,1
1329,16852,2,0.5,0,1,3,0,0,1,1,0,1,1,1
1329,16852,2,0.5,0,1,3,0,0,1,1,0,1,1,1
1195,15708,3,1.0,0,3,1,0,0,0,1,0,0,1,1
1314,33293,3,1.0,0,3,2,0,0,0,1,0,0,1,1
1053,18658,3,1.0,0,3,1,0,0,0,0,0,0,0,1
5802,23442,11,0.8181818181818182,0,9,13,0,0,1,0,0,0,0,1
0,20995,4,1.0,0,4,1,0,0,1,1,0,0,1,1
887,8065,6,1.0,0,6,2,0,0,1,0,0,0,2,1
0,23556,7,0.8571428571428571,0,6,3,0,0,0,1,0,0,2,1
1078,16239,5,0.8,0,4,9,0,0,0,1,0,0,0,1
0,18136,6,0.8333333333333334,0,5,0,0,0,0,1,0,0,1,1
0,19580,5,0.8,0,4,0,0,0,1,1,0,0,2,1
848,7723,0,0.0,0,0,1,0,0,1,1,0,0,2,1
1867,5962,6,1.0,0,6,2,0,4,0,1,2,0,1,1
1433,6563,7,1.0,0,7,2,0,4,0,0,1,0,2,1
0,540,0,0.0,0,0,1,0,0,1,0,0,0,0,1
0,341,0,0.0,0,0,1,0,0,0,0,0,0,0,1
17136,108761,116,1.0,0,19,20,0,0,0,2,1,1,1,1
0,32089,5,1.0,0,5,1,0,0,0,0,0,0,0,1
0,32089,5,1.0,0,5,1,0,0,0,0,0,0,0,1
0,32089,5,1.0,0,5,1,0,0,0,0,0,0,0,1
0,32089,5,1.0,0,5,1,0,0,0,0,0,0,0,1
0,32310,4,1.0,0,4,1,0,0,0,1,0,0,0,1
0,32310,4,1.0,0,4,1,0,0,0,1,0,0,0,1
847,4624,5,1.0,0,0,1,0,2,0,0,0,0,0,1
0,17360,3,0.3333333333333333,0,1,0,0,0,1,1,1,0,1,1
139,13013,7,1.0,0,7,1,0,0,1,0,0,0,0,1
139,13005,7,1.0,0,7,1,0,0,1,0,0,0,0,1
2791,16270,6,0.8333333333333334,0,5,8,0,2,0,0,0,0,0,1
1589,16719,2,1.0,0,2,3,0,0,0,0,0,0,0,1
0,4250,4,1.0,0,4,1,0,7,0,0,0,0,0,1
0,50377,2,1.0,0,2,3,0,0,0,0,0,0,0,1
0,4575,4,0.0,0,4,3,0,0,1,0,0,0,0,1
3075,3075,0,0.0,0,0,0,0,5,0,1,3,0,0,1
0,38241,14,1.0,0,14,13,0,2,1,0,0,0,0,1
0,4198,3,0.6666666666666666,0,1,4,0,1,1,0,0,0,2,1
0,7560,1,1.0,0,1,0,0,0,0,0,0,0,0,1
0,5479,4,0.0,0,4,3,0,0,1,0,0,0,1,1
0,2162,1,1.0,0,1,0,0,1,0,0,0,0,1,1
0,7152,5,0.4,0,5,1,0,13,1,0,0,0,1,1
0,6433,1,1.0,0,1,1,0,0,0,0,0,0,0,1
0,6101,2,0.0,0,2,2,0,0,0,0,1,0,1,1
139,79089,3,1.0,0,3,3,0,0,0,0,0,0,0,1
0,63686,3,1.0,0,3,3,0,2,0,0,0,0,1,1
0,5521,4,0.0,0,4,3,0,0,1,0,0,0,1,1
0,3501,2,0.0,0,2,3,0,0,1,0,0,0,0,1
0,7508,1,1.0,0,1,0,0,0,0,0,0,0,0,1
0,6587,1,1.0,0,0,0,0,4,1,0,0,0,0,1
0,3691,3,0.0,0,3,2,0,0,1,0,0,0,0,1
0,3880,2,0.0,0,2,3,0,0,0,0,0,0,0,1
0,3895,2,0.0,0,2,3,0,0,0,0,0,0,0,1
0,3466,2,0.0,0,2,2,0,0,0,0,0,0,0,1
0,25242,3,1.0,0,3,5,0,0,0,0,2,0,0,1
0,30149,6,0.0,0,6,7,0,1,1,0,0,0,0,1
0,30077,6,0.0,0,6,7,0,1,1,0,0,0,0,1
1083,3800,2,0.5,0,1,1,0,0,0,0,0,0,0,1
86,86,0,0.0,0,0,0,0,0,0,0,0,0,0,1
329,804,0,0.0,0,0,0,0,0,1,0,0,0,0,1
502,8165,5,1.0,0,5,1,0,0,0,0,0,0,0,1
450,450,0,0.0,0,0,0,0,3,1,1,1,0,0,1
1051,3752,2,0.5,0,1,1,0,0,0,0,0,0,0,1
241,511,0,0.0,0,0,0,0,0,0,0,1,0,0,1
0,943,3,0.0,0,3,4,0,0,1,0,0,0,0,1
6,9560,3,0.3333333333333333,0,1,6,0,0,0,0,0,0,0,1
0,7508,1,1.0,0,1,0,0,0,1,0,0,0,0,1
449,3033,2,1.0,0,2,0,0,0,0,0,0,0,0,1
0,9041,4,1.0,0,4,1,0,0,0,0,0,0,0,1
1577,4704,3,0.3333333333333333,0,2,1,0,0,1,0,0,0,0,1
1980,4908,2,0.5,0,1,1,0,0,0,0,0,0,0,1
0,1831,1,1.0,0,1,0,0,0,1,0,0,0,0,1
0,18136,6,0.8333333333333334,0,5,0,0,0,0,1,0,0,1,1
0,50553,35,0.02857142857142857,0,4,24,0,0,1,0,0,0,0,1
293,30724,21,0.7619047619047619,0,16,12,0,0,1,0,0,0,0,1
293,30666,21,0.7619047619047619,0,16,12,0,0,1,0,0,0,0,1
448,41755,23,0.9565217391304348,0,0,23,0,0,1,0,0,0,1,1
0,38107,11,0.9090909090909091,0,10,10,0,0,1,1,0,0,1,1
0,51544,34,0.029411764705882353,0,4,23,0,0,1,0,0,0,0,1
293,30971,21,0.7619047619047619,0,16,12,0,0,0,0,0,0,0,1
439,69857,15,0.9333333333333333,0,0,16,0,0,1,0,0,0,1,1
434,69171,15,0.9333333333333333,0,0,16,0,0,1,0,0,0,1,1
0,159646,33,0.9696969696969697,0,0,28,0,0,1,0,2,0,2,1
293,32951,24,0.7916666666666666,0,19,15,0,0,1,0,0,0,0,1
293,36887,24,0.7916666666666666,0,19,15,0,0,1,0,0,0,0,1
439,69478,15,0.9333333333333333,0,0,16,0,0,0,0,0,0,1,1
436,11679,19,1.0,0,1,26,0,0,1,0,0,0,0,1
434,68702,14,0.9285714285714286,0,0,16,0,0,1,0,0,0,1,1
293,30541,21,0.7619047619047619,0,16,12,0,0,1,0,0,0,0,1
293,30583,21,0.7619047619047619,0,16,12,0,0,0,0,0,0,0,1
439,69307,14,0.9285714285714286,0,0,16,0,0,0,0,0,0,1,1
434,68735,14,0.9285714285714286,0,0,16,0,0,1,0,0,0,1,1
483,11717,19,1.0,0,1,26,0,0,1,0,0,0,0,1
293,82993,36,0.8611111111111112,0,31,21,0,0,1,0,0,0,0,1
0,160389,32,0.96875,0,0,27,0,0,1,0,2,0,2,1
293,36915,24,0.7916666666666666,0,19,15,0,0,1,0,0,0,0,1
0,22832,21,0.19047619047619047,0,4,17,0,0,0,0,0,0,2,1
439,68901,14,0.9285714285714286,0,0,16,0,0,1,0,0,0,1,1
0,54208,34,0.029411764705882353,0,4,23,0,0,0,0,0,0,0,1
293,30558,21,0.7619047619047619,0,16,12,0,0,0,0,0,0,0,1
434,69123,14,0.9285714285714286,0,0,16,0,0,1,0,0,0,1,1
439,68980,14,0.9285714285714286,0,0,16,0,0,1,0,0,0,1,1
0,157477,31,0.967741935483871,0,0,26,0,0,0,0,2,0,2,1
293,30694,21,0.7619047619047619,0,16,12,0,0,0,0,0,0,0,1
450,11684,19,1.0,0,1,26,0,0,1,0,0,0,0,1
0,68973,14,0.9285714285714286,0,0,16,0,0,1,0,2,0,2,1
0,37280,21,0.9523809523809523,0,0,21,0,0,0,0,1,0,2,1
0,51719,34,0.029411764705882353,0,4,23,0,0,0,0,0,0,0,1
0,70596,18,0.9444444444444444,0,0,18,0,0,1,0,1,0,2,1
293,82865,36,0.8611111111111112,0,31,21,0,0,0,0,0,0,0,1
293,29798,20,0.75,0,15,11,0,0,0,0,0,0,0,1
293,82743,36,0.8611111111111112,0,31,21,0,0,1,0,0,0,0,1
293,29965,20,0.75,0,15,11,0,0,1,0,0,0,0,1
0,157499,31,0.967741935483871,0,0,26,0,0,1,0,2,0,2,1
0,31259,10,0.0,0,10,10,0,0,1,0,0,0,1,1
293,30854,21,0.7619047619047619,0,16,12,0,0,1,0,0,0,0,1
0,87641,23,0.9565217391304348,0,0,26,0,0,1,0,1,0,2,1
0,77914,23,0.0,0,23,15,0,0,0,0,0,0,1,1
293,29893,20,0.75,0,15,11,0,0,1,0,0,0,0,1
0,71705,18,0.9444444444444444,0,0,18,0,0,1,0,2,0,2,1
293,29956,20,0.75,0,15,11,0,0,1,0,0,0,0,1
0,85685,24,0.9583333333333334,0,0,24,0,0,1,0,2,0,2,1
293,29998,20,0.75,0,15,11,0,0,1,0,0,0,0,1
451,12300,20,1.0,0,1,28,0,0,1,0,0,0,0,1
293,83106,36,0.8611111111111112,0,31,21,0,0,1,0,0,0,0,1
293,82679,36,0.8611111111111112,0,31,21,0,0,1,0,0,0,0,1
293,29861,20,0.75,0,15,11,0,0,0,0,0,0,0,1
0,78478,24,0.0,0,24,16,0,0,1,0,0,0,1,1
293,30697,21,0.7619047619047619,0,16,12,0,0,1,0,0,0,0,1
0,83982,23,0.9565217391304348,0,0,23,0,0,1,0,2,0,2,1
293,29831,20,0.75,0,15,11,0,0,1,0,0,0,0,1
0,89017,25,0.96,0,0,25,0,0,0,0,1,0,2,1
0,63432,34,0.9705882352941176,0,0,29,0,0,1,0,2,0,2,1
293,30772,21,0.7619047619047619,0,16,12,0,0,1,0,0,0,0,1
422,11665,19,1.0,0,1,26,0,0,1,0,0,0,0,1
326,928,1,0.0,0,1,2,0,0,0,0,0,0,0,1
0,14179,5,1.0,0,5,0,0,0,0,1,1,0,0,1
0,527,0,0.0,0,0,0,0,0,0,0,0,0,0,1
0,7839,5,0.0,0,5,0,0,0,0,0,1,0,2,1
380,34640,10,1.0,0,10,8,0,0,0,0,0,0,0,1
373,8729,1,1.0,0,0,1,0,0,1,0,0,0,0,1
0,10818,11,0.36363636363636365,0,3,2,0,0,1,0,0,0,1,1
550,6068,1,1.0,0,0,1,0,2,0,0,0,0,0,1
3333,14119,7,0.8571428571428571,0,6,8,0,0,1,0,0,0,0,1
822,4013,2,0.5,0,0,0,0,0,1,0,0,0,0,1
0,18546,8,0.75,0,8,2,0,0,1,0,0,0,2,1
0,17727,8,0.75,0,8,2,0,0,1,0,0,0,2,1
1400,17228,2,0.5,0,1,3,0,0,1,1,0,1,0,1
8390,37969,6,1.0,0,6,16,0,1,0,0,2,0,0,1
826,11894,0,0.0,0,0,1,0,0,1,0,0,0,2,1
0,20250,6,0.6666666666666666,0,6,2,0,0,0,0,0,0,2,1
0,11248,11,0.2727272727272727,0,3,2,0,3,0,0,0,1,2,1
390,4830,1,1.0,0,1,2,0,1,0,0,0,0,1,1
0,16440,1,1.0,0,0,1,0,0,0,1,0,0,0,1
0,548,0,0.0,0,0,1,0,0,0,0,0,0,0,1
3311,24458,12,1.0,0,0,7,0,0,0,1,1,0,1,1
2328,25714,4,0.75,0,3,6,0,0,0,1,0,1,2,1
373,8909,1,1.0,0,0,0,0,0,1,0,0,0,0,1
0,7517,3,0.6666666666666666,0,2,1,0,4,0,0,0,0,1,1
0,1122,1,1.0,0,1,0,0,0,1,0,0,0,0,1
3894,24893,13,1.0,0,0,7,0,0,0,1,2,0,1,1
0,11184,7,0.7142857142857143,0,7,2,0,0,1,0,0,0,2,1
557,17031,7,0.8571428571428571,0,7,13,0,0,0,0,1,0,0,1
3158,18295,7,0.8571428571428571,0,6,7,0,0,0,1,0,0,2,1
139,11258,8,1.0,0,8,0,0,0,1,0,0,0,0,1
139,11260,8,1.0,0,8,0,0,0,1,0,0,0,0,1
139,11238,8,1.0,0,8,0,0,0,1,0,0,0,0,1
139,11262,8,1.0,0,8,0,0,0,1,0,0,0,0,1
716,716,0,0.0,0,0,0,0,0,0,0,0,0,0,1
702,4645,2,1.0,0,2,0,0,0,1,2,0,0,0,1
865,4915,2,1.0,0,2,0,0,0,1,2,0,0,0,1
3149,18308,7,0.8571428571428571,0,6,7,0,0,0,1,0,0,2,1
3128,18267,7,0.8571428571428571,0,6,7,0,0,0,1,0,0,2,1
805,4885,3,1.0,0,3,1,0,0,1,2,1,0,0,1
690,4806,2,1.0,0,2,0,0,0,1,2,0,0,0,1
707,4832,2,1.0,0,2,0,0,0,1,2,0,0,0,1
3196,18355,7,0.8571428571428571,0,6,7,0,0,1,1,0,0,2,1
139,24046,0,0.0,0,0,0,0,0,1,0,0,0,0,1
139,76,0,0.0,0,0,0,0,0,0,0,0,0,0,1
139,8856,5,1.0,0,5,7,0,0,0,0,0,0,0,1
0,4913,2,1.0,0,2,3,0,0,1,0,1,0,0,2
0,13880,3,0.0,0,0,1,0,4,0,0,0,0,1,2
0,13043,3,0.0,0,3,1,0,0,0,0,0,0,0,2
35,42940,2,1.0,0,2,1,0,0,0,0,0,0,0,2
0,89,0,0.0,0,0,0,0,0,0,0,0,0,0,2
0,89,0,0.0,0,0,0,0,0,0,0,0,0,0,2
0,17084,18,0.3333333333333333,0,6,10,0,0,0,0,0,1,0,2
0,8051,2,1.0,0,2,0,0,0,0,0,1,0,0,2
7,41489,1,0.0,0,0,1,0,0,0,0,0,0,0,2
8164,19246,1,1.0,0,1,0,0,3,0,0,1,0,0,2
0,11937,3,1.0,0,3,2,0,5,0,0,0,1,1,2
304,5333,0,0.0,0,0,1,0,0,1,0,0,0,0,2
668,668,0,0.0,0,0,0,0,2,0,1,2,0,0,2
0,13935,3,0.0,0,0,1,0,4,0,0,0,0,1,2
260,613,0,0.0,0,0,0,0,0,0,0,0,0,0,2
0,13946,3,0.0,0,0,1,0,4,0,0,0,0,1,2
0,13944,3,0.0,0,0,1,0,4,0,0,0,0,1,2
0,17054,18,0.3333333333333333,0,6,10,0,0,0,0,0,1,0,2
0,1063,0,0.0,0,0,0,0,0,0,0,0,0,0,2
724,5980,3,1.0,0,3,3,0,0,1,0,0,0,1,2
505,505,0,0.0,0,0,0,0,0,0,0,0,0,0,2
0,38686,10,1.0,0,10,9,0,1,0,0,0,0,0,2
285,638,0,0.0,0,0,0,0,0,0,0,0,0,0,2
280,633,0,0.0,0,0,0,0,0,0,0,0,0,0,2
0,9348,3,1.0,0,3,2,0,0,0,0,0,0,0,2
0,29806,9,0.7777777777777778,0,7,4,0,0,0,0,0,0,0,2
62,331,2,1.0,0,2,3,0,0,1,0,0,0,0,2
531,729,1,0.0,0,0,0,0,0,0,0,0,0,0,2
276,406,0,0.0,0,0,0,0,0,0,1,0,0,0,2
3,187,0,0.0,0,0,0,0,0,0,0,0,0,0,2
0,62988,1,1.0,0,1,2,0,12,0,0,0,0,2,2
304,17106,1,1.0,0,1,3,0,0,0,0,0,0,0,2
0,5607,4,0.75,0,4,1,0,0,0,0,0,0,0,2
0,5607,4,0.75,0,4,1,0,0,0,0,0,0,0,2
0,5607,4,0.75,0,4,1,0,0,0,0,0,0,0,2
0,9434,3,1.0,0,3,2,0,0,0,0,0,0,0,2
0,18185,5,0.0,0,5,2,0,0,0,0,1,0,0,2
0,5665,4,0.75,0,4,1,0,0,0,0,0,0,0,2
0,23328,1,1.0,0,1,2,0,0,0,0,0,0,0,2
3020,3020,0,0.0,0,0,0,0,27,0,2,3,2,0,2
0,13946,3,0.0,0,0,1,0,4,0,0,0,0,1,2
0,13946,3,0.0,0,0,1,0,4,0,0,0,0,1,2
0,13944,3,0.0,0,0,1,0,4,0,0,0,0,1,2
0,13946,3,0.0,0,0,1,0,4,0,0,0,0,1,2
0,13944,3,0.0,0,0,1,0,4,0,0,0,0,1,2
0,13946,3,0.0,0,0,1,0,4,0,0,0,0,1,2
0,9440,3,1.0,0,3,2,0,0,0,0,0,0,0,2
0,18185,5,0.0,0,5,2,0,0,0,0,1,0,0,2
0,13944,3,0.0,0,0,1,0,4,0,0,0,0,1,2
0,13946,3,0.0,0,0,1,0,4,0,0,0,0,1,2
0,13944,3,0.0,0,0,1,0,4,0,0,0,0,1,2
0,13944,3,0.0,0,0,1,0,4,0,0,0,0,1,2
0,10202,4,0.5,0,4,1,0,0,0,0,0,0,0,2
290,23842,0,0.0,0,0,1,0,0,1,0,0,0,0,2
354,720,0,0.0,0,0,0,0,0,0,0,0,0,0,2
300,578,0,0.0,0,0,0,0,0,0,0,0,0,0,2
0,3893,0,0.0,0,0,0,0,2,0,2,2,0,0,2
0,9400,3,1.0,0,3,2,0,0,0,0,0,0,0,2
0,6149,5,0.8,0,5,0,0,0,0,0,0,0,0,2
0,6149,5,0.8,0,0,0,0,0,0,0,0,0,0,2
0,6149,5,0.8,0,5,0,0,0,0,0,0,0,0,2
0,6311,5,0.8,0,5,0,0,0,0,0,0,0,0,2
0,1909,2,0.5,0,1,1,0,0,0,0,0,0,0,2
0,2787,2,0.5,0,1,0,0,0,0,0,0,0,0,2
0,4653,1,0.0,1,1,3,0,0,0,0,1,0,0,2
319,5357,0,0.0,0,0,1,0,0,0,0,0,0,0,2
464,4360,1,1.0,0,1,1,0,0,0,0,0,0,0,2
0,9479,3,1.0,0,3,2,0,0,0,0,0,0,0,2
0,8047,2,1.0,0,2,1,0,0,0,0,1,0,0,2
1,93,0,0.0,0,0,0,0,0,0,0,0,0,0,2
0,10272,4,1.0,0,4,1,0,0,0,0,0,0,0,2
0,196455,4,0.0,0,4,1,0,0,1,0,0,0,0,2
0,5607,4,0.75,0,4,1,0,0,0,0,0,0,0,2
0,5607,4,0.75,0,4,1,0,0,0,0,0,0,0,2
0,5607,4,0.75,0,4,1,0,0,0,0,0,0,0,2
0,5607,4,0.75,0,4,1,0,0,0,0,0,0,0,2
69,2176,2,0.0,0,2,1,0,0,0,0,0,0,0,2
0,259,1,1.0,0,1,0,0,0,0,0,0,0,0,2
315,315,0,0.0,0,0,0,0,0,0,0,0,0,0,2
1028,2078,1,0.0,0,1,1,0,1,0,0,0,0,0,2
0,13944,3,0.0,0,0,1,0,4,0,0,0,0,1,2
0,13946,3,0.0,0,0,1,0,4,0,0,0,0,1,2
0,13944,3,0.0,0,0,1,0,4,0,0,0,0,1,2
0,13944,3,0.0,0,0,1,0,4,0,0,0,0,1,2
0,13944,3,0.0,0,0,1,0,4,0,0,0,0,1,2
0,13946,3,0.0,0,0,1,0,4,0,0,0,0,1,2
0,2310,4,1.0,0,4,2,0,0,0,0,0,0,0,2
579,6377,1,1.0,0,1,1,0,0,0,0,0,0,1,2
0,7082,4,0.5,0,4,1,0,0,1,0,0,0,0,2
1953,1953,0,0.0,0,0,0,0,0,0,1,0,0,0,2
0,6311,5,0.8,0,5,0,0,0,0,0,0,0,0,2
0,10202,4,0.5,0,4,1,0,0,0,0,0,0,0,2
0,10202,4,0.5,0,4,1,0,0,0,0,0,0,0,2
0,10202,4,0.5,0,4,1,0,0,0,0,0,0,0,2
253,584,0,0.0,0,0,0,0,0,0,0,0,0,0,2
277,673,0,0.0,0,0,0,0,0,0,0,0,0,0,2
3020,3020,0,0.0,0,0,0,0,27,0,2,3,2,0,2
70,70,0,0.0,0,0,0,0,0,1,0,0,0,0,2
0,6148,5,0.8,0,5,0,0,0,0,0,0,0,0,2
0,13944,3,0.0,0,0,1,0,4,0,0,0,0,1,2
0,9382,3,1.0,0,3,2,0,0,1,0,0,0,0,2
0,7669,3,1.0,0,3,0,0,0,1,0,0,0,0,2
0,7646,7,0.8571428571428571,0,7,4,0,0,0,0,0,0,0,2
0,7646,7,0.8571428571428571,0,7,4,0,0,0,0,0,0,0,2
0,7646,7,0.8571428571428571,0,7,4,0,0,0,0,0,0,0,2
0,10325,4,1.0,0,4,1,0,0,0,0,0,0,0,2
0,1430,0,0.0,0,0,0,0,0,0,0,0,0,0,2
2826,3103,0,0.0,0,0,0,0,0,0,0,0,0,0,2
0,6342,5,0.8,0,5,2,0,0,1,0,0,0,0,2
0,158428,2,1.0,0,2,2,0,0,0,0,0,0,0,2
0,5607,4,0.75,0,4,1,0,0,0,0,0,0,0,2
0,1256,1,1.0,0,1,0,0,0,0,0,0,0,0,2
0,9417,3,1.0,0,3,2,0,0,0,0,0,0,0,2
0,20832,7,0.8571428571428571,0,7,10,0,5,0,0,1,0,1,2
0,8937,3,0.6666666666666666,0,3,1,0,0,0,0,0,0,0,2
0,8937,3,0.6666666666666666,0,3,1,0,0,0,0,0,0,0,2
0,13946,3,0.0,0,0,1,0,4,0,0,0,0,1,2
0,13946,3,0.0,0,0,1,0,4,0,0,0,0,1,2
0,13944,3,0.0,0,0,1,0,4,0,0,0,0,1,2
0,13946,3,0.0,0,0,1,0,4,0,0,0,0,1,2
0,13944,3,0.0,0,0,1,0,4,0,0,0,0,1,2
0,13946,3,0.0,0,0,1,0,4,0,0,0,0,1,2
0,13944,3,0.0,0,0,1,0,4,0,0,0,0,1,2
0,9433,3,1.0,0,3,2,0,0,1,1,0,0,0,2
14656,25709,1,1.0,0,1,0,0,4,0,0,0,1,0,2
0,13946,3,0.0,0,0,1,0,4,0,0,0,0,1,2
0,13946,3,0.0,0,0,1,0,4,0,0,0,0,1,2
0,13944,3,0.0,0,0,1,0,4,0,0,0,0,1,2
0,13946,3,0.0,0,0,1,0,4,0,0,0,0,1,2
0,5964,4,0.75,0,4,2,0,0,0,0,0,0,0,2
0,5964,4,0.75,0,4,2,0,0,0,0,0,0,0,2
0,5964,4,0.75,0,4,2,0,0,0,0,0,0,0,2
0,10228,3,1.0,0,3,2,0,0,0,0,0,0,0,2
2027,2027,0,0.0,0,0,0,0,0,0,0,1,0,0,2
302,7269,0,0.0,0,0,0,0,1,0,0,1,0,1,2
533,2827,1,1.0,0,1,2,0,4,1,0,0,0,1,2
0,6922,4,1.0,0,4,1,0,0,0,0,0,0,0,2
0,179654,3,0.3333333333333333,0,3,3,0,0,1,0,0,0,0,2
0,6342,5,0.8,0,5,2,0,0,1,0,0,0,0,2
0,6860,4,0.75,0,4,2,0,0,1,0,0,0,0,2
0,6419,3,0.6666666666666666,0,3,2,0,0,1,0,0,0,0,2
0,6860,4,0.75,0,4,2,0,0,1,0,0,0,0,2
0,179654,3,0.3333333333333333,0,3,3,0,0,1,0,0,0,0,2
0,6342,5,0.8,0,5,2,0,0,1,0,0,0,0,2
0,158428,2,1.0,0,2,2,0,0,0,0,0,0,0,2
179,179,0,0.0,0,0,0,0,0,0,0,1,0,0,2
969,4858,2,1.0,0,2,2,0,5,1,0,0,0,2,2
0,8068,4,0.75,0,4,2,0,0,0,0,0,0,0,2
0,13944,3,0.0,0,0,1,0,4,0,0,0,0,1,2
0,13944,3,0.0,0,0,1,0,4,0,0,0,0,1,2
0,13946,3,0.0,0,0,1,0,4,0,0,0,0,1,2
0,10202,4,0.5,0,4,1,0,0,0,0,0,0,0,2
242,517,0,0.0,0,0,0,0,0,0,0,0,0,0,2
0,5964,4,0.75,0,4,2,0,0,0,0,0,0,0,2
0,5964,4,0.75,0,4,2,0,0,0,0,0,0,0,2
0,5964,4,0.75,0,4,2,0,0,0,0,0,0,0,2
616,9678,4,1.0,0,0,6,0,0,0,0,0,0,0,2
0,8219,5,0.8,0,5,2,0,0,0,0,0,0,0,2
0,4902,2,1.0,0,2,3,0,0,1,0,1,0,0,2
19091,30359,1,1.0,0,1,0,0,0,0,0,1,0,0,2
237,237,0,0.0,0,0,0,0,0,0,0,0,0,0,2
513,1183,1,1.0,0,1,0,0,0,0,0,0,0,0,2
0,179654,3,0.3333333333333333,0,3,3,0,0,1,0,0,0,0,2
0,179654,3,0.3333333333333333,0,3,3,0,0,1,0,0,0,0,2
0,179654,3,0.3333333333333333,0,3,3,0,0,1,0,0,0,0,2
0,179654,3,0.3333333333333333,0,3,3,0,0,1,0,0,0,0,2
0,5679,1,1.0,0,1,2,0,0,1,0,0,0,0,2
1088,8379,1,0.0,0,0,0,0,5,1,0,1,0,0,2
0,607,0,0.0,0,0,0,0,0,0,0,0,0,0,2
6,94,0,0.0,0,0,0,0,0,0,0,0,0,0,2
0,13946,3,0.0,0,0,1,0,4,0,0,0,0,1,2
0,13944,3,0.0,0,0,1,0,4,0,0,0,0,1,2
0,13946,3,0.0,0,0,1,0,4,0,0,0,0,1,2
0,13944,3,0.0,0,0,1,0,4,0,0,0,0,1,2
0,13946,3,0.0,0,0,1,0,4,0,0,0,0,1,2
0,13944,3,0.0,0,0,1,0,4,0,0,0,0,1,2
0,13944,3,0.0,0,0,1,0,4,0,0,0,0,1,2
0,13946,3,0.0,0,0,1,0,4,0,0,0,0,1,2
0,34645,6,1.0,0,6,4,0,0,1,0,1,0,0,2
0,31770,25,0.96,0,24,25,0,0,0,0,0,0,0,2
0,13944,3,0.0,0,0,1,0,4,0,0,0,0,1,2
0,6253,4,0.5,0,4,3,0,0,1,0,0,0,0,2
0,454523,5,0.6,0,5,3,0,0,0,0,0,0,0,2
0,5964,4,0.75,0,4,2,0,0,0,0,0,0,0,2
626,2101,0,0.0,0,0,0,0,0,0,0,0,0,1,2
306,606,2,1.0,0,2,2,0,0,0,0,0,0,0,2
12839,23872,1,1.0,0,1,0,0,0,0,0,1,0,0,2
0,3302,1,1.0,0,1,0,0,4,0,0,0,0,0,2
0,1192,1,1.0,0,1,0,0,5,0,0,0,0,0,2
0,35399,1,1.0,0,1,0,0,4,0,1,1,0,0,2
1398,1398,0,0.0,0,0,0,0,0,0,1,0,0,0,2
0,1332,0,0.0,0,0,0,0,1,0,0,1,0,0,2
187,417,0,0.0,0,0,0,0,0,0,0,0,0,0,2
0,179654,3,0.3333333333333333,0,3,3,0,0,1,0,0,0,0,2
632,632,0,0.0,0,0,0,0,1,0,0,1,0,0,2
9168,8676,2,0.5,0,2,1,0,0,0,0,1,0,0,2
0,1293,4,0.0,0,0,4,0,0,1,0,0,0,0,2
0,13944,3,0.0,0,0,1,0,4,0,0,0,0,1,2
0,13946,3,0.0,0,0,1,0,4,0,0,0,0,1,2
0,34926,29,0.9655172413793104,0,28,29,0,0,0,0,0,0,0,2
0,16813,2,1.0,0,1,2,0,0,0,0,0,0,0,2
0,13944,3,0.0,0,0,1,0,4,0,0,0,0,1,2
0,5964,4,0.75,0,4,2,0,0,0,0,0,0,0,2
875,20821,5,0.6,0,5,8,0,0,0,0,0,0,0,2
626,2101,0,0.0,0,0,0,0,0,0,0,0,0,1,2
15136,26254,1,1.0,0,1,0,0,0,0,0,2,0,1,2
0,5953,1,1.0,0,1,0,0,6,0,1,0,0,1,2
0,5457,1,1.0,0,1,0,0,5,0,0,0,1,1,2
0,9205,1,1.0,0,1,0,0,6,0,1,0,1,1,2
0,1686,1,1.0,0,1,1,0,0,0,1,0,0,1,2
4497,4497,0,0.0,0,0,0,0,5,0,0,3,0,0,2
0,9571,1,1.0,0,1,0,0,6,0,0,0,0,0,2
0,22027,3,1.0,0,3,0,0,1,1,1,1,0,0,2
0,5675,1,1.0,0,1,0,0,0,0,0,0,0,1,2
0,1756,1,1.0,0,1,1,0,0,0,1,0,0,1,2
2339,2339,0,0.0,0,0,0,0,11,1,1,3,0,0,2
0,3168,0,0.0,0,0,0,0,9,0,2,2,0,0,2
0,9115,1,1.0,0,1,0,0,5,0,0,0,0,1,2
0,1632,2,0.5,0,2,0,0,3,0,0,0,0,1,2
0,12056,1,1.0,0,1,0,0,5,1,0,0,0,1,2
0,2005,2,0.5,0,2,0,0,1,0,0,0,0,1,2
510,3406,1,1.0,0,1,1,0,2,0,1,0,0,1,2
60,60,0,0.0,0,0,0,0,0,0,0,1,0,0,2
0,4025,1,0.0,1,1,4,0,0,1,0,0,0,0,2
0,13052,2,0.0,2,2,1,0,16,0,2,0,0,3,2
0,179654,3,0.3333333333333333,0,3,3,0,0,1,0,0,0,0,2
0,9930,2,1.0,0,2,0,0,0,1,1,1,0,0,2
0,7683,3,1.0,0,3,0,0,0,1,0,0,0,0,2
14506,25607,1,1.0,0,1,0,0,0,0,0,0,0,0,2
0,5166,1,1.0,0,1,0,0,0,1,0,0,0,1,2
0,3968,1,1.0,0,1,0,0,6,0,0,0,0,0,2
0,394,1,1.0,0,1,0,0,0,0,0,0,0,1,2
0,4030,1,1.0,0,1,0,0,4,0,0,0,0,0,2
0,22463,3,0.0,0,3,0,0,0,0,0,0,0,0,2
69,2174,2,0.0,0,2,1,0,0,0,0,0,0,0,2
0,14080,6,0.0,6,6,2,0,16,1,2,0,0,3,2
456,923,1,1.0,0,1,0,0,0,0,0,0,0,0,2
0,8006,4,1.0,0,0,10,0,0,1,0,0,0,0,2
0,7532,1,1.0,0,1,0,0,0,1,0,0,1,0,2
0,3288,1,1.0,0,1,1,0,0,1,0,0,0,0,2
0,12532,2,0.0,2,2,1,0,16,0,2,0,0,3,2
2119,2603,1,0.0,0,0,0,0,6,0,0,3,0,0,2
0,2603,1,0.0,0,0,0,0,6,0,0,3,0,0,2
967,1121,0,0.0,0,0,0,0,0,0,0,0,0,0,2
2119,2666,1,0.0,0,0,0,0,6,0,0,3,0,0,2
380,2539,1,1.0,0,1,0,0,0,0,0,0,0,0,2
0,10350,2,0.5,0,1,1,0,4,0,0,0,0,1,2
0,8878,2,0.5,0,1,1,0,3,0,0,0,0,1,2
0,5890,5,0.6,0,5,4,0,0,1,0,0,0,1,2
1140,1648,0,0.0,0,0,0,0,1,0,1,3,0,0,2
0,12533,2,0.0,2,2,1,0,16,0,2,0,0,3,2
0,12537,2,0.0,2,2,1,0,16,0,2,0,0,3,2
0,12552,2,0.0,2,2,1,0,16,0,2,0,0,3,2
0,2350,4,0.0,0,4,4,0,0,0,0,0,0,0,2
2183,16504,3,1.0,0,3,1,0,1,0,0,0,0,0,2
0,17104,1,1.0,0,1,5,0,4,0,1,0,0,2,2
0,15280,1,1.0,0,1,2,0,4,0,1,0,0,2,2
0,12886,2,0.0,2,2,1,0,16,0,2,0,0,3,2
1559,16440,2,1.0,0,2,1,0,1,0,0,0,0,0,2
0,16237,5,1.0,0,5,2,0,0,0,0,0,0,0,2
632,1426,2,1.0,0,2,10,0,0,1,0,1,0,0,2
632,1426,2,1.0,0,2,10,0,0,1,0,1,0,0,2
4884,14538,9,0.4444444444444444,0,9,0,0,10,1,0,2,0,1,2
1520,4267,2,0.5,0,1,1,0,0,0,0,0,0,0,2
0,11151,5,0.0,5,5,2,0,16,1,2,0,0,3,2
0,6657,3,0.0,0,0,0,0,0,0,0,0,0,0,2
433,949,0,0.0,0,0,0,0,0,0,0,0,0,0,2
773,1450,4,0.0,0,4,2,0,0,0,0,0,0,0,2
773,1450,4,0.0,0,4,2,0,0,0,0,0,0,0,2
392,882,0,0.0,0,0,0,0,0,0,0,0,0,0,2
5995,24993,7,1.0,0,7,0,0,6,0,0,2,0,1,2
5995,24993,7,1.0,0,7,0,0,6,0,0,2,0,1,2
5995,24993,7,1.0,0,7,0,0,6,0,0,2,0,1,2
6001,24999,7,1.0,0,7,0,0,6,0,0,2,0,1,2
5999,24997,7,1.0,0,7,0,0,6,0,0,2,0,1,2
5495,6912,4,0.0,0,0,3,0,0,0,1,0,1,0,2
993,3727,2,0.5,0,1,1,0,0,1,0,0,0,1,2
1026,3719,2,0.5,0,1,1,0,0,0,0,0,0,1,2
1114,3824,2,0.5,0,1,1,0,0,0,0,0,0,0,2
1468,4151,2,0.5,0,1,1,0,0,0,0,0,0,1,2
0,10978,5,0.0,5,5,3,0,16,1,2,0,0,3,2
0,19800,3,0.0,0,3,2,0,0,0,0,0,0,0,2
0,2875,2,0.5,0,2,2,0,0,0,0,0,0,0,2
376,664,0,0.0,0,0,0,0,0,0,0,0,0,0,2
304,304,0,0.0,0,0,0,0,0,0,0,0,0,0,2
0,8700,0,0.0,0,0,0,0,1,0,1,3,0,0,2
1295,2161,0,0.0,0,0,0,0,12,0,0,2,0,0,2
1356,5472,0,0.0,0,0,0,0,0,0,0,0,0,0,2
0,20054,7,1.0,0,7,5,0,8,0,0,2,0,3,2
0,5784,4,0.5,0,2,0,0,0,0,1,0,1,1,2
84,84,0,0.0,0,0,0,0,0,0,0,0,0,0,2
0,163,1,1.0,0,1,0,0,1,0,0,0,0,0,2
14,61,0,0.0,0,0,0,0,0,0,0,0,0,0,2
0,1764,0,0.0,0,0,0,0,0,0,0,0,0,0,2
0,3134,0,0.0,0,0,0,0,1,0,1,2,0,1,2
0,2970,1,1.0,0,1,0,0,0,0,0,0,0,0,2
0,5406,0,0.0,0,0,1,0,0,0,0,1,0,0,2
74,74,0,0.0,0,0,0,0,0,0,0,0,0,0,2
0,7098,1,1.0,0,1,0,0,6,0,0,0,0,0,2
0,5647,1,0.0,0,1,0,0,0,0,0,1,0,0,2
0,37019,14,1.0,0,14,19,0,1,0,0,1,0,2,2
0,7711,3,0.3333333333333333,0,1,0,0,2,0,0,0,0,0,2
0,12956,2,1.0,0,0,1,0,1,0,0,1,0,0,2
0,4016,1,1.0,0,1,0,0,1,1,0,0,0,0,2
0,1529,2,0.0,0,0,0,0,4,0,1,4,0,0,2
1198,17287,7,0.5714285714285714,0,6,3,0,0,0,0,1,0,1,2
5442,41831,1,1.0,0,1,1,0,1,0,0,0,0,1,2
354,1060,1,1.0,0,0,0,0,1,0,0,0,0,2,2
0,1515,0,0.0,0,0,1,0,1,1,0,0,0,0,2
0,13878,3,0.0,0,0,1,0,4,0,0,0,0,1,2
553,6728,0,0.0,0,0,0,0,0,0,0,1,0,0,2
2372,3155,1,0.0,0,0,0,0,3,0,0,2,0,0,2
0,64934,24,0.041666666666666664,0,23,10,0,0,0,0,0,0,0,2
0,64934,24,0.041666666666666664,0,23,10,0,0,0,0,0,0,0,2
0,5877,5,0.6,0,5,4,0,0,0,0,0,0,1,2
0,15638,1,1.0,0,1,2,0,4,0,1,0,0,2,2
628,4551,4,1.0,0,4,3,0,0,0,0,0,0,1,2
0,13880,3,0.0,0,0,1,0,4,0,0,0,0,1,2
12389,179681,45,0.7777777777777778,0,36,29,0,0,0,0,0,0,2,2
0,13878,3,0.0,0,0,1,0,4,0,0,0,0,1,2
0,13878,3,0.0,0,0,1,0,4,0,0,0,0,1,2
583,1897,0,0.0,0,0,0,0,0,0,0,0,0,0,2
3595,5576,4,0.0,0,0,3,0,5,0,0,0,0,1,2
0,2488,3,1.0,0,0,2,0,0,0,0,0,0,0,2
0,27227,14,1.0,0,14,12,0,0,0,0,1,0,0,2
51,10756,2,0.0,0,2,3,0,0,0,0,0,0,0,2
15416,26644,1,1.0,0,1,0,0,0,0,0,0,0,1,2
0,5447,3,0.6666666666666666,0,3,2,0,2,0,0,0,0,0,2
510,3406,1,1.0,0,1,1,0,2,0,1,0,0,1,2
1250,1250,0,0.0,0,0,0,0,0,0,0,0,0,0,2
0,5890,5,0.6,0,5,4,0,0,1,0,0,0,1,2
0,17211,1,1.0,0,1,2,0,4,0,1,0,0,2,2
0,3804,1,1.0,0,1,1,0,2,0,0,0,0,1,2
3,39226,11,1.0,0,11,3,0,0,0,0,0,0,0,2
0,3208,4,0.75,0,4,7,0,0,1,0,0,0,0,2
0,13946,3,0.0,0,0,1,0,4,0,0,0,0,1,2
0,13944,3,0.0,0,0,1,0,4,0,0,0,0,1,2
0,26623,8,0.125,0,1,9,0,0,0,0,0,0,0,2
1415,4700,2,1.0,0,2,1,0,1,0,0,0,0,0,2
2264,11015,4,0.75,0,4,10,0,0,0,0,0,0,2,2
0,71927,1,0.0,0,0,0,0,0,0,1,1,0,0,2
0,13880,3,0.0,0,0,1,0,4,0,0,0,0,1,2
0,13878,3,0.0,0,0,1,0,4,0,0,0,0,1,2
1348,1348,0,0.0,0,0,0,0,0,0,0,0,0,1,2
3,3881,3,1.0,0,3,1,0,0,0,0,0,0,0,2
0,73627,3,0.0,0,3,1,0,0,1,0,0,0,0,2
1876,27310,9,1.0,0,9,0,0,1,0,1,2,0,0,2
0,4548,3,0.0,3,3,2,0,0,0,0,0,0,0,2
59,1528,1,1.0,0,1,0,0,0,0,0,0,0,0,2
0,13878,3,0.0,0,0,1,0,4,0,0,0,0,1,2
263,445,1,0.0,0,0,0,0,1,0,0,1,0,0,2
0,11868,0,0.0,0,0,0,0,0,1,0,0,0,0,2
0,4857,2,0.0,2,2,1,0,0,0,0,0,0,0,2
0,4869,2,0.0,0,2,1,0,0,0,0,0,0,0,2
0,5558,5,1.0,0,5,1,0,2,0,1,0,0,1,2
0,5057,6,0.0,0,6,3,0,0,1,0,0,0,0,2
0,2986,1,1.0,0,1,0,0,0,0,0,0,0,0,2
0,13880,3,0.0,0,0,1,0,4,0,0,0,0,1,2
0,6550,5,0.0,0,5,3,0,0,1,0,0,0,0,2
0,10013,5,0.0,0,5,5,0,0,1,0,0,0,0,2
0,13878,3,0.0,0,0,1,0,4,0,0,0,0,1,2
0,71927,1,0.0,0,0,0,0,0,0,1,1,0,0,2
0,13880,3,0.0,0,0,1,0,4,0,0,0,0,1,2
0,13878,3,0.0,0,0,1,0,4,0,0,0,0,1,2
0,13878,3,0.0,0,0,1,0,4,0,0,0,0,1,2
0,13880,3,0.0,0,0,1,0,4,0,0,0,0,1,2
0,10184,0,0.0,0,0,0,0,0,1,0,0,0,0,2
166,166,0,0.0,0,0,0,0,0,0,0,0,0,0,2
182,182,0,0.0,0,0,0,0,0,0,1,0,0,0,2
0,30931,4,0.0,0,4,2,0,0,0,0,0,0,0,2
0,2859,0,0.0,0,0,0,0,0,1,0,0,0,0,2
0,2466,4,0.0,0,4,1,0,0,0,0,0,0,0,2
0,8451,3,1.0,0,3,2,0,3,0,0,0,0,0,2
0,12121,2,0.0,0,2,12,0,0,0,0,1,1,0,2
0,11827,6,0.0,0,6,2,0,0,1,0,0,0,0,2
0,7894,2,0.0,0,2,1,0,0,0,0,0,0,0,2
0,8048,2,0.0,0,2,1,0,0,1,0,0,0,0,2
0,8208,2,0.0,0,2,1,0,0,0,0,0,0,0,2
0,31762,9,0.1111111111111111,0,9,10,0,0,0,0,0,0,0,2
184,184,0,0.0,0,0,0,0,0,0,0,0,0,0,2
0,8361,2,0.0,0,2,1,0,0,0,0,0,0,0,2
0,13880,3,0.0,0,0,1,0,4,0,0,0,0,1,2
0,5027,2,0.0,0,2,2,0,0,1,0,0,0,0,2
0,8576,3,1.0,0,3,2,0,2,0,0,0,0,0,2
0,4059,4,0.0,0,4,2,0,0,1,0,0,0,0,2
0,3736,1,1.0,0,1,1,0,2,0,0,0,0,1,2
6,6,0,0.0,0,0,0,0,0,0,0,0,0,0,2
0,13842,2,0.0,0,2,1,0,15,1,2,0,0,3,2
2246,15771,1,0.0,0,1,1,0,5,0,0,2,0,1,2
0,28103,2,0.0,0,2,2,0,3,0,0,0,1,0,2
2286,3507,5,1.0,0,5,1,0,4,0,1,0,0,1,2
341,341,0,0.0,0,0,0,0,0,0,0,0,0,0,2
0,8211,2,0.0,0,2,1,0,0,0,0,0,0,0,2
947,29107,1,1.0,0,1,1,0,4,0,0,0,0,1,2
0,2735,0,0.0,0,0,0,0,4,0,0,2,0,0,2
947,29107,1,1.0,0,1,1,0,4,0,0,0,0,1,2
443,32196,1,1.0,0,0,1,0,0,0,0,0,0,0,2
2713,6863,3,1.0,0,3,1,0,5,0,0,2,0,1,2
167,167,0,0.0,0,0,0,0,0,0,0,0,0,0,2
9517,43337,19,0.9473684210526315,0,18,11,0,9,0,1,3,1,1,2
3018,14195,4,0.75,0,3,1,0,2,0,0,0,0,0,2
0,9272,2,0.0,0,2,2,0,15,1,2,0,0,3,2
341,341,0,0.0,0,0,0,0,0,0,0,0,0,0,2
1407,4636,2,1.0,0,2,1,0,0,0,0,0,0,0,2
1163,2894,1,1.0,0,1,1,0,3,0,0,0,0,1,2
0,552,0,0.0,0,0,0,0,0,0,0,1,0,0,2
150,150,0,0.0,0,0,0,0,0,0,0,0,0,0,2
0,9475,10,0.0,0,10,6,0,15,0,2,0,0,3,2
458,31132,7,0.8571428571428571,0,7,3,0,0,1,0,0,0,0,2
460,31056,7,0.8571428571428571,0,7,3,0,0,1,0,0,0,0,2
1356,26719,3,0.0,0,0,2,0,2,1,1,0,0,0,2
0,8365,7,0.0,0,7,4,0,16,0,2,0,0,3,2
0,8337,7,0.0,0,7,4,0,16,0,2,0,0,3,2
343,1809,2,1.0,0,2,0,0,1,0,0,0,0,1,2
0,8634,4,0.0,0,4,2,0,0,0,0,0,0,0,2
0,43031,3,0.0,0,3,1,0,0,1,0,0,0,0,2
0,8260,1,1.0,0,1,1,0,2,0,0,0,0,1,2
0,12659,3,0.0,3,3,1,0,15,0,2,0,0,3,2
1197,4064,10,1.0,0,10,4,0,0,0,0,0,0,1,2
1197,4069,10,1.0,0,10,4,0,0,0,0,0,0,1,2
2594,13383,16,1.0,0,16,3,0,0,0,0,0,0,0,2
0,9475,10,0.0,10,10,6,0,15,0,2,0,0,3,2
0,9502,10,0.0,10,10,6,0,15,0,2,0,0,3,2
0,12582,2,0.0,2,2,1,0,15,0,2,0,0,3,2
0,12582,2,0.0,2,2,1,0,15,0,2,0,0,3,2
391,3928,3,1.0,0,3,2,0,0,0,0,0,0,0,2
0,15112,3,0.0,0,0,1,0,0,0,0,0,0,0,2
1288,4631,2,0.5,0,2,1,0,0,1,0,0,0,0,2
454,29300,7,0.8571428571428571,0,7,3,0,0,0,0,0,0,0,2
454,29289,7,0.8571428571428571,0,7,3,0,0,0,0,0,0,0,2
456,29329,7,0.8571428571428571,0,7,3,0,0,0,0,0,0,0,2
2594,13383,16,1.0,0,16,3,0,0,1,0,0,0,0,2
391,3933,3,1.0,0,3,2,0,0,1,0,0,0,0,2
0,9275,2,0.0,0,2,2,0,15,1,2,0,0,3,2
21069,70191,27,1.0,0,27,20,0,1,1,0,0,0,1,2
1457,5167,2,1.0,0,2,1,0,0,1,0,0,0,0,2
1534,4905,2,1.0,0,2,1,0,0,1,0,0,0,0,2
0,474,2,0.0,0,2,0,0,0,0,0,0,0,0,2
0,8580,3,1.0,0,3,2,0,3,0,0,0,0,0,2
458,28935,7,0.8571428571428571,0,7,3,0,0,0,0,0,0,0,2
167,167,0,0.0,0,0,0,0,0,0,0,0,0,0,2
0,9127,2,0.0,2,2,1,0,15,1,2,0,0,3,2
452,28969,7,0.8571428571428571,0,7,3,0,0,0,0,0,0,0,2
458,29337,7,0.8571428571428571,0,7,3,0,0,0,0,0,0,0,2
0,12770,3,0.0,3,3,1,0,15,0,2,0,0,3,2
0,9508,10,0.0,10,10,6,0,15,0,2,0,0,3,2
0,11160,1,1.0,0,1,3,0,0,1,0,0,0,1,2
0,38879,3,0.0,0,3,1,0,0,1,0,0,0,0,2
0,12588,2,0.0,2,2,1,0,15,0,2,0,0,3,2
0,15112,3,0.0,0,0,1,0,0,0,0,0,0,0,2
0,6675,3,0.0,3,3,1,0,15,0,2,0,0,3,2
462,32992,5,0.8,0,5,2,0,0,0,0,0,0,0,2
458,33183,5,0.8,0,5,2,0,0,0,0,0,0,0,2
460,33165,5,0.8,0,5,2,0,0,0,0,0,0,0,2
0,5909,11,0.0,0,6,6,0,0,0,0,0,0,0,2
0,8634,4,0.0,0,4,2,0,0,0,0,0,0,0,2
0,8634,4,0.0,0,4,2,0,0,0,0,0,0,0,2
0,9272,2,0.0,2,2,2,0,15,1,2,0,0,3,2
0,11469,10,0.0,10,10,3,0,0,0,0,0,0,0,2
0,1597,1,0.0,0,1,0,0,0,0,0,0,0,0,2
0,7976,3,0.0,0,1,0,0,0,0,0,1,0,0,2
0,8127,5,0.0,0,5,3,0,15,0,2,0,0,3,2
0,16145,0,0.0,0,0,0,0,0,1,0,0,0,0,2
0,12781,3,0.0,0,3,1,0,15,0,2,0,0,3,2
69,2352,2,1.0,0,2,1,0,0,0,0,0,0,0,2
0,5888,11,0.0,0,6,6,0,0,0,0,0,0,0,2
0,5902,11,0.0,0,6,6,0,0,0,0,0,0,0,2
0,5888,11,0.0,0,6,6,0,0,0,0,0,0,0,2
0,5909,11,0.0,0,6,6,0,0,0,0,0,0,0,2
0,8634,4,0.0,0,4,2,0,0,0,0,0,0,0,2
0,9210,3,0.3333333333333333,0,3,0,0,0,0,0,0,0,0,2
0,4585,4,0.0,0,4,3,0,0,1,0,0,0,0,2
0,6625,3,0.0,3,0,1,0,15,0,2,0,0,3,2
0,9272,2,0.0,0,2,2,0,15,0,2,0,0,3,2
0,6021,11,0.0,0,11,6,0,0,1,0,0,0,0,2
0,6021,11,0.0,0,11,6,0,0,1,0,0,0,0,2
0,6756,6,0.0,0,5,7,0,0,0,0,0,0,0,2
0,6742,6,0.0,0,5,7,0,0,0,0,0,0,0,2
0,6767,6,0.0,0,5,7,0,0,0,0,0,0,0,2
0,6742,6,0.0,0,5,7,0,0,0,0,0,0,0,2
0,6754,6,0.0,0,5,7,0,0,0,0,0,0,0,2
66,66,0,0.0,0,0,0,0,0,0,0,0,0,0,2
0,9486,10,0.0,0,10,6,0,15,0,2,0,0,3,2
0,101077,3,0.0,0,3,1,0,0,1,0,0,0,0,2
0,9269,2,0.0,0,2,2,0,15,1,2,0,0,3,2
0,9133,2,0.0,0,2,1,0,15,1,2,0,0,3,2
716,23692,1,1.0,0,1,1,0,2,1,2,1,0,2,2
0,9127,5,0.0,0,5,3,0,15,0,2,0,0,3,2
0,9121,5,0.0,0,5,3,0,15,0,2,0,0,3,2
25,608,1,0.0,0,0,0,0,0,0,0,0,0,0,2
0,3807,3,0.0,0,3,1,0,0,0,0,0,0,1,2
301,301,0,0.0,0,0,0,0,0,0,0,0,0,0,2
3865,17787,12,1.0,0,12,8,0,0,0,0,1,0,0,2
3865,17787,12,1.0,0,12,8,0,0,0,0,1,0,0,2
2437,10328,10,0.8,0,8,9,0,0,0,0,0,0,0,2
5534,30564,20,0.05,0,20,9,0,0,0,0,1,0,0,2
3865,17792,12,1.0,0,12,8,0,0,0,0,1,0,0,2
2437,10333,10,0.8,0,8,9,0,0,0,0,0,0,0,2
5534,30569,20,0.05,0,20,9,0,0,0,0,1,0,0,2
0,5267,2,0.5,0,1,1,0,0,0,0,0,0,0,2
1116,5540,9,1.0,0,9,0,0,0,0,0,0,0,0,2
2437,10328,10,0.8,0,8,9,0,0,0,0,0,0,0,2
305,305,0,0.0,0,0,0,0,0,0,0,0,0,0,2
5534,30564,20,0.05,0,20,9,0,0,0,0,1,0,0,2
0,3162,2,0.0,0,2,2,0,0,0,0,0,0,0,2
7574,18619,1,1.0,0,1,0,0,0,0,0,1,0,0,2
0,17983,6,1.0,0,6,1,0,6,0,0,2,0,1,2
0,8634,4,0.0,0,4,2,0,0,0,0,0,0,0,2
0,8634,4,0.0,0,4,2,0,0,0,0,0,0,0,2
129,310,0,0.0,0,0,0,0,0,0,0,0,0,0,2
0,7407,1,1.0,0,1,4,0,0,1,0,1,0,0,2
0,9275,2,0.0,0,2,2,0,15,1,2,0,0,3,2
0,34645,6,1.0,0,6,4,0,0,1,0,1,0,0,2
0,12659,3,0.0,3,3,1,0,15,0,2,0,0,3,2
0,9133,5,0.0,0,5,3,0,15,0,2,0,0,3,2
0,795,0,0.0,0,0,0,0,0,0,0,0,0,0,2
0,133,1,0.0,0,1,0,0,0,1,0,0,0,0,2
0,133,1,0.0,0,1,0,0,0,1,0,0,0,0,2
5125,15559,10,0.9,0,9,4,0,0,0,0,0,0,1,2
5125,15559,10,0.9,0,9,4,0,0,0,0,0,0,1,2
0,6768,6,0.0,0,5,7,0,0,0,0,0,0,0,2
0,6742,6,0.0,0,5,7,0,0,0,0,0,0,0,2
0,12265,2,0.0,0,2,1,0,15,0,2,0,0,3,2
422,1124,1,1.0,0,0,0,0,0,0,0,0,0,0,2
0,13547,3,0.0,0,3,0,0,0,0,0,0,0,0,2
196,196,0,0.0,0,0,0,0,0,0,0,0,0,0,2
8844,25495,9,0.8888888888888888,0,8,7,0,0,1,0,1,0,1,2
5459,20044,20,0.85,0,17,7,0,2,1,0,0,0,2,2
0,17983,6,1.0,0,6,1,0,6,0,0,2,0,1,2
0,1183,2,1.0,0,2,2,0,0,1,0,0,0,0,2
0,809,2,1.0,0,2,2,0,0,1,0,0,0,0,2
0,11446,2,0.0,0,1,2,0,0,1,0,0,0,1,2
124,124,0,0.0,0,0,0,0,0,0,0,0,0,0,2
0,8693,4,1.0,0,4,1,0,0,0,0,0,0,0,2
0,16161,0,0.0,0,0,0,0,0,1,0,0,0,0,2
0,49560,10,0.0,0,1,5,0,15,0,2,0,0,3,2
0,49564,10,0.0,0,1,5,0,15,0,2,0,0,3,2
0,49560,10,0.0,0,1,5,0,15,0,2,0,0,3,2
8844,25495,9,0.8888888888888888,0,8,7,0,0,0,0,1,0,1,2
5459,20044,20,0.85,0,17,7,0,2,0,0,0,0,2,2
241,1097,2,1.0,0,2,3,0,0,1,0,0,0,0,2
0,61385,13,0.9230769230769231,0,12,8,0,0,1,0,0,0,1,2
1491,7751,3,0.0,0,0,2,0,2,1,0,0,0,1,2
1535,27543,3,1.0,0,3,2,0,3,1,1,0,0,1,2
1244,3548,3,0.3333333333333333,0,3,0,0,8,0,1,0,0,2,2
371,5614,4,0.0,0,4,1,0,0,0,0,0,0,0,2
1509,27531,3,1.0,0,3,2,0,3,1,1,0,0,1,2
1461,27397,3,1.0,0,3,2,0,3,1,1,0,0,1,2
1557,27663,3,1.0,0,3,2,0,3,1,1,0,0,1,2
5459,20046,20,0.85,0,17,7,0,2,1,0,0,0,2,2
16585,47290,21,0.9047619047619048,0,19,8,0,0,1,0,0,0,0,2
0,49558,10,0.0,0,1,5,0,15,1,2,0,0,3,2
0,49562,10,0.0,0,1,5,0,15,1,2,0,0,3,2
7,1304,2,1.0,0,2,2,0,0,1,0,0,0,0,2
0,6931,3,0.0,0,3,3,0,0,0,0,0,0,0,2
0,12582,2,0.0,0,2,1,0,15,0,2,0,0,3,2
0,623,0,0.0,0,0,0,0,0,0,1,1,0,0,2
6,2053,2,1.0,0,2,2,0,0,0,0,0,0,0,2
0,6769,6,0.0,0,5,7,0,0,0,0,0,0,0,2
0,7416,1,1.0,0,1,4,0,0,1,0,1,0,0,2
1517,1517,0,0.0,0,0,0,0,0,0,1,2,0,0,2
0,13878,3,0.0,0,0,1,0,4,0,0,0,0,1,2
0,13878,3,0.0,0,0,1,0,4,0,0,0,0,1,2
0,9127,5,0.0,0,5,3,0,15,0,2,0,0,3,2
0,10386,8,1.0,0,8,1,0,4,0,1,0,0,1,2
0,12876,2,0.0,0,2,1,0,15,0,2,0,0,3,2
0,9211,3,0.3333333333333333,0,3,0,0,0,0,0,0,0,0,2
0,36146,3,0.0,0,3,1,0,0,1,0,0,0,0,2
426,1254,3,0.0,0,0,0,0,0,0,0,0,0,0,2
0,9633,4,1.0,0,4,2,0,2,0,0,0,1,0,2
0,6776,6,0.0,0,5,7,0,0,0,0,0,0,0,2
0,6776,6,0.0,0,5,7,0,0,0,0,0,0,0,2
0,7181,3,0.0,0,1,0,0,0,0,0,1,0,0,2
13925,33088,8,1.0,0,8,7,0,1,0,1,1,0,1,2
0,982,2,1.0,0,2,2,0,0,0,0,0,0,0,2
0,4672,2,1.0,0,2,3,0,0,0,0,0,0,0,2
0,1442,2,1.0,0,2,2,0,0,0,0,0,0,0,2
0,3549,3,0.0,0,3,2,0,0,0,0,0,0,0,2
0,25998,3,0.0,0,3,1,0,0,1,0,0,0,0,2
1238,25509,40,0.025,0,40,36,0,0,0,0,1,0,0,2
0,31458,5,0.8,0,4,3,0,6,0,0,0,1,1,2
0,13956,3,0.0,0,0,1,0,4,0,0,0,0,1,2
0,13958,3,0.0,0,0,1,0,4,0,0,0,0,1,2
0,9272,2,0.0,0,2,2,0,15,1,2,0,0,3,2
0,6601,4,0.0,0,4,3,0,0,1,0,0,0,0,2
0,10315,4,0.5,0,4,2,0,0,0,0,0,0,0,2
0,10315,4,0.5,0,4,2,0,0,0,0,0,0,0,2
0,10315,4,0.5,0,4,2,0,0,0,0,0,0,0,2
0,9039,2,0.0,0,2,0,0,0,0,0,0,0,0,2
0,11826,4,1.0,0,4,3,0,2,0,0,0,1,0,2
0,5888,11,0.0,0,6,6,0,0,0,0,0,0,0,2
0,5888,11,0.0,0,6,6,0,0,0,0,0,0,0,2
0,10312,4,1.0,0,4,1,0,0,0,0,0,0,0,2
3346,40636,39,1.0,0,39,19,0,0,1,0,0,0,0,2
1372,5667,2,1.0,0,2,2,0,0,0,0,0,0,0,2
5073,38846,15,0.06666666666666667,0,15,19,0,0,0,0,0,0,0,2
0,0,0,0.0,0,0,0,0,0,0,0,0,0,0,2
0,11839,4,1.0,0,4,3,0,2,0,0,0,1,0,2
1238,25509,40,0.025,0,40,36,0,0,0,0,1,0,0,2
283,752,0,0.0,0,0,0,0,2,0,0,1,0,1,2
0,27460,7,0.0,0,7,4,0,15,0,2,0,0,3,2
0,13958,3,0.0,0,0,1,0,4,0,0,0,0,1,2
0,13956,3,0.0,0,0,1,0,4,0,0,0,0,1,2
0,9148,2,0.0,2,2,1,0,15,1,2,0,0,3,2
0,9272,2,0.0,0,2,2,0,15,1,2,0,0,3,2
0,9140,2,0.0,2,2,1,0,15,1,2,0,0,3,2
0,12265,2,0.0,0,2,1,0,15,0,2,0,0,3,2
0,5895,11,0.0,0,6,6,0,0,0,0,0,0,0,2
0,12232,2,0.0,0,2,1,0,15,0,2,0,0,3,2
0,1599,1,0.0,0,1,0,0,0,0,0,0,0,0,2
1541,17797,21,0.8571428571428571,0,20,11,0,0,0,0,0,0,1,2
1939,4812,0,0.0,0,0,0,0,9,0,1,1,1,0,2
0,7382,1,1.0,0,1,4,0,0,1,0,1,0,0,2
0,13958,3,0.0,0,0,1,0,4,0,0,0,0,1,2
0,13956,3,0.0,0,0,1,0,4,0,0,0,0,1,2
0,13958,3,0.0,0,0,1,0,4,0,0,0,0,1,2
0,9172,2,0.0,0,2,1,0,15,1,2,0,0,3,2
0,10315,4,0.5,0,4,2,0,0,0,0,0,0,0,2
2965,2965,0,0.0,0,0,0,0,8,0,2,2,0,0,2
0,3707,1,1.0,0,1,1,0,2,0,0,0,0,1,2
0,7831,3,0.0,0,1,0,0,0,0,0,1,0,0,2
0,13956,3,0.0,0,0,1,0,4,0,0,0,0,1,2
0,13958,3,0.0,0,0,1,0,4,0,0,0,0,1,2
0,13956,3,0.0,0,0,1,0,4,0,0,0,0,1,2
0,13956,3,0.0,0,0,1,0,4,0,0,0,0,1,2
0,9250,2,0.0,2,2,1,0,15,1,2,0,0,3,2
3629,27617,4,0.0,0,0,3,0,1,1,2,1,0,0,2
3743,27767,4,0.0,0,0,3,0,1,1,2,1,0,0,2
0,6493,9,1.0,0,0,6,0,0,0,0,0,0,0,2
0,8150,3,0.0,0,3,2,0,0,0,0,0,0,0,2
656,656,0,0.0,0,0,0,0,1,1,1,1,0,0,2
0,6098,11,0.0,0,11,6,0,0,1,0,0,0,0,2
0,12673,3,0.0,3,3,1,0,15,0,2,0,0,3,2
0,18092,4,0.0,0,4,1,0,0,0,0,0,0,0,2
0,10063,4,0.0,4,4,13,0,1,0,1,1,0,0,2
438,1177,0,0.0,0,0,0,0,0,0,0,0,0,0,2
0,1074,3,0.0,0,3,3,0,0,0,0,0,0,0,2
0,4386,4,0.0,0,4,3,0,0,0,0,0,0,0,2
0,2664,3,1.0,0,3,1,0,3,0,1,0,0,3,2
0,12448,1,1.0,0,1,8,0,0,1,0,0,0,0,2
0,12448,1,1.0,0,1,8,0,0,1,0,0,0,0,2
292,567,0,0.0,0,0,0,0,0,0,1,0,0,0,2
0,6109,11,0.0,0,11,6,0,0,1,0,0,0,0,2
0,12448,1,1.0,0,1,8,0,0,1,0,0,0,0,2
0,13958,3,0.0,0,0,1,0,4,0,0,0,0,1,2
0,13956,3,0.0,0,0,1,0,4,0,0,0,0,1,2
0,13958,3,0.0,0,0,1,0,4,0,0,0,0,1,2
0,7816,3,0.0,0,3,2,0,0,0,0,0,0,0,2
0,9397,4,0.0,0,4,3,0,0,1,0,0,0,0,2
0,20279,3,0.0,0,3,2,0,0,0,0,0,0,0,2
0,6120,11,0.0,0,11,6,0,0,1,0,0,0,0,2
1,12535,0,0.0,0,0,1,0,0,0,0,0,0,0,2
0,22379,5,0.0,0,5,4,0,2,0,0,0,0,0,2
0,12686,3,0.0,0,3,1,0,15,0,2,0,0,3,2
0,7246,2,0.5,0,2,2,0,0,1,0,0,0,0,2
0,7927,4,0.25,0,4,3,0,0,1,0,0,0,0,2
0,7303,2,0.5,0,2,2,0,0,1,0,0,0,0,2
0,7140,2,0.5,0,2,2,0,0,1,0,0,0,0,2
0,13958,3,0.0,0,0,1,0,4,0,0,0,0,1,2
0,13956,3,0.0,0,0,1,0,4,0,0,0,0,1,2
1385,5822,1,1.0,0,1,2,0,0,0,0,0,0,0,2
575,94331,1,1.0,0,0,4,0,0,0,0,0,0,0,2
575,94311,1,1.0,0,0,4,0,0,0,0,0,0,0,2
877,20219,4,1.0,0,4,7,0,0,0,0,1,0,1,2
1771,27709,3,1.0,0,3,2,0,1,0,1,1,0,1,2
0,7246,2,0.5,0,2,2,0,0,1,0,0,0,0,2
0,10032,5,1.0,0,5,1,0,0,0,0,0,0,0,2
0,13958,3,0.0,0,0,1,0,4,0,0,0,0,1,2
0,13956,3,0.0,0,0,1,0,4,0,0,0,0,1,2
0,13958,3,0.0,0,0,1,0,4,0,0,0,0,1,2
0,13956,3,0.0,0,0,1,0,4,0,0,0,0,1,2
0,8582,5,0.8,0,5,3,0,0,0,0,1,0,1,2
0,8399,5,0.8,0,5,3,0,0,1,0,0,0,2,2
0,2772,1,1.0,0,1,1,0,2,0,1,0,0,1,2
0,21482,4,0.0,0,4,2,0,16,0,2,0,0,3,2
0,10725,4,0.0,0,4,2,0,0,0,0,0,0,0,2
0,13958,3,0.0,0,0,1,0,4,0,0,0,0,1,2
0,13958,3,0.0,0,0,1,0,4,0,0,0,0,1,2
0,13956,3,0.0,0,0,1,0,4,0,0,0,0,1,2
0,13958,3,0.0,0,0,1,0,4,0,0,0,0,1,2
0,13956,3,0.0,0,0,1,0,4,0,0,0,0,1,2
0,13958,3,0.0,0,0,1,0,4,0,0,0,0,1,2
0,13956,3,0.0,0,0,1,0,4,0,0,0,0,1,2
0,8412,5,0.8,0,5,3,0,0,1,0,0,0,1,2
0,9695,1,0.0,0,1,1,0,2,0,1,0,0,2,2
0,1274,2,1.0,0,2,2,0,0,0,0,0,0,0,2
0,7269,2,0.5,0,2,2,0,0,1,0,0,0,0,2
0,6283,5,0.0,0,5,1,0,0,0,0,0,0,0,2
1663,4801,2,1.0,0,2,1,0,1,1,1,0,0,1,2
1533,4750,2,1.0,0,2,1,0,1,1,1,0,0,1,2
3215,20731,2,1.0,0,2,1,0,1,0,0,0,0,0,2
3,1379,4,0.0,0,3,4,0,0,0,0,0,0,0,2
0,8442,5,0.8,0,5,3,0,0,0,0,0,0,1,2
7,7,0,0.0,0,0,0,0,0,0,0,0,0,0,2
0,41081,2,1.0,0,2,2,0,0,0,0,1,0,0,2
750,750,0,0.0,0,0,0,0,0,0,0,0,0,0,2
0,9212,2,0.0,0,2,2,0,0,1,0,0,0,0,2
0,9212,2,0.0,0,2,2,0,0,1,0,0,0,0,2
1377,3380,4,1.0,0,4,1,0,1,0,0,0,0,1,2
0,479,0,0.0,0,0,0,0,0,0,0,0,0,0,2
0,358,0,0.0,0,0,0,0,0,1,0,0,0,0,2
0,8550,5,0.8,0,5,3,0,0,1,0,0,0,1,2
0,8546,5,0.8,0,5,3,0,0,1,0,0,0,1,2
0,8529,5,0.8,0,5,3,0,0,0,0,0,0,1,2
0,8513,5,0.8,0,5,3,0,0,1,0,0,0,1,2
263,445,1,0.0,0,0,0,0,1,1,0,1,0,0,2
0,5987,11,0.0,11,11,6,0,0,1,0,0,0,0,2
0,8533,5,0.8,0,5,3,0,0,0,0,0,0,1,2
0,8416,5,0.8,0,5,3,0,0,0,0,0,0,1,2
0,8412,5,0.8,0,5,3,0,0,0,0,0,0,1,2
0,8408,5,0.8,0,5,3,0,0,0,0,0,0,1,2
0,8412,5,0.8,0,5,3,0,0,0,0,0,0,1,2
0,8435,5,0.8,0,5,3,0,0,0,0,0,0,1,2
0,20862,6,0.0,6,6,1,0,16,0,2,0,0,3,2
0,8395,1,0.0,1,1,1,0,15,0,2,0,0,3,2
0,24644,7,0.7142857142857143,0,6,4,0,0,0,0,0,0,0,2
0,23587,0,0.0,0,0,1,0,0,0,1,2,0,0,2
0,8854,2,1.0,0,2,2,0,0,0,0,0,0,0,2
504,504,0,0.0,0,0,0,0,0,0,0,0,0,0,2
0,8489,5,0.8,0,5,3,0,0,1,0,0,0,1,2
0,8473,5,0.8,0,5,3,0,0,1,0,0,0,1,2
0,8499,5,0.8,0,5,3,0,0,0,0,1,0,1,2
0,8495,5,0.8,0,5,3,0,0,0,0,1,0,1,2
0,8549,5,0.8,0,5,3,0,0,0,0,0,0,1,2
2844,12099,13,0.7692307692307693,0,13,1,0,5,1,0,1,0,0,2
0,8568,5,0.8,0,5,3,0,0,0,0,0,0,1,2
0,9293,3,0.3333333333333333,0,3,0,0,0,0,0,0,0,0,2
0,8488,5,0.8,0,5,3,0,0,0,0,0,0,1,2
0,7221,1,0.0,1,1,4,0,0,1,0,1,0,0,2
0,8546,5,0.8,0,5,3,0,0,0,0,0,0,1,2
0,8550,5,0.8,0,5,3,0,0,0,0,0,0,1,2
0,8546,5,0.8,0,5,3,0,0,0,0,0,0,1,2
0,8453,5,0.8,0,5,3,0,0,0,0,0,0,1,2
0,8484,5,0.8,0,5,3,0,0,0,0,0,0,1,2
0,18868,1,1.0,0,1,0,0,8,0,1,0,0,1,2
0,8076,2,1.0,0,2,0,0,0,0,0,1,0,0,2
0,10327,1,1.0,0,1,2,0,0,0,0,0,0,0,2
1034,1171,0,0.0,0,0,0,0,0,0,1,0,0,0,2
0,8076,2,1.0,0,2,0,0,0,0,0,1,0,0,2
0,32186,8,0.5,0,4,4,0,4,0,0,0,0,1,2
0,32184,8,0.5,0,4,4,0,4,0,0,0,0,1,2
0,32186,8,0.5,0,4,4,0,4,0,0,0,0,1,2
0,32184,8,0.5,0,4,4,0,4,0,0,0,0,1,2
0,32184,8,0.5,0,4,4,0,4,0,0,0,0,1,2
0,8076,2,1.0,0,2,0,0,0,0,0,1,0,0,2
0,8076,2,1.0,0,2,0,0,0,0,0,1,0,0,2
0,8076,2,1.0,0,2,0,0,0,0,0,1,0,0,2
0,5968,4,0.5,0,3,1,0,2,1,1,0,0,0,2
0,8076,2,1.0,0,2,0,0,0,0,0,1,0,0,2
0,8076,2,1.0,0,2,0,0,0,0,0,1,0,0,2
0,8076,2,1.0,0,2,0,0,0,0,0,1,0,0,2
0,8076,2,1.0,0,2,0,0,0,0,0,1,0,0,2
0,8076,2,1.0,0,2,0,0,0,0,0,1,0,0,2
0,8076,2,1.0,0,2,0,0,0,0,0,1,0,0,2
0,8076,2,1.0,0,2,0,0,0,0,0,1,0,0,2
0,8076,2,1.0,0,2,0,0,0,0,0,1,0,0,2
0,8076,2,1.0,0,2,0,0,0,0,0,1,0,0,2
0,8076,2,1.0,0,2,0,0,0,0,0,1,0,0,2
5319,69166,12,0.9166666666666666,0,11,7,0,1,0,0,0,1,1,2
0,623,0,0.0,0,0,0,0,0,0,1,1,0,0,2
0,8076,2,1.0,0,2,0,0,0,0,0,1,0,0,2
0,8351,5,0.8,0,5,2,0,0,0,0,0,0,1,2
190,5049,1,1.0,0,1,1,0,0,1,0,0,0,0,2
0,8076,2,1.0,0,2,0,0,0,0,0,1,0,0,2
0,24644,7,0.7142857142857143,0,6,4,0,0,0,0,0,0,0,2
262,1915,2,1.0,0,2,1,0,0,0,0,0,0,0,2
0,8600,5,0.8,0,5,3,0,0,0,0,0,0,1,2
0,8380,5,0.8,0,5,2,0,0,0,0,0,0,1,2
0,8428,5,0.8,0,5,2,0,0,0,0,0,0,1,2
0,34720,6,1.0,0,6,4,0,0,0,0,1,0,0,2
0,8353,5,0.8,0,5,2,0,0,0,0,0,0,1,2
0,7388,1,1.0,0,1,4,0,0,1,0,1,0,0,2
0,1286,3,0.0,0,3,5,0,0,0,0,0,0,0,2
0,3067,2,0.0,0,2,2,0,0,0,0,0,0,0,2
0,8508,5,0.8,0,5,3,0,0,1,0,0,0,1,2
0,8510,5,0.8,0,5,3,0,0,1,0,0,0,1,2
0,8510,5,0.8,0,5,3,0,0,1,0,0,0,1,2
0,8542,5,0.8,0,5,3,0,0,0,0,0,0,1,2
0,5413,1,1.0,0,1,4,0,0,1,0,1,0,0,2
0,8457,5,0.8,0,5,3,0,0,0,0,0,0,1,2
0,37731,6,1.0,0,6,4,0,0,0,0,1,0,0,2
153,153,0,0.0,0,0,0,0,0,0,0,0,0,0,2
0,8492,5,0.8,0,5,3,0,0,0,0,0,0,1,2
0,8496,5,0.8,0,5,3,0,0,0,0,0,0,1,2
0,8418,5,0.8,0,5,2,0,0,0,0,0,0,1,2
0,8395,5,0.8,0,5,2,0,0,0,0,0,0,1,2
0,8529,5,0.8,0,5,3,0,0,0,0,0,0,1,2
0,8491,5,0.8,0,5,3,0,0,0,0,0,0,1,2
0,8479,5,0.8,0,5,3,0,0,0,0,0,0,1,2
0,8572,5,0.8,0,5,3,0,0,0,0,0,0,1,2
205,205,0,0.0,0,0,0,0,0,0,0,0,0,0,2
0,3164,1,1.0,0,1,1,0,2,0,1,0,0,1,2
0,8368,5,0.8,0,5,2,0,0,0,0,0,0,1,2
0,8362,5,0.8,0,5,2,0,0,0,0,0,0,1,2
0,8511,5,0.8,0,5,3,0,0,0,0,0,0,1,2
0,8568,5,0.8,0,5,3,0,0,0,0,0,0,1,2
0,7632,4,1.0,0,4,1,0,0,0,0,0,0,0,2
0,7632,4,1.0,0,4,1,0,0,0,0,0,0,0,2
584,584,0,0.0,0,0,0,0,0,0,0,1,0,0,2
0,8443,5,0.8,0,5,2,0,0,1,0,0,0,1,2
0,8490,5,0.8,0,5,2,0,0,1,0,0,0,1,2
719,1072,0,0.0,0,0,0,0,0,0,0,0,0,0,2
0,8076,2,1.0,0,2,0,0,0,0,0,1,0,0,2
0,8076,2,1.0,0,2,0,0,0,0,0,1,0,0,2
0,8076,2,1.0,0,2,0,0,0,0,0,1,0,0,2
0,8076,2,1.0,0,2,0,0,0,0,0,1,0,0,2
0,8076,2,1.0,0,2,0,0,0,0,0,1,0,0,2
0,8076,2,1.0,0,2,0,0,0,0,0,1,0,0,2
118,598,2,1.0,0,2,3,0,0,0,0,0,0,0,2
0,32186,8,0.5,0,4,4,0,4,0,0,0,0,1,2
0,32184,8,0.5,0,4,4,0,4,0,0,0,0,1,2
0,1233,3,0.0,0,3,5,0,0,0,0,0,0,0,2
0,9308,3,0.3333333333333333,0,3,0,0,0,0,0,0,0,0,2
0,8353,5,0.8,0,5,2,0,0,0,0,0,0,1,2
109,507,2,1.0,0,2,3,0,0,0,0,0,0,0,2
0,7632,4,1.0,0,4,1,0,0,0,0,0,0,0,2
1631,13759,2,1.0,0,0,1,0,0,1,0,1,0,0,2
4476,209843,29,0.0,0,29,24,0,1,0,0,4,0,2,2
189,544,2,1.0,0,2,3,0,0,0,0,0,0,0,2
0,8400,5,0.8,0,5,2,0,0,0,0,1,0,1,2
0,8264,5,0.8,0,5,2,0,0,0,0,0,0,1,2
0,8399,5,0.8,0,5,2,0,0,1,0,0,0,1,2
402,1390,3,0.0,0,3,2,0,0,0,0,0,0,1,2
0,8218,5,1.0,0,5,2,0,0,1,0,0,0,1,2
0,27219,2,0.5,0,2,1,0,0,0,0,0,0,0,2
0,32186,8,0.5,0,4,4,0,4,0,0,0,0,1,2
0,32186,8,0.5,0,4,4,0,4,0,0,0,0,1,2
0,32184,8,0.5,0,4,4,0,4,0,0,0,0,1,2
0,32186,8,0.5,0,4,4,0,4,0,0,0,0,1,2
0,32184,8,0.5,0,4,4,0,4,0,0,0,0,1,2
0,8369,5,0.8,0,5,2,0,0,0,0,0,0,1,2
0,8371,5,0.8,0,5,2,0,0,0,0,0,0,1,2
1,1,0,0.0,0,0,0,0,0,1,0,0,0,0,2
0,32184,8,0.5,0,4,4,0,4,0,0,0,0,1,2
90,180,0,0.0,0,0,0,0,0,0,0,0,0,0,2
0,8365,5,0.8,0,5,2,0,0,1,0,0,0,1,2
0,8424,5,0.8,0,5,2,0,0,1,0,0,0,1,2
0,8424,5,0.8,0,5,2,0,0,1,0,0,0,1,2
0,8420,5,0.8,0,5,2,0,0,0,0,0,0,1,2
0,8373,5,0.8,0,5,2,0,0,0,0,0,0,1,2
1564,5358,3,0.0,0,0,0,0,0,0,0,0,0,0,2
0,6128,3,0.6666666666666666,0,3,1,0,0,1,0,0,0,0,2
0,45258,59,0.15254237288135594,0,11,14,0,0,0,1,0,0,0,2
0,1598,1,0.0,0,1,0,0,0,0,0,0,0,0,2
0,45258,59,0.15254237288135594,0,11,14,0,0,0,1,0,0,0,2
0,740,0,0.0,0,0,0,0,0,0,0,0,0,0,2
0,32186,8,0.5,0,4,4,0,4,0,0,0,0,1,2
0,32186,8,0.5,0,4,4,0,4,0,0,0,0,1,2
0,32186,8,0.5,0,4,4,0,4,0,0,0,0,1,2
0,32186,8,0.5,0,4,4,0,4,0,0,0,0,1,2
0,32186,8,0.5,0,4,4,0,4,0,0,0,0,1,2
0,32184,8,0.5,0,4,4,0,4,0,0,0,0,1,2
0,8088,2,1.0,0,2,0,0,0,0,0,1,0,0,2
0,3765,0,0.0,0,0,2,0,2,0,1,0,0,2,2
0,8076,2,1.0,0,2,0,0,0,0,0,1,0,0,2
0,45258,59,0.15254237288135594,0,11,14,0,0,1,1,0,0,0,2
0,8555,5,0.8,0,5,3,0,0,0,0,0,0,1,2
0,7130,2,1.0,0,2,2,0,0,1,0,0,0,0,2
541,1026,1,1.0,0,1,0,0,0,0,0,0,0,0,2
204,204,0,0.0,0,0,0,0,0,0,0,0,0,0,2
0,7202,5,1.0,0,5,2,0,0,1,0,0,0,0,2
0,9140,2,0.0,2,2,1,0,15,1,2,0,0,3,2
0,9140,2,0.0,2,2,1,0,15,1,2,0,0,3,2
4665,13439,3,0.6666666666666666,0,2,4,0,0,1,0,0,0,0,2
0,103227,1,1.0,0,1,3,0,1,0,1,0,0,2,2
0,9298,3,0.3333333333333333,0,3,0,0,0,0,0,0,0,0,2
0,8363,5,0.8,0,5,2,0,0,0,0,0,0,1,2
0,11149,4,1.0,0,4,2,0,2,1,3,0,0,0,2
69,2173,2,0.0,0,2,1,0,0,0,0,0,0,0,2
0,0,0,0.0,0,0,0,0,0,0,0,0,0,0,2
3178,3178,0,0.0,0,0,0,0,5,0,1,3,0,0,2
3178,3178,0,0.0,0,0,0,0,5,0,1,3,0,0,2
0,6070,3,0.6666666666666666,0,3,1,0,0,1,0,0,0,0,2
0,7569,3,0.6666666666666666,0,3,1,0,0,1,0,0,0,0,2
0,13866,4,0.0,0,4,4,0,0,0,0,0,0,0,2
0,5403,4,0.0,0,4,5,0,0,0,0,0,0,0,2
84,84,0,0.0,0,0,0,0,0,0,0,0,0,0,2
0,32186,8,0.5,0,4,4,0,4,0,0,0,0,1,2
0,11269,3,0.0,3,3,4,0,0,1,0,1,0,0,2
0,7497,3,0.0,0,1,0,0,0,0,0,1,0,0,2
8773,76952,7,0.0,0,7,2,0,0,1,1,3,1,1,2
9071,77304,7,0.0,0,0,2,0,0,1,1,3,1,1,2
0,45258,59,0.15254237288135594,0,11,14,0,0,0,1,0,0,0,2
0,11268,3,0.0,3,3,4,0,0,1,0,1,0,0,2
515,1843,0,0.0,0,0,0,0,0,0,0,0,0,0,2
0,32186,8,0.5,0,4,4,0,4,0,0,0,0,1,2
73,73,0,0.0,0,0,0,0,1,0,0,0,0,0,2
1366,35847,3,1.0,0,3,3,0,0,0,1,1,0,0,2
0,24148,1,1.0,0,1,1,0,9,0,3,0,0,1,2
0,11500,1,0.0,0,1,4,0,0,0,0,0,1,0,2
0,26556,2,0.0,0,2,4,0,0,0,0,0,0,0,2
0,26556,2,0.0,0,2,4,0,0,0,0,0,0,0,2
0,26556,2,0.0,0,2,4,0,0,0,0,0,0,0,2
0,26556,2,0.0,0,2,4,0,0,0,0,0,0,0,2
0,26556,2,0.0,0,2,4,0,0,0,0,0,0,0,2
0,26556,2,0.0,0,2,4,0,0,0,0,0,0,0,2
0,8457,5,0.8,0,5,3,0,0,0,0,0,0,1,2
117,117,0,0.0,0,0,0,0,0,0,0,0,0,0,2
0,8353,5,0.8,0,5,2,0,0,0,0,0,0,1,2
0,5857,3,0.6666666666666666,0,3,1,0,0,0,0,0,0,0,2
0,8410,5,0.8,0,5,2,0,0,0,0,0,0,1,2
11442,23853,3,1.0,0,3,4,0,5,1,0,1,1,1,2
0,5661,3,0.6666666666666666,0,3,1,0,0,1,0,0,0,0,2
0,5661,3,0.6666666666666666,0,3,1,0,0,1,0,0,0,0,2
0,5661,3,0.6666666666666666,0,3,1,0,0,1,0,0,0,0,2
0,6070,3,0.6666666666666666,0,3,1,0,0,1,0,0,0,0,2
0,7569,3,0.6666666666666666,0,3,1,0,0,1,0,0,0,0,2
343,450,0,0.0,0,0,0,0,0,0,0,0,0,0,2
71,71,0,0.0,0,0,0,0,0,0,0,0,0,0,2
0,5857,3,0.6666666666666666,0,3,1,0,0,0,0,0,0,0,2
0,11269,3,0.0,3,3,4,0,0,1,0,1,0,0,2
0,12628,2,0.0,0,2,2,0,0,1,0,0,0,0,2
0,705,0,0.0,0,0,0,0,1,0,1,1,0,0,2
0,11149,4,1.0,0,4,2,0,2,1,3,0,0,0,2
0,32186,8,0.5,0,4,4,0,4,0,0,0,0,1,2
0,32186,8,0.5,0,4,4,0,4,0,0,0,0,1,2
1451,6434,5,0.0,0,0,2,0,0,0,0,0,0,0,2
0,9043,1,0.0,0,1,2,0,0,1,0,0,0,0,2
70,70,0,0.0,0,0,0,0,0,0,0,0,0,0,2
0,45258,59,0.15254237288135594,0,11,14,0,0,0,1,0,0,0,2
0,24152,1,1.0,0,1,1,0,9,0,3,0,0,1,2
0,45258,59,0.15254237288135594,0,11,14,0,0,0,1,0,0,0,2
0,8388,5,0.8,0,5,2,0,0,0,0,0,0,1,2
525,933,1,1.0,0,1,0,0,0,0,0,1,0,0,2
356,829,0,0.0,0,0,0,0,1,0,0,1,0,0,2
0,5661,3,0.6666666666666666,0,3,1,0,0,1,0,0,0,0,2
0,6070,3,0.6666666666666666,0,3,1,0,0,1,0,0,0,0,2
0,6070,3,0.6666666666666666,0,3,1,0,0,1,0,0,0,0,2
0,45258,59,0.15254237288135594,0,11,14,0,0,1,1,0,0,0,2
88,88,0,0.0,0,0,0,0,1,1,0,0,0,0,2
0,5857,3,0.6666666666666666,0,3,1,0,0,0,0,0,0,0,2
0,11149,4,1.0,0,4,2,0,2,1,3,0,0,0,2
643,22750,4,1.0,0,4,5,0,8,0,0,0,0,2,2
183,264,0,0.0,0,0,0,0,0,0,0,1,0,0,2
0,11500,1,0.0,0,1,4,0,0,0,0,0,1,0,2
0,11500,1,0.0,0,1,4,0,0,0,0,0,1,0,2
0,8469,5,0.8,0,5,3,0,0,0,0,0,0,1,2
0,45258,59,0.15254237288135594,0,11,14,0,0,0,1,0,0,0,2
0,32186,8,0.5,0,4,4,0,4,0,0,0,0,1,2
0,32186,8,0.5,0,4,4,0,4,0,0,0,0,1,2
402,1390,3,0.0,0,3,2,0,0,0,0,0,0,1,2
0,32186,8,0.5,0,4,4,0,4,0,0,0,0,1,2
0,45258,59,0.15254237288135594,0,11,14,0,0,0,1,0,0,0,2
0,8862,2,0.0,0,2,2,0,0,0,0,0,0,0,2
0,11470,1,0.0,0,1,4,0,0,0,0,0,1,0,2
0,11500,1,0.0,0,1,4,0,0,0,0,0,1,0,2
0,71442,3,0.0,0,3,2,0,0,1,0,0,0,0,2
0,71442,3,0.0,0,3,2,0,0,1,0,0,0,0,2
0,71442,3,0.0,0,3,2,0,0,1,0,0,0,0,2
0,71442,3,0.0,0,3,2,0,0,1,0,0,0,0,2
138,138,0,0.0,0,0,0,0,0,0,0,0,0,0,2
0,8922,2,0.0,0,2,2,0,0,1,0,0,0,0,2
0,45258,59,0.15254237288135594,0,11,14,0,0,1,1,0,0,0,2
0,11470,1,0.0,0,1,4,0,0,0,0,0,1,0,2
0,11470,1,0.0,0,1,4,0,0,0,0,0,1,0,2
0,45258,59,0.15254237288135594,0,11,14,0,0,0,1,0,0,0,2
0,45258,59,0.15254237288135594,0,11,14,0,0,1,1,0,0,0,2
0,45258,59,0.15254237288135594,0,11,14,0,0,0,1,0,0,0,2
2709,13228,12,0.8333333333333334,0,5,7,0,1,0,0,0,0,0,2
0,5661,3,0.6666666666666666,0,3,1,0,0,1,0,0,0,0,2
0,45258,59,0.15254237288135594,0,11,14,0,0,1,1,0,0,0,2
74,74,0,0.0,0,0,0,0,0,0,0,0,0,0,2
0,45258,59,0.15254237288135594,0,11,14,0,0,1,1,0,0,0,2
69,2202,2,0.0,0,2,1,0,0,0,0,0,0,0,2
0,8364,5,0.8,0,5,2,0,0,1,0,0,0,1,2
0,45311,59,0.13559322033898305,0,11,14,0,0,1,1,0,0,0,2
0,45311,59,0.13559322033898305,0,11,14,0,0,0,1,0,0,0,2
0,24148,1,1.0,0,1,1,0,9,0,3,0,0,1,2
0,24156,1,1.0,0,1,1,0,9,0,3,0,0,1,2
0,45311,59,0.13559322033898305,0,11,14,0,0,0,1,0,0,0,2
0,20309,4,1.0,0,4,1,0,0,1,0,0,0,0,2
686,3081,1,1.0,0,1,0,0,0,0,1,1,1,0,2
54,54,0,0.0,0,0,0,0,1,0,0,0,0,0,2
0,8399,5,0.6,0,5,2,0,0,0,0,0,0,1,2
0,45311,59,0.13559322033898305,0,11,14,0,0,0,1,0,0,0,2
0,32186,8,0.5,0,4,4,0,4,0,0,0,0,1,2
0,32194,8,0.5,0,4,4,0,4,0,0,0,0,1,2
0,32186,8,0.5,0,4,4,0,4,0,0,0,0,1,2
0,32186,8,0.5,0,4,4,0,4,0,0,0,0,1,2
0,32186,8,0.5,0,4,4,0,4,0,0,0,0,1,2
204,204,0,0.0,0,0,0,0,1,1,0,0,0,0,2
0,22374,10,1.0,0,10,3,0,3,1,0,1,0,1,2
121,121,0,0.0,0,0,0,0,1,0,0,0,0,0,2
0,11457,1,0.0,0,1,4,0,0,0,0,0,1,0,2
0,10619,3,0.0,0,3,2,0,0,1,0,0,0,0,2
0,1131,0,0.0,0,0,0,0,4,0,0,2,0,0,2
0,1131,0,0.0,0,0,0,0,4,0,0,2,0,0,2
0,1131,0,0.0,0,0,0,0,4,0,0,2,0,0,2
0,1130,0,0.0,0,0,0,0,4,0,0,2,0,0,2
0,11500,1,0.0,0,1,4,0,0,0,0,0,1,0,2
0,11500,1,0.0,0,1,4,0,0,0,0,0,1,0,2
1110,1110,0,0.0,0,0,0,0,0,0,0,0,0,0,2
2447,11251,2,1.0,0,2,1,0,1,0,0,0,0,0,2
64,64,0,0.0,0,0,0,0,0,0,0,0,0,0,2
0,45311,59,0.13559322033898305,0,11,14,0,0,1,1,0,0,0,2
580,580,0,0.0,0,0,0,0,0,0,0,1,0,2,2
1897,35267,3,1.0,0,3,2,0,0,0,0,0,0,0,2
607,1302,1,1.0,0,1,0,0,0,1,0,0,0,0,2
404,1272,1,1.0,0,1,2,0,2,0,0,1,0,0,2
0,5661,3,0.6666666666666666,0,3,1,0,0,1,0,0,0,0,2
0,6070,3,0.6666666666666666,0,3,1,0,0,1,0,0,0,0,2
0,10510,2,0.0,0,2,2,0,0,1,0,0,0,0,2
0,45311,59,0.13559322033898305,0,11,14,0,0,1,1,0,0,0,2
81407,112490,4,0.75,0,3,4,0,0,0,0,0,0,0,2
0,8443,5,0.6,0,5,2,0,0,0,0,0,0,1,2
0,7130,2,1.0,0,2,2,0,0,1,0,0,0,0,2
0,8463,5,0.6,0,5,2,0,0,1,0,0,0,1,2
0,11160,3,0.0,3,3,4,0,0,1,0,1,0,0,2
0,8402,5,0.6,0,5,2,0,0,0,0,0,0,1,2
0,45311,59,0.13559322033898305,0,11,14,0,0,0,1,0,0,0,2
0,45311,59,0.13559322033898305,0,11,14,0,0,0,1,0,0,0,2
0,45311,59,0.13559322033898305,0,11,14,0,0,0,1,0,0,0,2
0,45311,59,0.13559322033898305,0,11,14,0,0,0,1,0,0,0,2
0,45311,59,0.13559322033898305,0,11,14,0,0,0,1,0,0,0,2
0,1598,1,0.0,0,1,0,0,0,0,0,0,0,0,2
237,237,0,0.0,0,0,0,0,0,0,0,0,0,0,2
69,2173,2,0.0,0,2,1,0,0,0,0,0,0,0,2
0,136866,4,1.0,0,4,0,0,0,0,0,0,0,0,2
0,16190,6,0.0,6,6,2,0,15,1,2,0,0,3,2
1358,6446,4,0.5,0,2,2,0,0,0,0,0,0,0,2
0,7537,3,1.0,0,3,1,0,5,0,0,1,0,1,2
1031,1758,0,0.0,0,0,0,0,0,0,1,3,0,0,2
0,32194,8,0.5,0,4,4,0,4,0,0,0,0,1,2
0,7980,4,1.0,0,4,2,0,0,0,0,0,0,1,2
0,7980,4,1.0,0,4,2,0,0,0,0,0,0,1,2
2685,3288,0,0.0,0,0,0,0,0,0,0,2,0,0,2
0,7980,4,1.0,0,4,2,0,0,0,0,0,0,1,2
0,7980,4,1.0,0,4,2,0,0,0,0,0,0,1,2
0,6950,3,0.0,0,1,0,0,0,0,0,1,0,0,2
586,1403,1,1.0,0,1,0,0,0,0,1,0,0,0,2
586,1403,1,1.0,0,1,0,0,0,0,1,0,0,0,2
652,2787,1,1.0,0,1,0,0,0,0,0,0,0,0,2
0,32194,8,0.5,0,4,4,0,4,0,0,0,0,1,2
0,9661,3,1.0,0,3,3,0,0,0,0,0,0,0,2
0,32194,8,0.5,0,4,4,0,4,0,0,0,0,1,2
0,8640,6,0.8333333333333334,0,5,2,0,0,0,0,0,0,0,2
0,27048,1,1.0,0,1,3,0,0,0,0,0,0,0,2
543,1173,0,0.0,0,0,1,0,0,0,0,0,0,0,2
543,1173,0,0.0,0,0,1,0,0,0,0,0,0,0,2
0,522,0,0.0,0,0,0,0,0,0,0,0,0,0,2
0,0,0,0.0,0,0,0,0,0,0,0,0,0,0,2
299,702,0,0.0,0,0,0,0,0,0,0,0,0,0,2
83,83,0,0.0,0,0,0,0,0,0,0,0,0,0,2
0,13941,2,1.0,0,2,2,0,4,0,1,0,0,1,2
0,32194,8,0.5,0,4,4,0,4,0,0,0,0,1,2
0,32194,8,0.5,0,4,4,0,4,0,0,0,0,1,2
0,8640,6,0.8333333333333334,0,5,2,0,0,0,0,0,0,0,2
51,4499,1,0.0,0,1,1,0,0,0,0,0,0,0,2
613,613,0,0.0,0,0,0,0,0,0,0,0,0,0,2
1,181,0,0.0,0,0,0,0,0,0,0,0,0,0,2
0,10321,4,1.0,0,4,1,0,0,0,0,0,0,0,2
0,6127,6,0.5,0,3,2,0,9,0,0,1,0,1,2
0,5993,1,0.0,1,1,2,0,0,1,0,0,0,0,2
0,3311,3,0.0,0,1,0,0,0,0,0,1,0,0,2
0,0,0,0.0,0,0,0,0,0,0,0,0,0,0,2
0,0,0,0.0,0,0,0,0,0,0,0,0,0,0,2
0,13940,3,0.0,0,0,1,0,4,0,0,0,0,1,2
0,10066,4,1.0,0,4,2,0,0,1,0,0,0,0,2
0,8513,2,1.0,0,1,2,0,0,0,0,0,0,1,2
0,9566,2,1.0,0,2,2,0,15,1,2,0,0,3,2
355,870,1,1.0,0,1,0,0,0,0,0,0,0,0,2
0,3442,6,0.6666666666666666,0,4,3,0,0,0,0,0,0,0,2
0,6127,6,0.5,0,3,2,0,9,0,0,1,0,1,2
0,7085,3,1.0,0,3,1,0,0,1,0,0,0,0,2
0,9381,3,1.0,0,3,3,0,3,0,0,0,0,0,2
0,24547,6,1.0,0,6,2,0,0,1,0,0,0,0,2
0,13922,3,0.0,0,0,1,0,4,0,0,0,0,1,2
372,687,0,0.0,0,0,0,0,0,1,0,0,0,0,2
297,840,1,1.0,0,1,0,0,1,0,0,0,0,0,2
0,625,0,0.0,0,0,0,0,0,0,1,1,0,0,2
0,8686,3,1.0,0,3,0,0,4,0,1,1,0,1,2
703,1465,1,1.0,0,1,0,0,0,0,0,0,0,0,2
6095,72376,32,0.96875,0,31,19,0,0,1,0,0,0,1,2
2189,22152,4,1.0,0,4,4,0,0,0,0,1,0,0,2
0,5226,2,1.0,0,2,2,0,0,0,0,0,0,0,2
906,3515,1,1.0,0,1,0,0,0,0,0,0,0,0,2
245,341,0,0.0,0,0,0,0,0,0,0,0,0,0,2
0,11667,1,1.0,0,1,0,0,0,1,0,0,0,0,2
1463,2049,0,0.0,0,0,0,0,0,0,0,0,0,0,2
0,7148,1,1.0,0,1,0,0,0,0,0,0,0,0,2
0,20472,8,0.875,0,7,11,0,9,0,0,1,0,2,2
2091,16716,4,1.0,0,4,1,0,0,0,0,0,0,0,2
0,9309,3,0.3333333333333333,0,3,0,0,0,0,0,0,0,0,2
1287,3585,1,0.0,1,1,0,0,0,1,0,1,0,0,2
693,1455,1,1.0,0,1,0,0,0,0,0,0,0,0,2
9084,10883,2,0.0,0,2,3,0,2,1,2,0,0,2,2
0,704,0,0.0,0,0,0,0,1,0,1,1,0,0,2
0,25742,4,0.0,0,4,1,0,15,0,2,0,0,3,2
0,8623,6,0.8333333333333334,0,5,2,0,0,0,0,0,0,0,2
0,9133,2,0.0,2,2,1,0,15,1,2,0,0,3,2
0,10013,3,1.0,0,3,2,0,15,1,2,0,0,3,2
0,9147,2,0.0,2,2,1,0,15,1,2,0,0,3,2
0,9133,2,0.0,2,2,1,0,15,1,2,0,0,3,2
0,6740,2,1.0,0,1,2,0,0,1,0,0,0,0,2
0,4075,4,0.75,0,0,6,0,0,1,0,0,0,0,2
0,8640,6,0.8333333333333334,0,5,2,0,0,1,0,0,0,0,2
0,32178,8,0.5,0,4,4,0,4,0,0,0,0,1,2
0,32178,8,0.5,0,4,4,0,4,0,0,0,0,1,2
0,32178,8,0.5,0,4,4,0,4,0,0,0,0,1,2
0,7656,8,1.0,0,8,10,0,0,1,0,0,0,1,2
60,1687,1,1.0,0,1,1,0,0,1,0,0,0,0,2
0,8155,2,1.0,0,2,2,0,0,0,0,0,0,0,2
0,8534,2,1.0,0,2,2,0,0,0,0,0,0,0,2
0,45258,59,0.15254237288135594,0,11,14,0,0,1,1,0,0,0,2
0,9305,3,0.3333333333333333,0,3,0,0,0,0,0,0,0,0,2
0,45258,59,0.15254237288135594,0,11,14,0,0,0,1,0,0,0,2
0,25748,4,0.0,0,4,1,0,15,0,2,0,0,3,2
60,5464,4,0.75,0,4,2,0,0,1,0,0,0,0,2
0,27626,9,0.8888888888888888,0,8,4,0,0,0,0,0,0,0,2
0,27606,9,0.8888888888888888,0,8,4,0,0,0,0,0,0,0,2
0,27676,9,0.8888888888888888,0,8,4,0,0,0,0,0,0,0,2
0,27616,9,0.8888888888888888,0,8,4,0,0,0,0,0,0,0,2
0,8663,6,0.8333333333333334,0,5,2,0,0,0,0,0,0,0,2
1441,3176,2,1.0,0,2,0,0,0,0,0,0,0,0,2
0,6710,2,1.0,0,1,2,0,0,1,0,0,0,0,2
0,45258,59,0.15254237288135594,0,11,14,0,0,1,1,0,0,0,2
0,9725,3,1.0,0,3,3,0,0,0,0,0,0,0,2
262,500,0,0.0,0,0,0,0,0,0,0,0,0,0,2
2976,2976,0,0.0,0,0,0,0,1,0,2,1,0,0,2
229,229,0,0.0,0,0,0,0,0,1,0,0,0,0,2
0,12671,3,0.0,3,3,1,0,15,0,2,0,0,3,2
0,25018,10,0.9,0,9,7,0,0,0,0,0,0,0,2
0,8798,1,1.0,0,1,2,0,15,1,2,0,0,3,2
0,704,0,0.0,0,0,0,0,1,0,1,1,0,0,2
0,26013,3,1.0,0,3,2,0,0,0,0,0,0,0,2
0,8541,3,1.0,0,3,2,0,2,0,0,1,0,0,2
294,4242,1,1.0,0,1,1,0,0,0,0,0,0,1,2
0,19554,6,1.0,0,6,2,0,0,0,0,0,0,0,2
0,8640,6,0.8333333333333334,0,5,2,0,0,1,0,0,0,0,2
0,8623,6,0.8333333333333334,0,5,2,0,0,0,0,0,0,0,2
0,15139,8,1.0,0,8,14,0,15,0,2,0,0,3,2
0,0,0,0.0,0,0,0,0,0,0,0,0,0,0,2
0,45258,59,0.15254237288135594,0,11,14,0,0,1,1,0,0,0,2
0,2480,3,0.0,0,3,1,3,2,0,0,0,0,1,2
0,16481,7,0.7142857142857143,1,7,6,0,0,1,0,0,0,0,2
0,35738,7,0.42857142857142855,0,3,4,0,0,0,0,0,0,0,2
0,45258,59,0.15254237288135594,0,11,14,0,0,0,1,0,0,0,2
0,20023,6,1.0,0,6,3,0,15,1,2,0,0,3,2
0,136867,4,1.0,0,4,0,0,0,0,0,0,0,0,2
0,8640,6,0.8333333333333334,0,5,2,0,0,1,0,0,0,0,2
0,26361,25,0.0,0,24,19,0,0,0,0,1,0,2,2
0,9967,3,1.0,0,3,2,0,15,1,2,0,0,3,2
26,1377,3,0.0,0,3,5,0,0,0,0,0,0,0,2
272,638,0,0.0,0,0,0,0,0,0,0,0,0,0,2
0,8959,5,0.8,0,4,0,0,0,0,0,0,0,0,2
135,135,0,0.0,0,0,0,0,0,0,0,0,0,0,2
0,45258,59,0.15254237288135594,0,11,14,0,0,0,1,0,0,0,2
0,45258,59,0.15254237288135594,0,11,14,0,0,0,1,0,0,0,2
0,8640,6,0.8333333333333334,0,5,2,0,0,1,0,0,0,0,2
0,8844,5,0.8,0,4,0,0,0,1,0,0,0,0,2
2776,9229,5,1.0,0,5,0,0,0,0,0,0,0,1,2
0,14244,8,0.0,0,8,14,0,15,0,2,0,0,3,2
3143,3143,0,0.0,0,0,0,0,27,0,1,4,0,0,2
0,9547,3,0.0,0,3,2,0,0,0,0,0,0,0,2
0,426,0,0.0,0,0,0,0,0,0,0,0,0,0,2
284,592,0,0.0,0,0,0,0,0,1,0,0,0,0,2
48,48,0,0.0,0,0,0,0,0,0,0,0,0,0,2
0,32178,8,0.5,0,4,4,0,4,0,0,0,0,1,2
0,136866,4,1.0,0,4,0,0,0,0,0,0,0,0,2
0,1842,3,0.0,0,3,1,3,2,0,0,0,0,1,2
0,9971,3,1.0,0,3,2,0,15,1,2,0,0,3,2
0,11521,1,1.0,0,1,1,0,0,1,0,0,0,0,2
1,181,0,0.0,0,0,0,0,0,0,0,0,0,0,2
0,8611,6,0.8333333333333334,0,5,2,0,0,0,0,1,0,0,2
0,45258,59,0.15254237288135594,0,11,14,0,0,1,1,0,0,0,2
0,682,3,0.0,0,3,4,0,0,0,0,0,0,0,2
0,3301,2,1.0,0,2,0,0,0,1,0,0,0,0,2
0,32178,8,0.5,0,4,4,0,4,0,0,0,0,1,2
1247,5412,9,1.0,0,0,0,0,0,0,0,0,0,0,2
60,4555,6,1.0,0,6,5,0,0,0,0,0,0,0,2
0,8640,6,0.8333333333333334,0,5,2,0,0,1,0,0,0,0,2
0,8844,5,0.8,0,4,0,0,0,1,0,0,0,0,2
0,32558,3,1.0,0,3,6,0,15,0,2,0,0,3,2
0,15028,8,1.0,0,8,14,0,15,0,2,0,0,3,2
0,1000,1,1.0,0,1,2,0,0,1,0,0,0,0,2
0,1000,1,1.0,0,1,2,0,0,1,0,0,0,0,2
0,32178,8,0.5,0,4,4,0,4,0,0,0,0,1,2
0,2885,2,1.0,0,0,0,0,0,0,0,0,0,0,2
0,11954,8,1.0,0,8,10,0,15,1,2,0,0,3,2
0,8640,6,0.8333333333333334,0,5,2,0,0,1,0,0,0,0,2
0,32558,3,1.0,0,3,6,0,15,0,2,0,0,3,2
0,15036,8,1.0,0,8,14,0,15,0,2,0,0,3,2
0,12756,6,1.0,0,6,2,0,0,1,0,0,0,0,2
208,517,0,0.0,0,0,0,0,0,0,0,0,0,0,2
0,37643,7,1.0,0,7,6,0,15,1,2,0,0,3,2
960,3958,2,0.5,0,1,1,0,5,0,0,0,1,1,2
1,181,0,0.0,0,0,0,0,0,0,0,0,0,0,2
0,8611,6,0.8333333333333334,0,5,2,0,0,0,0,1,0,0,2
0,9040,2,0.0,0,2,0,0,0,0,0,0,0,0,2
0,2834,2,1.0,0,2,0,0,0,0,0,0,0,0,2
0,41169,47,0.9787234042553191,0,46,5,0,0,1,0,0,0,0,2
12510,40428,18,0.0,0,0,14,0,0,0,0,1,0,0,2
0,8844,5,0.8,0,4,0,0,0,1,0,0,0,0,2
361,2085,3,1.0,0,3,2,0,0,1,0,0,0,0,2
0,979,2,0.0,0,2,2,0,0,1,0,0,0,1,2
0,29306,10,0.9,0,9,7,0,15,0,2,0,0,3,2
0,15027,8,1.0,0,8,14,0,15,0,2,0,0,3,2
0,14309,6,1.0,0,6,2,0,0,1,0,0,0,0,2
331,2055,3,1.0,0,3,2,0,0,0,0,0,0,0,2
0,31611,5,1.0,0,5,4,0,15,0,2,0,0,3,2
0,1132,2,0.0,0,2,0,0,0,0,0,0,0,1,2
0,31611,5,1.0,0,5,4,0,15,0,2,0,0,3,2
0,11981,8,1.0,0,8,10,0,15,1,2,0,0,3,2
0,11981,8,1.0,0,8,10,0,15,1,2,0,0,3,2
351,2075,3,1.0,0,3,2,0,0,0,0,0,0,0,2
0,22778,1,1.0,0,1,5,0,15,0,2,0,0,4,2
0,45258,59,0.15254237288135594,0,11,14,0,0,1,1,0,0,0,2
0,11582,1,1.0,0,1,1,0,0,0,1,0,0,0,2
0,136810,4,1.0,0,4,0,0,0,0,0,0,0,0,2
0,11981,8,1.0,0,8,10,0,15,1,2,0,0,3,2
0,30214,7,1.0,0,7,1,0,15,0,2,1,0,3,2
556,3138,2,1.0,0,2,1,0,2,0,0,0,0,1,2
0,45258,59,0.15254237288135594,0,11,14,0,0,1,1,0,0,0,2
0,12472,3,1.0,0,3,4,0,0,1,0,1,0,0,2
0,8761,5,0.8,0,4,0,0,0,1,0,0,0,0,2
0,8762,5,0.8,0,4,0,0,0,1,0,0,0,0,2
0,8761,5,0.8,0,4,0,0,0,1,0,0,0,0,2
0,8360,4,1.0,0,4,4,0,15,0,2,0,0,3,2
0,10587,3,1.0,0,3,2,0,15,1,2,0,0,3,2
0,45258,59,0.15254237288135594,0,11,14,0,0,1,1,0,0,0,2
0,3993,2,0.5,0,1,1,0,0,0,0,0,0,0,2
0,3993,2,0.5,0,1,1,0,0,0,0,0,0,0,2
0,1851,3,1.0,0,3,2,0,0,0,0,0,0,0,2
0,9980,3,1.0,0,3,2,0,15,0,2,0,0,3,2
0,8762,5,0.8,0,4,0,0,0,1,0,0,0,0,2
0,136810,4,1.0,0,4,0,0,0,0,0,0,0,0,2
0,45258,59,0.15254237288135594,0,11,14,0,0,1,1,0,0,0,2
0,45273,59,0.15254237288135594,0,11,14,0,0,1,1,0,0,0,2
0,3994,2,0.5,0,0,1,0,0,0,0,0,0,0,2
0,3993,2,0.5,0,1,1,0,0,0,0,0,0,0,2
0,3993,2,0.5,0,1,1,0,0,0,0,0,0,0,2
0,11432,8,1.0,0,8,10,0,15,1,2,0,0,3,2
0,11432,8,1.0,0,8,10,0,15,1,2,0,0,3,2
0,1274,2,1.0,0,2,0,0,0,0,0,0,0,1,2
0,7147,1,1.0,0,1,0,0,0,0,0,0,0,0,2
0,45258,59,0.15254237288135594,0,11,14,0,0,0,1,0,0,0,2
4425,22020,26,1.0,0,26,23,0,0,0,0,0,0,0,2
0,8761,5,0.8,0,4,0,0,0,1,0,0,0,0,2
0,9024,5,0.0,0,4,0,0,0,1,0,0,0,0,2
1012,2747,2,0.0,0,2,1,0,0,0,0,0,0,0,2
0,13924,3,0.0,0,0,1,0,4,0,0,0,0,1,2
274,274,0,0.0,0,0,0,0,0,0,0,0,0,0,2
0,26699,0,0.0,0,0,0,0,2,0,1,3,0,0,2
1114,1114,0,0.0,0,0,0,0,0,0,0,0,0,0,2
0,1179,2,0.0,0,2,2,0,0,0,0,0,0,0,2
200,1048,1,1.0,0,1,0,0,1,0,0,0,0,1,2
0,8632,6,0.8333333333333334,0,5,2,0,0,1,0,0,0,0,2
0,2674,3,0.0,0,3,4,0,2,0,0,0,0,1,2
0,1875,4,0.0,0,4,0,0,0,1,0,0,0,0,2
703,703,0,0.0,0,0,0,0,0,0,1,0,0,0,2
0,14487,8,1.0,0,8,14,0,15,0,2,0,0,3,2
0,14487,8,1.0,0,8,14,0,15,0,2,0,0,3,2
0,14487,8,1.0,0,8,14,0,15,0,2,0,0,3,2
0,14487,8,1.0,0,8,14,0,15,0,2,0,0,3,2
0,57806,18,0.8888888888888888,0,16,12,0,1,0,0,1,0,1,2
207,207,0,0.0,0,0,0,0,0,0,0,0,0,0,2
1681,1681,0,0.0,0,0,0,0,0,0,0,0,0,0,2
0,14487,8,1.0,0,8,14,0,15,0,2,0,0,3,2
0,9024,5,0.0,0,4,0,0,0,1,0,0,0,0,2
0,13910,3,0.0,0,0,1,0,4,0,0,0,0,1,2
0,2433,3,1.0,0,3,1,0,3,0,1,0,0,3,2
0,180219,4,0.0,0,4,0,0,0,1,0,0,0,0,2
0,3070,2,0.5,0,1,1,0,0,0,0,0,0,0,2
0,3070,2,0.5,0,1,1,0,0,0,0,0,0,0,2
0,1707,2,1.0,0,2,0,0,0,0,0,0,0,0,2
1,181,0,0.0,0,0,0,0,0,0,0,0,0,0,2
82,201,0,0.0,0,0,0,0,0,0,0,0,0,0,2
0,1875,4,0.0,0,4,0,0,0,1,0,0,0,0,2
32,9185,2,1.0,0,2,1,0,0,1,0,0,0,0,2
0,3190,3,0.0,0,3,4,0,2,0,0,0,0,1,2
99,218,0,0.0,0,0,0,0,0,0,1,0,0,0,2
0,11515,1,1.0,0,1,1,0,0,0,1,0,0,0,2
0,15269,1,1.0,0,1,2,0,1,0,0,1,0,1,2
0,30528,7,0.0,0,6,4,0,15,0,2,0,0,3,2
12520,93523,19,1.0,0,19,14,0,0,0,1,0,0,1,2
57,57,0,0.0,0,0,0,0,0,0,0,0,0,0,2
12513,93370,19,1.0,0,19,14,0,0,0,1,0,0,1,2
641,11091,2,0.5,0,0,1,0,1,0,0,0,0,1,2
0,1875,4,0.0,0,4,0,0,0,1,0,0,0,0,2
0,19817,7,1.0,0,7,2,0,0,0,0,0,0,0,2
0,14487,8,1.0,0,8,14,0,15,0,2,0,0,3,2
0,9025,5,0.0,0,4,0,0,0,1,0,0,0,0,2
0,5661,1,1.0,0,1,4,0,0,1,0,1,0,0,2
255,255,0,0.0,0,0,0,0,0,0,0,0,0,0,2
604,604,0,0.0,0,0,0,0,0,0,0,0,0,0,2
0,9622,3,1.0,0,3,2,0,0,0,0,0,0,0,2
0,1074,2,1.0,0,2,0,0,0,0,0,0,0,1,2
0,5659,6,0.0,0,6,4,0,0,1,0,0,1,0,2
0,137066,4,0.0,0,4,0,0,0,0,0,0,0,0,2
0,2861,3,0.0,0,3,4,0,2,0,0,0,0,1,2
896,20601,16,1.0,0,16,1,0,0,1,0,0,0,2,2
2284,6323,1,0.0,0,0,0,0,2,0,0,2,0,0,2
0,52306,42,0.023809523809523808,0,41,37,0,3,1,1,3,0,1,2
0,12928,8,1.0,0,8,7,0,0,1,0,0,0,1,2
0,728,0,0.0,0,0,0,0,0,0,0,1,0,0,2
0,136866,4,1.0,0,4,0,0,0,0,0,0,0,0,2
0,2635,3,1.0,0,3,0,0,0,0,0,0,0,0,2
585,1412,1,1.0,0,1,0,0,1,0,1,0,0,2,2
885,6693,4,0.75,0,3,1,0,0,0,0,0,0,0,2
0,10484,5,0.0,0,5,2,0,0,0,0,0,0,0,2
0,10484,5,0.0,0,5,2,0,0,0,0,0,0,0,2
239,620,2,1.0,0,2,3,0,0,0,0,0,0,0,2
165,532,2,1.0,0,2,3,0,0,0,0,0,0,0,2
0,3160,3,0.6666666666666666,0,3,2,0,0,1,0,0,0,0,2
0,27219,2,0.5,0,2,1,0,0,0,0,0,0,0,2
251,365,0,0.0,0,0,0,0,0,0,0,0,0,0,2
0,10511,3,0.6666666666666666,1,3,1,0,0,0,0,0,0,0,2
0,51820,0,0.0,0,0,0,0,0,0,0,0,0,0,2
836,25013,1,1.0,0,1,5,0,0,0,0,0,0,0,2
0,1395,3,0.0,0,3,2,0,0,1,0,0,0,0,2
0,5659,6,0.0,0,6,4,0,0,1,0,0,1,0,2
0,1875,4,0.0,0,4,0,0,0,1,0,0,0,0,2
0,1894,4,0.0,0,4,0,0,0,1,0,0,0,0,2
0,24874,7,0.0,0,7,6,0,15,0,2,0,0,3,2
0,17397,4,1.0,0,4,2,0,15,0,3,1,0,3,2
0,14487,8,1.0,0,8,14,0,15,0,2,0,0,3,2
0,7193,4,0.75,0,4,7,0,0,0,0,0,0,0,2
0,7157,4,0.75,0,4,7,0,0,0,0,0,0,0,2
0,9922,6,1.0,0,6,2,0,0,0,0,0,0,0,2
210,210,0,0.0,0,0,0,0,0,0,0,0,0,0,2
0,5659,6,0.0,0,6,4,0,0,1,0,0,1,0,2
0,136916,4,0.75,0,4,0,0,0,0,0,0,0,0,2
1286,11471,2,1.0,0,2,2,0,0,0,0,0,0,0,2
675,11815,4,1.0,0,4,1,0,1,0,0,0,0,0,2
0,3070,2,0.5,0,1,1,0,0,0,0,0,0,0,2
0,45358,59,0.11864406779661017,0,11,14,0,0,0,1,0,0,0,2
0,5659,6,0.0,0,6,4,0,0,1,0,0,1,0,2
0,734,0,0.0,0,0,0,0,0,0,0,1,0,0,2
0,6212,2,1.0,0,2,4,0,4,0,1,0,0,0,2
0,136916,4,0.75,0,4,0,0,0,0,0,0,0,0,2
0,5130,2,1.0,0,2,2,0,0,0,0,0,0,0,2
669,4296,3,1.0,0,3,2,0,0,0,0,0,0,0,2
669,4296,3,1.0,0,3,2,0,0,0,0,0,0,0,2
669,4296,3,1.0,0,3,2,0,0,0,0,0,0,0,2
669,4296,3,1.0,0,3,2,0,0,0,0,0,0,0,2
2058,2246,1,0.0,0,0,0,0,0,0,0,0,0,0,2
0,216,0,0.0,0,0,0,0,0,0,0,0,0,0,2
0,9285,3,1.0,0,3,4,0,0,0,0,0,0,0,2
0,3070,2,0.5,0,1,1,0,0,0,0,0,0,0,2
1290,5965,3,1.0,0,3,2,0,0,1,0,0,0,0,2
0,1182,2,0.0,0,2,2,0,0,0,0,0,0,0,2
0,1725,4,0.75,0,4,0,0,0,1,0,0,0,0,2
0,8674,6,0.6666666666666666,0,5,2,0,0,0,0,0,0,0,2
0,9080,3,1.0,0,3,2,0,0,0,0,0,0,0,2
0,9056,3,1.0,0,3,2,0,0,0,0,0,0,0,2
0,9056,3,1.0,0,3,2,0,0,0,0,0,0,0,2
0,9080,3,1.0,0,3,2,0,0,0,0,0,0,0,2
1290,5965,3,1.0,0,3,2,0,0,1,0,0,0,0,2
0,9470,3,1.0,0,3,2,0,0,0,0,0,0,0,2
0,5659,6,0.0,0,6,4,0,0,1,0,0,1,0,2
815,27103,1,1.0,0,1,8,0,0,0,0,0,0,0,2
0,1599,1,0.0,0,1,0,0,0,0,0,0,0,0,2
815,27121,1,1.0,0,1,8,0,0,0,0,0,0,0,2
0,9775,2,1.0,0,2,4,0,0,0,0,0,0,0,2
0,14487,8,1.0,0,8,14,0,15,0,2,0,0,3,2
0,0,0,0.0,0,0,0,0,0,0,0,0,0,0,2
0,13934,3,0.0,0,0,1,0,4,0,0,0,0,1,2
0,20131,11,0.9090909090909091,0,11,8,0,0,0,0,0,0,0,2
0,9285,3,1.0,0,3,4,0,0,0,0,0,0,0,2
0,9309,3,1.0,0,3,4,0,0,0,0,0,0,0,2
0,3070,2,0.5,0,1,1,0,0,0,0,0,0,0,2
330,579,0,0.0,0,0,0,0,0,0,0,0,0,0,2
0,5659,6,0.0,0,6,4,0,0,1,0,0,1,0,2
0,45258,59,0.15254237288135594,0,11,14,0,0,1,1,0,0,0,2
0,8692,6,0.6666666666666666,0,5,2,0,0,1,0,0,0,0,2
0,1297,2,0.5,0,2,2,0,0,1,0,0,0,0,2
0,1297,2,0.5,0,2,2,0,0,1,0,0,0,0,2
0,1297,2,0.5,0,2,2,0,0,1,0,0,0,0,2
0,1297,2,0.5,0,2,2,0,0,1,0,0,0,0,2
0,8674,6,0.6666666666666666,0,5,2,0,0,0,0,0,0,0,2
0,8674,6,0.6666666666666666,0,5,2,0,0,0,0,0,0,0,2
0,9799,2,1.0,0,2,4,0,0,0,0,0,0,0,2
0,1426,4,0.0,0,4,3,0,0,1,0,0,0,0,2
277,937,1,0.0,0,0,1,0,0,0,0,0,0,1,2
0,9980,3,1.0,0,3,2,0,15,0,2,0,0,3,2
1194,36153,8,0.875,0,7,12,0,0,0,0,0,0,1,2
371,22574,0,0.0,0,0,1,0,0,1,0,0,0,0,2
0,5192,3,0.3333333333333333,0,2,1,0,0,0,0,0,0,0,2
0,8034,2,0.0,2,2,0,0,0,0,0,1,0,0,2
0,9470,3,1.0,0,3,2,0,0,0,0,0,0,0,2
0,9470,3,1.0,0,3,2,0,0,0,0,0,0,0,2
0,9470,3,1.0,0,3,2,0,0,0,0,0,0,0,2
0,8610,2,1.0,0,2,4,0,0,0,0,0,0,0,2
0,15134,3,0.0,0,3,1,0,0,0,0,0,0,0,2
33,129,0,0.0,0,0,0,0,0,0,0,0,0,0,2
0,8865,6,0.0,0,5,2,0,0,1,0,0,0,0,2
0,4800,1,1.0,0,1,2,0,0,1,0,0,0,0,2
0,1217,1,1.0,0,1,2,0,0,0,0,0,0,0,2
0,1193,1,1.0,0,1,2,0,0,0,0,0,0,0,2
0,1217,1,1.0,0,1,2,0,0,0,0,0,0,0,2
0,1193,1,1.0,0,1,2,0,0,0,0,0,0,0,2
0,2087,2,0.5,0,2,2,0,0,1,0,0,0,0,2
0,3070,2,0.5,0,1,1,0,0,0,0,0,0,0,2
0,3070,2,0.5,0,1,1,0,0,0,0,0,0,0,2
45790,110352,468,0.9978632478632479,0,467,30,1,9,1,1,1,1,1,2
0,1185,1,1.0,0,1,2,0,0,1,0,0,0,0,2
0,9102,5,1.0,0,5,2,0,0,0,0,0,0,0,2
0,9073,5,1.0,0,5,2,0,0,0,0,0,0,0,2
0,9097,5,1.0,0,5,2,0,0,0,0,0,0,0,2
0,1308,2,0.5,0,2,2,0,0,1,0,0,0,0,2
0,49536,13,0.0,13,13,9,0,15,0,2,0,0,3,2
0,10011,6,1.0,0,6,2,0,0,0,0,0,0,0,2
0,9987,6,1.0,0,6,2,0,0,0,0,0,0,0,2
0,10011,6,1.0,0,6,2,0,0,0,0,0,0,0,2
0,9987,6,1.0,0,6,2,0,0,0,0,0,0,0,2
0,9040,2,0.0,0,2,0,0,0,0,0,0,0,0,2
0,5268,2,1.0,0,2,2,0,0,0,0,0,0,0,2
0,9102,5,1.0,0,5,2,0,0,0,0,0,0,0,2
0,9808,2,0.5,0,2,1,0,0,0,0,0,0,0,2
0,8611,2,0.5,0,2,1,0,0,0,0,0,0,0,2
0,5715,3,0.6666666666666666,0,2,1,0,2,0,0,1,0,1,2
0,1209,1,1.0,0,1,2,0,0,1,0,0,0,0,2
0,1724,4,0.75,0,4,0,0,0,1,0,0,0,0,2
0,764,0,0.0,0,0,0,0,0,0,0,0,0,0,2
0,6402,1,1.0,0,0,15,0,0,1,0,0,0,0,2
477,1215,0,0.0,0,0,0,0,0,0,0,0,0,0,2
0,11462,3,1.0,0,3,4,0,0,1,0,1,0,0,2
0,1210,2,0.0,0,2,2,0,0,0,0,0,0,0,2
497,1319,0,0.0,0,0,0,0,0,0,0,0,0,0,2
598,1360,0,0.0,0,0,0,0,0,0,0,1,0,0,2
416,1156,0,0.0,0,0,0,0,0,0,0,0,0,0,2
4884,14539,9,0.4444444444444444,0,9,0,0,10,1,0,2,0,1,2
461,948,0,0.0,0,0,0,0,0,1,0,0,0,0,2
5442,41833,1,1.0,0,1,1,0,1,0,0,0,0,1,2
426,1274,3,0.0,0,0,0,0,0,0,0,0,0,0,2
941,11817,1,1.0,0,1,1,0,12,0,0,1,0,1,2
0,136920,4,0.75,0,3,0,0,0,0,0,0,0,0,2
0,136918,4,0.75,0,3,0,0,0,0,0,0,0,0,2
2610,5634,4,1.0,0,4,3,0,0,1,1,1,0,0,2
962,3530,1,1.0,0,1,1,0,5,0,0,0,0,1,2
1029,3594,1,1.0,0,1,1,0,5,0,0,0,0,1,2
0,2579,2,0.5,0,1,1,0,0,0,0,0,0,0,2
0,5201,3,0.3333333333333333,0,2,1,0,0,0,0,0,0,0,2
0,5275,3,0.3333333333333333,0,2,1,0,0,0,0,0,0,0,2
0,5266,3,0.3333333333333333,0,2,1,0,0,0,0,0,0,0,2
0,5855,3,0.3333333333333333,0,2,1,0,0,0,0,1,0,0,2
0,5659,6,0.0,0,6,4,0,0,1,0,0,1,0,2
0,32120,3,0.0,0,3,6,0,15,0,2,0,0,3,2
0,1293,2,0.5,0,2,2,0,0,1,0,0,0,0,2
1489,4629,3,1.0,0,3,2,0,0,0,0,0,0,0,2
0,9056,3,1.0,0,3,4,0,0,0,0,0,0,0,2
0,9056,3,1.0,0,3,4,0,0,0,0,0,0,0,2
0,8412,2,1.0,0,2,2,0,0,0,0,0,0,0,2
0,45263,59,0.13559322033898305,0,11,14,0,0,1,1,0,0,0,2
0,9470,3,1.0,0,3,2,0,0,0,0,0,0,0,2
0,9470,3,1.0,0,3,2,0,0,0,0,0,0,0,2
0,45262,59,0.13559322033898305,0,11,14,0,0,0,1,0,0,0,2
0,45262,59,0.13559322033898305,0,11,14,0,0,0,1,0,0,0,2
0,8647,6,0.6666666666666666,0,5,2,0,0,0,0,0,0,0,2
0,26627,11,0.2727272727272727,0,3,11,0,2,1,0,0,0,1,2
1169,5853,3,0.0,0,0,1,0,12,0,0,0,0,1,2
0,9056,3,1.0,0,3,4,0,0,0,0,0,0,0,2
0,1556,2,0.5,0,2,3,0,0,0,0,0,0,0,2
0,1468,2,0.5,0,2,3,0,0,0,0,0,0,0,2
0,1492,2,0.5,0,2,3,0,0,0,0,0,0,0,2
0,45263,59,0.13559322033898305,0,11,14,0,0,0,1,0,0,0,2
0,45263,59,0.13559322033898305,0,11,14,0,0,0,1,0,0,0,2
0,9056,3,1.0,0,3,4,0,0,0,0,0,0,0,2
0,9056,3,1.0,0,3,4,0,0,0,0,0,0,0,2
0,9056,3,1.0,0,3,4,0,0,0,0,0,0,0,2
0,9056,3,1.0,0,3,4,0,0,0,0,0,0,0,2
1177,4328,3,0.0,0,3,2,0,0,0,0,0,0,0,2
0,1556,2,0.5,0,2,3,0,0,0,0,0,0,0,2
0,18018,14,0.8571428571428571,0,12,12,0,1,0,0,0,0,1,2
0,11880,4,1.0,0,4,2,0,0,0,0,0,0,0,2
0,11880,4,1.0,0,4,2,0,0,0,0,0,0,0,2
860,4403,2,0.0,0,2,1,0,0,0,0,0,0,0,2
711,37605,7,1.0,0,0,7,0,0,0,0,0,0,1,2
0,13934,3,0.0,0,0,1,0,4,0,0,0,0,1,2
0,19853,18,1.0,0,18,9,0,0,0,0,0,0,0,2
0,5730,4,0.0,0,0,2,0,0,0,0,0,0,1,2
0,1492,2,0.5,0,2,3,0,0,0,0,0,0,0,2
2149,10603,8,0.5,0,2,4,0,5,0,0,0,0,1,2
0,9102,5,1.0,0,5,2,0,0,0,0,0,0,0,2
0,8726,6,0.6666666666666666,0,5,2,0,0,1,0,0,0,0,2
0,8728,6,0.6666666666666666,0,5,2,0,0,1,0,0,0,0,2
0,5467,1,1.0,0,1,0,0,0,0,1,0,0,0,2
154,154,0,0.0,0,0,0,0,1,0,0,0,0,0,2
983,3551,1,1.0,0,1,1,0,5,0,0,0,0,1,2
0,1530,2,0.5,0,2,2,0,0,1,0,0,0,0,2
1003,3571,1,1.0,0,1,1,0,4,0,0,0,0,1,2
0,0,0,0.0,0,0,0,0,0,0,0,0,0,0,2
0,8455,1,1.0,0,1,2,0,0,0,0,0,0,0,2
649,3185,2,1.0,0,2,0,0,0,0,0,0,0,0,2
0,45267,59,0.11864406779661017,0,11,14,0,0,1,1,0,0,0,2
0,20542,6,0.0,0,6,1,0,15,0,2,0,0,3,2
0,25628,8,0.875,0,7,3,0,1,0,0,0,0,1,2
0,5645,6,0.0,0,6,4,0,0,1,0,0,1,0,2
0,1060,2,0.0,2,2,2,0,0,0,0,0,0,1,2
0,768,0,0.0,0,0,0,0,0,0,0,0,0,0,2
0,1530,2,0.5,0,2,2,0,0,1,0,0,0,0,2
0,1530,2,0.5,0,2,2,0,0,1,0,0,0,0,2
0,9470,3,1.0,0,3,2,0,0,0,0,0,0,0,2
0,1619,1,1.0,0,1,0,0,0,0,1,0,0,0,2
1459,5145,3,1.0,0,3,4,0,0,0,0,0,0,1,2
0,1630,1,1.0,0,1,0,0,0,0,1,0,0,0,2
0,0,0,0.0,0,0,0,0,0,0,0,0,0,0,2
0,8546,4,0.25,0,4,6,0,0,0,0,0,0,0,2
0,9195,1,1.0,0,1,2,0,0,0,0,0,0,0,2
0,11243,4,0.0,0,3,1,3,0,0,0,0,0,0,2
0,11243,4,0.0,0,3,1,3,0,0,0,0,0,0,2
0,45267,59,0.11864406779661017,0,11,14,0,0,1,1,0,0,0,2
0,45258,59,0.15254237288135594,0,11,14,0,0,0,1,0,0,0,2
0,45258,59,0.15254237288135594,0,11,14,0,0,0,1,0,0,0,2
1891,24690,4,1.0,0,4,4,0,0,0,0,0,0,0,2
850,3497,2,1.0,0,2,0,0,0,1,0,0,0,0,2
0,1630,1,1.0,0,1,0,0,0,0,1,0,0,0,2
0,0,0,0.0,0,0,0,0,0,0,0,0,0,0,2
80,275,0,0.0,0,0,0,0,0,0,0,0,0,0,2
0,36990,21,0.9523809523809523,0,21,10,0,0,1,0,0,0,1,2
0,12245,4,0.75,0,4,2,0,3,0,1,0,0,1,2
986,21786,2,1.0,0,2,3,0,0,0,0,0,0,1,2
986,21793,2,1.0,0,2,3,0,0,0,0,0,0,1,2
986,21786,2,1.0,0,2,3,0,0,0,0,0,0,1,2
986,21786,2,1.0,0,2,3,0,0,0,0,0,0,1,2
0,0,0,0.0,0,0,0,0,0,0,0,0,0,0,2
0,7691,3,1.0,0,3,3,0,0,0,0,0,0,0,2
351,1076,1,0.0,0,1,1,0,0,0,0,0,0,0,2
0,1619,1,1.0,0,1,0,0,0,0,1,0,0,0,2
0,9210,4,0.0,0,3,4,0,0,0,0,0,0,0,2
0,2835,3,0.0,0,3,1,3,2,0,0,0,0,1,2
0,49508,13,0.0,13,13,9,0,15,0,2,0,0,3,2
0,26999,10,0.2,0,3,11,0,2,1,0,0,0,1,2
0,26999,10,0.2,0,3,11,0,2,1,0,0,0,1,2
5774,23581,11,1.0,0,11,9,0,1,0,1,0,1,2,2
5765,23581,11,1.0,0,11,9,0,1,0,1,0,1,2,2
246,9548,4,0.5,0,4,4,0,0,0,0,0,0,0,2
55,7864,3,1.0,0,3,2,0,0,0,0,0,0,0,2
1069,1901,2,1.0,0,2,0,0,0,0,0,0,0,1,2
0,26282,6,0.8333333333333334,0,6,2,0,0,0,0,1,0,0,2
0,45258,59,0.15254237288135594,0,11,14,0,0,0,1,0,0,0,2
0,26281,6,0.8333333333333334,0,6,2,0,0,0,0,1,0,0,2
0,20535,6,0.0,0,6,1,0,15,0,2,0,0,3,2
0,9904,5,0.0,0,5,1,0,15,0,2,0,0,3,2
0,9910,5,0.0,0,5,1,0,15,0,2,0,0,3,2
0,9916,5,0.0,0,5,1,0,15,0,2,0,0,3,2
0,5201,3,0.3333333333333333,0,2,1,0,0,0,0,1,0,0,2
0,5645,6,0.0,0,6,4,0,0,1,0,0,1,0,2
763,3992,1,1.0,0,1,1,0,0,0,0,0,0,0,2
1114,3036,2,1.0,0,2,2,0,0,0,0,1,0,0,2
0,45258,59,0.15254237288135594,0,11,14,0,0,0,1,0,0,0,2
0,45258,59,0.15254237288135594,0,11,14,0,0,1,1,0,0,0,2
0,49508,13,0.0,13,13,9,0,15,0,2,0,0,3,2
0,49522,13,0.0,13,13,9,0,15,0,2,0,0,3,2
0,13928,3,0.0,0,0,1,0,4,0,0,0,0,1,2
0,13926,3,0.0,0,0,1,0,4,0,0,0,0,1,2
0,20544,2,1.0,0,2,3,0,0,1,0,0,0,0,2
0,20544,2,1.0,0,2,3,0,0,1,0,0,0,0,2
0,0,0,0.0,0,0,0,0,0,1,0,0,0,0,2
0,45258,59,0.15254237288135594,0,11,14,0,0,0,1,0,0,0,2
1160,2635,3,1.0,0,3,2,0,0,0,0,0,0,0,2
0,45258,59,0.15254237288135594,0,11,14,0,0,1,1,0,0,0,2
0,1682,4,0.75,0,4,0,0,0,1,0,0,0,0,2
0,1682,4,0.75,0,4,0,0,0,1,0,0,0,0,2
0,49508,13,0.0,13,13,9,0,15,0,2,0,0,3,2
0,572,2,1.0,0,2,2,0,0,0,0,0,0,0,2
0,13928,3,0.0,0,0,1,0,4,0,0,0,0,1,2
0,13926,3,0.0,0,0,1,0,4,0,0,0,0,1,2
0,16703,2,1.0,0,2,0,0,0,1,0,1,0,0,2
0,37837,1,1.0,0,1,0,0,0,0,0,0,0,0,2
870,22321,1,1.0,0,1,2,0,0,0,0,0,0,1,2
1253,2100,2,1.0,0,2,0,0,0,0,0,0,0,1,2
0,2403,1,1.0,0,1,2,0,0,0,0,0,0,0,2
0,2403,1,1.0,0,1,2,0,0,0,0,0,0,0,2
0,45258,59,0.15254237288135594,0,11,14,0,0,1,1,0,0,0,2
765,19872,1,1.0,0,1,2,0,1,0,1,0,0,1,2
0,2165,1,0.0,0,0,2,0,0,1,0,0,0,0,2
0,21527,6,0.3333333333333333,0,2,10,0,0,0,0,0,0,0,2
0,2518,1,0.0,0,0,2,0,0,0,0,0,0,0,2
0,2518,1,0.0,0,0,2,0,0,0,0,0,0,0,2
0,1982,1,0.0,0,1,2,0,0,1,0,0,0,0,2
0,7402,1,0.0,1,1,5,0,0,1,0,1,0,0,2
1418,7227,1,0.0,0,0,0,0,0,0,0,0,0,0,2
0,10728,3,1.0,0,3,5,0,15,1,2,0,0,3,2
2283,11171,2,1.0,0,2,1,0,1,1,0,1,0,0,2
0,43564,14,1.0,0,14,5,0,15,0,2,0,0,3,2
204,204,0,0.0,0,0,0,0,0,1,0,0,0,0,2
0,2078,2,1.0,0,2,1,0,3,0,1,0,0,3,2
0,18700,2,1.0,0,2,7,0,15,0,2,0,0,3,2
0,13934,3,0.0,0,0,1,0,4,0,0,0,0,1,2
0,13926,3,0.0,0,0,1,0,4,0,0,0,0,1,2
0,13928,3,0.0,0,0,1,0,4,0,0,0,0,1,2
0,13928,3,0.0,0,0,1,0,4,0,0,0,0,1,2
668,4960,1,0.0,0,1,0,0,0,0,0,0,0,0,2
1676,14885,54,0.9814814814814815,0,2,2,0,0,0,0,0,0,0,2
0,11022,2,1.0,0,2,1,0,0,0,0,0,0,0,2
0,46155,3,0.3333333333333333,0,3,4,0,3,0,0,1,0,1,2
0,1675,4,1.0,0,4,0,0,0,1,0,0,0,0,2
0,4507,1,1.0,0,1,0,0,0,0,1,0,0,0,2
0,45258,59,0.15254237288135594,0,11,14,0,0,1,1,0,0,0,2
0,106108,59,0.0,0,0,14,0,0,0,1,1,1,0,2
0,37837,1,1.0,0,1,0,0,0,0,0,0,0,0,2
0,45258,59,0.15254237288135594,0,11,14,0,0,1,1,0,0,0,2
1750,15079,54,0.9814814814814815,0,2,2,0,0,0,0,0,0,0,2
8048,27748,13,1.0,0,13,5,0,0,0,0,0,0,0,2
0,11845,1,1.0,0,1,4,0,0,0,0,0,1,0,2
0,2165,1,0.0,0,0,2,0,0,1,0,0,0,0,2
0,2070,1,0.0,0,1,2,0,0,0,0,0,0,0,2
1655,20724,2,0.5,0,2,3,0,0,0,0,0,1,1,2
1653,20716,2,0.5,0,2,3,0,0,0,0,0,1,1,2
1655,20724,2,0.5,0,2,3,0,0,0,0,0,1,1,2
1655,20724,2,0.5,0,2,3,0,0,0,0,0,1,1,2
1655,20724,2,0.5,0,2,3,0,0,0,0,0,1,1,2
0,24650,10,0.2,0,3,11,0,2,1,0,0,0,1,2
649,3025,1,1.0,0,1,1,0,0,1,1,0,0,0,2
437,1177,1,0.0,0,1,1,0,0,0,0,0,0,0,2
83,1214,1,1.0,0,1,1,0,0,0,0,0,0,0,2
1655,20720,2,0.5,0,2,3,0,0,0,0,0,1,1,2
1653,20712,2,0.5,0,2,3,0,0,0,0,0,1,1,2
1653,20708,2,0.5,0,2,3,0,0,0,0,0,1,1,2
1653,20708,2,0.5,0,2,3,0,0,0,0,0,1,1,2
0,13932,3,0.0,0,0,1,0,4,0,0,0,0,1,2
441,9908,1,1.0,0,1,2,0,2,0,0,0,0,2,2
0,2437,3,1.0,0,3,1,0,3,0,1,0,0,3,2
0,2487,3,1.0,0,3,1,0,3,0,1,0,0,3,2
0,37837,1,1.0,0,1,0,0,0,0,0,0,0,0,2
1059,5743,3,0.0,0,0,1,0,6,0,0,0,0,1,2
1653,20708,2,0.5,0,2,3,0,0,0,0,0,1,1,2
1653,20707,2,0.5,0,2,3,0,0,0,0,0,1,1,2
1655,20718,2,0.5,0,2,3,0,0,0,0,0,1,1,2
1653,20716,2,0.5,0,2,3,0,0,0,0,0,1,1,2
1655,20720,2,0.5,0,2,3,0,0,0,0,0,1,1,2
1569,17948,8,0.125,0,1,9,0,1,0,1,0,0,2,2
0,9085,3,1.0,0,3,2,0,0,0,0,0,0,0,2
0,9085,3,1.0,0,3,2,0,0,0,0,0,0,0,2
0,41049,14,0.7857142857142857,0,12,11,0,1,1,0,0,0,0,2
0,11903,1,1.0,0,1,4,0,0,0,0,0,0,0,2
6933,6499,0,0.0,0,0,2,0,0,0,0,0,0,0,2
1054,5740,3,0.0,0,0,1,0,6,0,0,0,0,1,2
1653,20714,2,0.5,0,2,3,0,0,0,0,0,1,1,2
0,106108,59,0.0,0,0,14,0,0,0,1,1,1,0,2
1420,3188,1,1.0,0,1,0,0,3,0,0,1,0,0,2
0,6467,3,1.0,0,3,2,0,0,0,0,0,0,0,2
0,9549,3,1.0,0,3,2,0,0,0,0,0,0,0,2
0,0,0,0.0,0,0,0,0,0,1,0,0,0,0,2
0,505,3,1.0,0,3,3,0,0,1,0,0,0,0,2
0,2487,3,1.0,0,3,1,0,3,1,1,0,0,3,2
1655,20722,2,0.5,0,2,3,0,0,0,0,0,1,1,2
1655,20713,2,0.5,0,2,3,0,0,0,0,0,1,1,2
1254,5697,3,0.0,0,0,1,0,6,0,0,0,0,1,2
0,45258,59,0.15254237288135594,0,11,14,0,0,1,1,0,0,0,2
0,0,0,0.0,0,0,0,0,0,0,0,0,0,0,2
0,45258,59,0.15254237288135594,0,11,14,0,0,1,1,0,0,0,2
1060,9020,2,0.5,0,1,2,0,0,1,1,0,0,1,2
0,9267,1,1.0,0,1,4,0,0,0,0,0,0,0,2
0,4659,1,1.0,0,1,2,0,0,1,0,0,0,0,2
0,4659,1,1.0,0,1,2,0,0,1,0,0,0,0,2
907,6791,1,1.0,0,1,2,0,5,0,1,0,0,2,2
1774,18892,3,1.0,0,3,3,0,0,1,0,0,1,0,2
1082,12860,2,0.5,0,1,2,0,0,1,1,0,0,1,2
1254,5697,3,0.0,0,0,1,0,6,0,0,0,0,1,2
0,4194,0,0.0,0,0,0,0,0,0,1,1,1,0,2
0,11334,1,1.0,0,1,4,0,0,0,0,0,0,0,2
0,11334,1,1.0,0,1,4,0,0,0,0,0,0,0,2
0,13103,6,1.0,0,6,2,0,0,1,0,0,0,0,2
0,13926,3,0.0,0,0,1,0,4,0,0,0,0,1,2
0,13926,3,0.0,0,0,1,0,4,0,0,0,0,1,2
0,13928,3,0.0,0,0,1,0,4,0,0,0,0,1,2
0,4912,3,1.0,3,3,0,0,0,0,0,0,0,0,2
4691,8882,1,1.0,0,1,9,0,0,0,0,0,0,0,2
0,37838,1,1.0,0,1,0,0,0,0,0,0,0,0,2
1168,5854,3,0.0,0,0,1,0,12,0,0,0,0,1,2
0,5177,1,1.0,0,1,2,0,0,1,0,0,0,0,2
0,45258,59,0.15254237288135594,0,11,14,0,0,1,1,0,0,0,2
0,24650,10,0.2,0,3,11,0,2,1,0,0,0,1,2
0,31872,4,1.0,0,4,6,0,0,0,0,0,0,0,2
0,8578,2,1.0,0,2,2,0,0,0,0,0,0,0,2
0,8442,3,1.0,0,3,3,0,0,1,0,0,0,0,2
0,15292,2,1.0,0,2,2,0,0,0,0,0,0,0,2
0,15321,2,1.0,0,2,2,0,0,0,0,0,0,0,2
51,2134,2,0.0,0,2,1,0,0,0,0,0,0,0,2
1142,6541,1,0.0,0,1,2,0,0,0,0,1,0,0,2
0,32624,11,0.7272727272727273,0,11,12,0,1,0,0,0,0,1,2
0,0,0,0.0,0,0,0,0,0,0,0,0,0,0,2
0,0,0,0.0,0,0,0,0,0,1,0,0,0,0,2
0,116,0,0.0,0,0,0,0,0,0,0,0,0,0,2
0,2488,3,1.0,0,3,1,0,3,1,1,0,0,3,2
0,15289,2,1.0,0,2,2,0,0,0,0,0,0,0,2
0,13892,3,0.0,0,0,1,0,4,0,0,0,0,1,2
0,13890,3,0.0,0,0,1,0,4,0,0,0,0,1,2
0,1349,1,1.0,0,1,2,0,0,0,0,0,0,0,2
0,2488,3,1.0,0,3,1,0,3,0,1,0,0,3,2
0,7494,0,0.0,0,0,0,0,46,0,0,3,0,0,2
0,9379,2,1.0,0,2,2,0,0,0,0,0,0,0,2
0,0,0,0.0,0,0,0,0,0,1,0,0,0,0,2
0,0,0,0.0,0,0,0,0,0,1,0,0,0,0,2
0,12713,4,1.0,0,4,4,0,0,0,0,0,0,0,2
0,0,0,0.0,0,0,0,0,0,0,0,0,0,0,2
0,0,0,0.0,0,0,0,0,0,0,0,0,0,0,2
0,9714,6,1.0,0,6,2,0,0,0,0,0,0,0,2
0,12266,1,1.0,0,1,2,0,0,0,0,0,0,0,2
0,9284,4,0.75,0,4,5,0,0,0,0,0,0,0,2
3402,6368,4,1.0,0,4,3,0,0,1,1,1,0,0,2
0,45259,59,0.15254237288135594,0,11,14,0,0,0,1,0,0,0,2
0,5882,4,0.0,0,4,2,0,0,1,0,0,0,0,2
0,15304,2,1.0,0,2,2,0,0,0,0,0,0,0,2
0,15287,2,1.0,0,2,2,0,0,0,0,0,0,0,2
0,35498,27,1.0,0,27,18,0,0,0,0,0,0,0,2
830,2453,1,1.0,0,1,1,0,0,0,0,0,0,0,2
0,15310,2,1.0,0,2,2,0,0,0,0,0,0,0,2
0,13398,2,1.0,0,2,0,0,0,0,0,1,0,0,2
0,11841,1,1.0,0,1,4,0,0,0,0,0,0,0,2
0,5599,2,1.0,0,2,1,0,5,0,0,1,1,3,2
4734,7862,0,0.0,0,0,0,0,5,0,0,3,0,0,2
0,12039,2,0.5,0,1,4,0,0,0,0,0,0,0,2
0,13872,3,0.0,0,0,1,0,4,0,0,0,0,1,2
0,37838,1,1.0,0,1,0,0,0,0,0,0,0,0,2
0,45259,59,0.15254237288135594,0,11,14,0,0,0,1,0,0,0,2
0,45259,59,0.15254237288135594,0,11,14,0,0,0,1,0,0,0,2
0,45259,59,0.15254237288135594,0,11,14,0,0,0,1,0,0,0,2
0,45259,59,0.15254237288135594,0,11,14,0,0,0,1,0,0,0,2
0,45258,59,0.15254237288135594,0,11,14,0,0,1,1,0,0,0,2
0,12039,2,0.5,0,1,4,0,0,0,0,0,0,0,2
0,12039,2,0.5,0,1,4,0,0,0,0,0,0,0,2
0,13874,3,0.0,0,0,1,0,4,0,0,0,0,1,2
0,45260,59,0.15254237288135594,0,11,14,0,0,1,1,0,0,0,2
0,45260,59,0.15254237288135594,0,11,14,0,0,1,1,0,0,0,2
0,45260,59,0.15254237288135594,0,11,14,0,0,1,1,0,0,0,2
746,25512,10,1.0,0,10,5,0,3,0,1,0,0,1,2
0,15297,2,0.0,0,2,2,0,0,0,0,0,0,0,2
0,12039,2,0.5,0,1,4,0,0,1,0,0,0,0,2
0,15344,2,1.0,0,2,2,0,0,1,0,0,0,0,2
0,13916,3,0.0,0,0,1,0,4,0,0,0,0,1,2
0,13914,3,0.0,0,0,1,0,4,0,0,0,0,1,2
0,9995,1,1.0,0,1,0,0,0,0,0,0,0,0,2
0,45259,59,0.15254237288135594,0,11,14,0,0,0,1,0,0,0,2
1280,1280,0,0.0,0,0,0,0,0,0,0,1,0,0,2
0,45259,59,0.15254237288135594,0,11,14,0,0,0,1,0,0,0,2
950,3518,1,1.0,0,1,1,0,5,0,0,0,0,1,2
1033,3598,1,1.0,0,1,1,0,3,0,0,0,0,1,2
984,3552,1,1.0,0,1,1,0,5,0,0,0,0,2,2
961,3529,1,1.0,0,1,1,0,4,0,0,0,0,1,2
992,3560,1,1.0,0,1,1,0,5,0,0,0,0,2,2
0,13398,2,1.0,0,2,0,0,0,0,0,1,0,0,2
2243,11613,1,1.0,0,1,2,0,0,0,0,0,0,0,2
0,32238,8,0.5,0,0,4,0,4,0,0,0,0,1,2
3715,32761,3,1.0,0,0,23,0,0,1,0,0,0,1,2
0,9945,4,1.0,0,4,4,0,0,1,0,0,0,0,2
0,37738,1,1.0,0,1,0,0,0,0,0,0,0,0,2
0,9223,2,1.0,0,2,2,0,0,0,0,0,0,0,2
0,45258,59,0.15254237288135594,0,11,14,0,0,1,1,0,0,0,2
0,45258,59,0.15254237288135594,0,11,14,0,0,1,1,0,0,0,2
0,45258,59,0.15254237288135594,0,11,14,0,0,1,1,0,0,0,2
0,45258,59,0.15254237288135594,0,11,14,0,0,1,1,0,0,0,2
0,45255,59,0.15254237288135594,0,11,14,0,0,0,1,0,0,0,2
0,45255,59,0.15254237288135594,0,11,14,0,0,0,1,0,0,0,2
0,2415,2,1.0,0,2,1,0,0,0,0,0,0,0,2
0,9945,4,1.0,0,4,4,0,0,1,0,0,0,0,2
0,20578,3,1.0,0,3,1,0,0,0,0,0,0,0,2
0,13103,6,1.0,0,6,2,0,0,1,0,0,0,0,2
0,5620,3,1.0,0,3,2,0,0,0,0,0,0,0,2
0,13916,3,0.0,0,0,1,0,4,0,0,0,0,1,2
0,13914,3,0.0,0,0,1,0,4,0,0,0,0,1,2
0,11258,2,0.0,0,2,5,0,0,0,0,0,0,0,2
695,695,0,0.0,0,0,0,0,1,0,0,2,0,0,2
2228,2228,0,0.0,0,0,0,0,1,0,0,2,0,0,2
0,37838,1,1.0,0,1,0,0,0,0,0,0,0,0,2
0,593,0,0.0,0,0,0,0,0,0,1,1,0,0,2
774,2459,1,1.0,0,1,1,0,0,1,0,0,0,1,2
0,9346,2,1.0,0,2,4,0,0,1,0,0,1,0,2
0,9346,2,1.0,0,2,4,0,0,1,0,0,1,0,2
0,45251,59,0.15254237288135594,0,11,14,0,0,1,1,0,0,0,2
0,12050,2,0.5,0,1,4,0,0,0,0,0,0,0,2
0,13257,2,1.0,0,2,0,0,0,0,0,1,0,0,2
69,2688,1,1.0,0,1,0,0,0,1,0,0,0,0,2
0,21136,2,1.0,0,2,4,0,1,0,1,0,0,1,2
0,45258,59,0.15254237288135594,0,11,14,0,0,0,1,0,0,0,2
0,45258,59,0.15254237288135594,0,11,14,0,0,0,1,0,0,0,2
0,7613,1,0.0,0,1,1,0,1,0,0,2,0,0,2
972,3540,1,1.0,0,1,1,0,5,0,0,0,0,1,2
0,45258,59,0.15254237288135594,0,11,14,0,0,0,1,0,0,0,2
0,45258,59,0.15254237288135594,0,11,14,0,0,0,1,0,0,0,2
0,45251,59,0.15254237288135594,0,11,14,0,0,0,1,0,0,0,2
0,45251,59,0.15254237288135594,0,11,14,0,0,0,1,0,0,0,2
0,45258,59,0.15254237288135594,0,11,14,0,0,1,1,0,0,0,2
0,45258,59,0.15254237288135594,0,11,14,0,0,1,1,0,0,0,2
0,45258,59,0.15254237288135594,0,11,14,0,0,1,1,0,0,0,2
0,45258,59,0.15254237288135594,0,11,14,0,0,0,1,0,0,0,2
0,45258,59,0.15254237288135594,0,11,14,0,0,0,1,0,0,0,2
1027,2979,5,1.0,0,5,1,0,0,1,0,0,0,0,2
0,45251,59,0.15254237288135594,0,11,14,0,0,1,1,0,0,0,2
0,13916,3,0.0,0,0,1,0,4,0,0,0,0,1,2
0,27899,5,0.0,0,5,4,0,0,1,0,0,0,0,2
0,17873,1,1.0,0,1,3,0,0,0,0,0,0,1,2
1692,1692,0,0.0,0,0,0,0,1,0,0,2,0,0,2
0,45258,59,0.15254237288135594,0,11,14,0,0,1,1,0,0,0,2
0,37736,1,1.0,0,1,0,0,0,0,0,0,0,0,2
0,37736,1,1.0,0,1,0,0,0,0,0,0,0,0,2
0,12047,2,0.5,0,1,4,0,0,1,0,0,0,0,2
0,12047,2,0.5,0,1,4,0,0,1,0,0,0,0,2
0,9051,2,0.0,0,2,0,0,0,1,0,0,0,0,2
991,3559,1,1.0,0,1,1,0,6,0,0,0,0,0,2
0,12050,2,0.5,0,1,4,0,0,1,0,0,0,0,2
0,12039,2,0.5,0,1,4,0,0,1,0,0,0,0,2
0,15279,2,1.0,0,2,2,0,0,0,0,0,0,0,2
0,0,0,0.0,0,0,0,0,0,0,0,0,0,0,2
0,45258,59,0.15254237288135594,0,11,14,0,0,1,1,0,0,0,2
0,45258,59,0.15254237288135594,0,11,14,0,0,1,1,0,0,0,2
0,45258,59,0.15254237288135594,0,11,14,0,0,1,1,0,0,0,2
0,45258,59,0.15254237288135594,0,11,14,0,0,1,1,0,0,0,2
0,45258,59,0.15254237288135594,0,11,14,0,0,1,1,0,0,0,2
0,9048,2,0.0,0,2,0,0,0,0,0,0,0,0,2
0,12050,2,0.5,0,1,4,0,0,1,0,0,0,0,2
0,45258,59,0.15254237288135594,0,11,14,0,0,1,1,0,0,0,2
0,45258,59,0.15254237288135594,0,11,14,0,0,1,1,0,0,0,2
0,45258,59,0.15254237288135594,0,11,14,0,0,1,1,0,0,0,2
0,45258,59,0.15254237288135594,0,11,14,0,0,1,1,0,0,0,2
0,45258,59,0.15254237288135594,0,11,14,0,0,1,1,0,0,0,2
60,5123,2,1.0,0,2,1,0,0,1,0,0,0,0,2
60,5123,2,1.0,0,2,1,0,0,1,0,0,0,0,2
60,5123,2,1.0,0,2,1,0,0,1,0,0,0,0,2
0,12037,2,0.5,0,1,4,0,0,1,0,0,0,0,2
142,732,1,0.0,0,0,1,0,0,0,0,0,0,0,2
0,45247,59,0.15254237288135594,0,11,14,0,0,1,1,0,0,0,2
0,8277,6,1.0,0,6,4,0,0,1,0,0,0,0,2
0,8277,6,1.0,0,6,4,0,0,1,0,0,0,0,2
0,8277,6,1.0,0,6,4,0,0,1,0,0,0,0,2
0,28721,5,1.0,0,5,3,0,0,0,0,0,0,0,2
0,45258,59,0.15254237288135594,0,11,14,0,0,0,1,0,0,0,2
0,42768,32,0.96875,0,31,34,5,0,1,0,0,0,0,2
0,45258,59,0.15254237288135594,0,11,14,0,0,0,1,0,0,0,2
0,17466,2,1.0,0,2,4,0,1,0,1,0,0,1,2
0,45258,59,0.15254237288135594,0,11,14,0,0,0,1,0,0,0,2
0,2795,3,0.3333333333333333,0,3,0,0,0,1,0,0,0,0,2
0,11306,1,1.0,0,1,2,0,0,1,0,0,0,0,2
0,2491,3,1.0,0,3,1,0,3,0,1,0,0,3,2
0,11804,1,1.0,0,1,0,0,0,1,0,0,0,0,2
0,2073,1,1.0,0,1,0,0,0,0,0,0,0,0,2
0,3287,1,1.0,0,1,2,0,0,0,0,0,0,0,2
1240,19058,10,1.0,0,0,8,0,0,1,1,0,0,0,2
0,11639,1,1.0,0,1,4,0,0,0,0,0,1,0,2
0,9322,4,1.0,0,4,4,0,0,0,0,0,0,0,2
0,9945,4,1.0,0,4,4,0,0,1,0,0,0,0,2
140,354,0,0.0,0,0,0,0,0,0,0,1,0,0,2
0,5097,3,1.0,0,3,4,0,0,1,0,0,0,0,2
0,45258,59,0.15254237288135594,0,11,14,0,0,1,1,0,0,0,2
0,45258,59,0.15254237288135594,0,11,14,0,0,1,1,0,0,0,2
0,11372,1,1.0,0,1,4,0,0,1,0,0,0,0,2
0,45258,59,0.15254237288135594,0,11,14,0,0,1,1,0,0,0,2
0,13914,3,0.0,0,0,1,0,4,0,0,0,0,1,2
0,13916,3,0.0,0,0,1,0,4,0,0,0,0,1,2
0,45258,59,0.15254237288135594,0,11,14,0,0,0,1,0,0,0,2
0,6080,2,1.0,0,2,2,0,0,0,0,0,0,0,2
0,19858,3,1.0,0,3,6,0,0,0,0,0,0,0,2
0,32230,8,0.5,0,0,4,0,4,0,0,0,0,1,2
596,676,0,0.0,0,0,0,0,3,0,1,1,0,0,2
0,19858,3,1.0,0,3,6,0,0,0,0,0,0,0,2
0,13200,2,1.0,0,2,0,0,0,0,0,1,0,0,2
0,45258,59,0.15254237288135594,0,11,14,0,0,1,1,0,0,0,2
0,45360,59,0.11864406779661017,0,11,14,0,0,1,1,0,0,0,2
0,45258,59,0.15254237288135594,0,11,14,0,0,1,1,0,0,0,2
0,12050,2,0.5,0,1,4,0,0,1,0,0,0,0,2
0,12037,2,0.5,0,1,4,0,0,1,0,0,0,0,2
0,18134,9,1.0,0,9,8,0,1,0,0,0,0,0,2
0,8941,2,1.0,0,2,2,0,0,0,0,0,0,0,2
0,45360,59,0.11864406779661017,0,11,14,0,0,1,1,0,0,0,2
0,4953,3,0.0,0,3,3,0,0,0,0,0,0,1,2
232,476,0,0.0,0,0,0,0,1,0,0,1,0,0,2
0,15269,2,1.0,0,2,2,0,0,0,0,0,0,0,2
0,15266,2,1.0,0,2,2,0,0,0,0,0,0,0,2
0,45258,59,0.15254237288135594,0,11,14,0,0,1,1,0,0,0,2
0,45258,59,0.15254237288135594,0,11,14,0,0,1,1,0,0,0,2
0,45360,59,0.11864406779661017,0,11,14,0,0,0,1,0,0,0,2
0,45364,59,0.11864406779661017,0,11,14,0,0,0,1,0,0,0,2
0,45262,59,0.15254237288135594,0,11,14,0,0,0,1,0,0,0,2
0,11972,1,1.0,0,1,1,0,0,0,1,0,0,0,2
0,19858,3,1.0,0,3,6,0,0,0,0,0,0,0,2
0,813,4,0.75,0,4,1,0,0,0,0,0,0,0,2
783,10706,2,1.0,0,2,1,0,0,0,0,0,0,0,2
0,45364,59,0.11864406779661017,0,11,14,0,0,1,1,0,0,0,2
0,8345,2,1.0,0,2,4,0,0,0,0,0,0,0,2
0,8527,2,1.0,0,2,4,0,0,0,0,0,0,0,2
0,8345,2,1.0,0,2,4,0,0,0,0,0,0,0,2
0,8331,2,1.0,0,2,2,0,0,0,0,0,0,0,2
0,8368,2,1.0,0,2,2,0,0,0,0,0,0,0,2
0,9248,4,0.75,0,4,5,0,0,0,0,0,0,0,2
0,12083,2,1.0,0,2,4,0,0,1,0,0,0,0,2
0,12083,2,1.0,0,2,4,0,0,1,0,0,0,0,2
55,2237,1,1.0,0,1,1,0,0,0,0,0,0,0,2
515,1943,1,1.0,0,1,1,0,1,1,1,0,1,0,2
0,12645,6,1.0,0,6,2,0,0,1,0,0,0,0,2
0,45356,59,0.11864406779661017,0,11,14,0,0,1,1,0,0,0,2
0,45360,59,0.11864406779661017,0,11,14,0,0,1,1,0,0,0,2
0,2497,3,1.0,0,3,1,0,3,1,1,0,0,3,2
0,45364,59,0.11864406779661017,0,11,14,0,0,0,1,0,0,0,2
0,45262,59,0.15254237288135594,0,11,14,0,0,0,1,0,0,0,2
0,45262,59,0.15254237288135594,0,11,14,0,0,0,1,0,0,0,2
0,45262,59,0.15254237288135594,0,11,14,0,0,0,1,0,0,0,2
0,15309,2,1.0,0,2,2,0,0,1,0,0,0,0,2
34,172257,1,1.0,0,1,0,0,0,0,0,0,0,0,2
0,45258,59,0.15254237288135594,0,11,14,0,0,0,1,0,0,0,2
0,19860,3,1.0,0,3,6,0,0,0,0,0,0,0,2
4635,4705,6,0.5,0,3,1,0,0,1,0,1,0,0,2
0,13916,3,0.0,0,0,1,0,4,0,0,0,0,1,2
0,13916,3,0.0,0,0,1,0,4,0,0,0,0,1,2
0,13938,3,0.0,0,0,1,0,4,0,0,0,0,1,2
0,13940,3,0.0,0,0,1,0,4,0,0,0,0,1,2
0,13860,3,0.0,0,0,1,0,4,0,0,0,0,1,2
0,13862,3,0.0,0,0,1,0,4,0,0,0,0,1,2
6,3665,4,1.0,0,4,2,0,0,0,0,0,0,0,2
0,45258,59,0.15254237288135594,0,11,14,0,0,0,1,0,0,0,2
479,7799,3,1.0,0,3,2,0,4,1,1,0,0,1,2
0,45258,59,0.15254237288135594,0,11,14,0,0,0,1,0,0,0,2
0,45258,59,0.15254237288135594,0,11,14,0,0,0,1,0,0,0,2
51,2193,2,0.0,0,2,1,0,0,0,0,0,0,0,2
0,2532,3,1.0,0,3,1,0,3,0,1,0,0,3,2
0,45262,59,0.15254237288135594,0,11,14,0,0,0,1,0,0,0,2
0,45262,59,0.15254237288135594,0,11,14,0,0,0,1,0,0,0,2
0,37738,1,1.0,0,1,0,0,0,0,0,0,0,0,2
0,37738,1,1.0,0,1,0,0,0,0,0,0,0,0,2
0,9847,1,1.0,0,1,1,0,0,0,0,0,0,0,2
0,19860,3,1.0,0,3,6,0,0,0,0,0,0,0,2
0,9170,2,1.0,0,2,2,0,0,0,0,0,0,0,2
0,9170,2,1.0,0,2,2,0,0,0,0,0,0,0,2
0,45258,59,0.15254237288135594,0,11,14,0,0,1,1,0,0,0,2
0,9949,4,1.0,0,4,4,0,0,1,0,0,0,0,2
0,11374,1,1.0,0,1,4,0,0,1,0,0,0,0,2
653,6523,1,1.0,0,1,1,0,2,0,0,1,0,0,2
0,13200,2,1.0,0,2,0,0,0,0,0,1,0,0,2
0,45258,59,0.15254237288135594,0,11,14,0,0,0,1,0,0,0,2
0,45258,59,0.15254237288135594,0,11,14,0,0,0,1,0,0,0,2
0,13694,3,1.0,0,1,2,0,1,0,1,0,0,0,2
0,9249,2,1.0,0,2,2,0,0,0,0,0,0,0,2
0,45258,59,0.15254237288135594,0,11,14,0,0,0,1,0,0,0,2
0,45258,59,0.15254237288135594,0,11,14,0,0,0,1,0,0,0,2
0,45258,59,0.15254237288135594,0,11,14,0,0,0,1,0,0,0,2
202,202,0,0.0,0,0,0,0,0,1,0,0,0,0,2
0,9304,4,1.0,0,4,2,0,0,1,0,0,0,0,2
0,12147,2,0.0,0,1,4,0,0,0,0,0,1,1,2
0,21635,6,1.0,0,6,9,0,0,0,0,0,0,0,2
0,45258,59,0.15254237288135594,0,11,14,0,0,1,1,0,0,0,2
0,369,0,0.0,0,0,0,0,0,0,1,0,0,0,2
0,7518,1,1.0,0,1,0,0,0,1,0,0,0,0,2
0,7572,2,1.0,0,2,2,0,0,0,0,0,0,0,2
0,7533,1,1.0,0,1,0,0,0,1,0,0,0,0,2
0,45262,59,0.15254237288135594,0,11,14,0,0,0,1,0,0,0,2
0,45274,59,0.11864406779661017,0,11,14,0,0,1,1,0,0,0,2
0,45274,59,0.11864406779661017,0,11,14,0,0,1,1,0,0,0,2
0,45256,59,0.15254237288135594,0,11,14,0,0,1,1,0,0,0,2
0,45256,59,0.15254237288135594,0,11,14,0,0,1,1,0,0,0,2
3200,22374,3,1.0,0,0,3,0,0,0,0,0,1,1,2
0,9139,2,1.0,0,2,2,0,0,0,0,0,0,0,2
0,369,0,0.0,0,0,0,0,0,0,1,0,0,0,2
0,45258,59,0.15254237288135594,0,11,14,0,0,1,1,0,0,0,2
0,9170,2,1.0,0,2,2,0,0,0,0,0,0,0,2
0,9170,2,1.0,0,2,2,0,0,0,0,0,0,0,2
0,11641,1,1.0,0,1,4,0,0,0,0,0,1,0,2
0,11641,1,1.0,0,1,4,0,0,0,0,0,1,0,2
0,45262,59,0.15254237288135594,0,11,14,0,0,0,1,0,0,0,2
0,45262,59,0.15254237288135594,0,11,14,0,0,0,1,0,0,0,2
0,9499,4,1.0,0,4,2,0,0,1,0,0,0,0,2
0,9499,4,1.0,0,4,2,0,0,1,0,0,0,0,2
0,8287,2,1.0,0,2,2,0,0,0,0,0,0,0,2
0,955,2,0.5,0,2,1,0,0,0,0,0,0,0,2
246,188667,2,1.0,0,2,2,0,0,1,0,0,0,0,2
0,37738,1,1.0,0,1,0,0,0,0,0,0,0,0,2
0,45262,59,0.15254237288135594,0,11,14,0,0,1,1,0,0,0,2
0,45262,59,0.15254237288135594,0,11,14,0,0,1,1,0,0,0,2
0,11947,3,0.3333333333333333,0,2,5,0,0,0,0,0,1,1,2
0,11947,3,0.3333333333333333,0,2,5,0,0,0,0,0,1,1,2
0,11947,3,0.3333333333333333,0,2,5,0,0,0,0,0,1,1,2
0,35587,4,0.75,0,4,1,0,1,0,1,0,0,2,2
1713,7929,24,1.0,0,3,2,0,0,0,0,0,0,1,2
0,37738,1,1.0,0,1,0,0,0,0,0,0,0,0,2
0,37738,1,1.0,0,1,0,0,0,0,0,0,0,0,2
0,9037,2,0.0,0,2,0,0,0,0,0,0,0,0,2
0,13916,3,0.0,0,0,1,0,4,0,0,0,0,1,2
0,19860,3,1.0,0,3,6,0,0,0,0,0,0,0,2
0,13916,3,0.0,0,0,1,0,4,0,0,0,0,1,2
0,13914,3,0.0,0,0,1,0,4,0,0,0,0,1,2
0,13916,3,0.0,0,0,1,0,4,0,0,0,0,1,2
0,13914,3,0.0,0,0,1,0,4,0,0,0,0,1,2
0,13914,3,0.0,0,0,1,0,4,0,0,0,0,1,2
0,13916,3,0.0,0,0,1,0,4,0,0,0,0,1,2
0,13914,3,0.0,0,0,1,0,4,0,0,0,0,1,2
0,13914,3,0.0,0,0,1,0,4,0,0,0,0,1,2
1439,1859,1,0.0,0,0,0,0,0,0,0,0,0,0,2
0,5087,2,1.0,0,2,5,0,0,0,0,0,0,0,2
0,45258,59,0.15254237288135594,0,11,14,0,0,1,1,0,0,0,2
0,11873,2,0.5,0,1,4,0,0,1,0,0,1,0,2
0,11871,2,0.5,0,1,4,0,0,1,0,0,1,0,2
0,12083,2,1.0,0,2,4,0,0,1,0,0,0,0,2
0,45258,59,0.15254237288135594,0,11,14,0,0,1,1,0,0,0,2
752,10987,2,1.0,0,2,1,0,0,0,0,0,0,0,2
0,45262,59,0.15254237288135594,0,11,14,0,0,0,1,0,0,0,2
0,45360,59,0.11864406779661017,0,11,14,0,0,1,1,0,0,0,2
0,45364,59,0.11864406779661017,0,11,14,0,0,0,1,0,0,0,2
0,8635,3,0.3333333333333333,0,3,0,0,0,1,0,0,0,0,2
0,45368,59,0.11864406779661017,0,11,14,0,0,0,1,0,0,0,2
248,318,1,1.0,0,1,1,0,0,1,0,0,0,0,2
0,9170,2,1.0,0,2,2,0,0,0,0,0,0,0,2
0,7436,2,1.0,0,2,2,0,0,0,0,0,0,0,2
0,7538,1,1.0,0,1,0,0,0,1,0,0,0,0,2
0,3679,1,1.0,0,1,1,0,0,0,0,0,0,0,2
0,9304,4,1.0,0,4,2,0,0,1,0,0,0,0,2
0,8289,2,1.0,0,2,2,0,0,0,0,0,0,0,2
0,8813,3,1.0,0,3,2,0,0,0,0,0,0,0,2
0,8811,3,1.0,0,3,2,0,0,0,0,0,0,0,2
0,9045,2,0.0,0,2,0,0,0,0,0,0,0,0,2
0,9788,1,1.0,0,1,1,0,0,0,0,0,0,0,2
0,4250,4,1.0,0,4,1,0,7,0,0,0,0,0,2
0,50377,2,1.0,0,2,3,0,0,0,0,0,0,0,2
0,4575,4,0.0,0,4,3,0,0,1,0,0,0,0,2
3075,3075,0,0.0,0,0,0,0,5,0,1,3,0,0,2
0,38241,14,1.0,0,14,13,0,2,1,0,0,0,0,2
0,4198,3,0.6666666666666666,0,1,4,0,1,1,0,0,0,2,2
0,7560,1,1.0,0,1,0,0,0,0,0,0,0,0,2
0,5479,4,0.0,0,4,3,0,0,1,0,0,0,1,2
0,2162,1,1.0,0,1,0,0,1,0,0,0,0,1,2
0,7152,5,0.4,0,5,1,0,13,1,0,0,0,1,2
0,6433,1,1.0,0,1,1,0,0,0,0,0,0,0,2
0,6101,2,0.0,0,2,2,0,0,0,0,1,0,1,2
139,79089,3,1.0,0,3,3,0,0,0,0,0,0,0,2
0,63686,3,1.0,0,3,3,0,2,0,0,0,0,1,2
0,5521,4,0.0,0,4,3,0,0,1,0,0,0,1,2
0,3501,2,0.0,0,2,3,0,0,1,0,0,0,0,2
0,7508,1,1.0,0,1,0,0,0,0,0,0,0,0,2
0,6587,1,1.0,0,0,0,0,4,1,0,0,0,0,2
0,3691,3,0.0,0,3,2,0,0,1,0,0,0,0,2
0,3880,2,0.0,0,2,3,0,0,0,0,0,0,0,2
0,3895,2,0.0,0,2,3,0,0,0,0,0,0,0,2
0,3466,2,0.0,0,2,2,0,0,0,0,0,0,0,2
0,25242,3,1.0,0,3,5,0,0,0,0,2,0,0,2
0,30149,6,0.0,0,6,7,0,1,1,0,0,0,0,2
0,30077,6,0.0,0,6,7,0,1,1,0,0,0,0,2
1083,3800,2,0.5,0,1,1,0,0,0,0,0,0,0,2
86,86,0,0.0,0,0,0,0,0,0,0,0,0,0,2
329,804,0,0.0,0,0,0,0,0,1,0,0,0,0,2
502,8165,5,1.0,0,5,1,0,0,0,0,0,0,0,2
450,450,0,0.0,0,0,0,0,3,1,1,1,0,0,2
1051,3752,2,0.5,0,1,1,0,0,0,0,0,0,0,2
241,511,0,0.0,0,0,0,0,0,0,0,1,0,0,2
0,943,3,0.0,0,3,4,0,0,1,0,0,0,0,2
6,9560,3,0.3333333333333333,0,1,6,0,0,0,0,0,0,0,2
0,7508,1,1.0,0,1,0,0,0,1,0,0,0,0,2
449,3033,2,1.0,0,2,0,0,0,0,0,0,0,0,2
0,9041,4,1.0,0,4,1,0,0,0,0,0,0,0,2
1577,4704,3,0.3333333333333333,0,2,1,0,0,1,0,0,0,0,2
1980,4908,2,0.5,0,1,1,0,0,0,0,0,0,0,2
0,7521,1,1.0,0,1,0,0,0,1,0,0,0,0,2
6,5043,1,1.0,0,1,1,0,0,0,0,0,0,0,2
183,560,0,0.0,0,0,0,0,0,0,0,1,0,0,2
434,928,0,0.0,0,0,0,0,0,0,0,0,0,0,2
489,991,0,0.0,0,0,0,0,0,0,0,0,0,0,2
836,2214,1,1.0,0,1,0,0,0,0,0,1,0,0,2
750,1492,2,0.0,0,2,5,0,0,0,0,0,0,0,2
742,1483,2,0.0,0,2,5,0,0,0,0,0,0,0,2
0,13902,3,0.0,0,0,1,0,4,0,0,0,0,1,2
0,1002,3,0.0,0,3,4,0,0,1,0,0,0,0,2
1173,13491,1,0.0,0,1,0,0,1,0,1,0,2,1,2
0,4918,2,1.0,0,2,3,0,0,0,0,1,0,0,2
370,370,0,0.0,0,0,0,0,3,1,1,1,0,0,2
6,100,0,0.0,0,0,0,0,0,1,0,0,0,0,2
621,621,0,0.0,0,0,0,0,0,0,1,1,0,0,2
137,137,0,0.0,0,0,0,0,0,0,1,0,0,0,2
1296,1296,0,0.0,0,0,0,0,1,1,1,2,2,0,2
0,2211,6,0.0,0,0,1,0,1,1,0,1,0,1,2
0,135453,0,0.0,0,0,0,0,0,0,0,0,0,0,2
1556,7072,2,0.0,0,0,0,0,7,0,0,2,0,0,2
0,9510,1,1.0,0,1,1,0,0,0,0,0,0,0,2
88,488,2,1.0,0,2,2,0,0,0,0,0,0,0,2
612,1745,3,1.0,0,1,1,0,0,0,0,0,0,0,2
262,637,0,0.0,0,0,0,0,0,0,0,0,0,0,2
259,634,0,0.0,0,0,0,0,0,0,0,0,0,0,2
1,93,0,0.0,0,0,0,0,0,0,0,0,0,0,2
0,32223,8,0.5,0,0,4,0,4,0,0,0,0,1,2
121,779,2,1.0,0,2,2,0,0,0,0,0,0,0,2
0,24982,15,0.8666666666666667,0,15,6,0,0,0,0,1,1,0,2
0,24982,15,0.8666666666666667,0,15,6,0,0,0,0,1,1,0,2
0,4168,1,1.0,0,1,1,0,0,1,0,0,0,0,2
739,1613,1,1.0,0,1,1,0,2,0,0,1,0,0,2
801,1027,2,1.0,0,2,0,0,0,0,0,1,0,1,2
2406,2406,0,0.0,0,0,0,0,1,0,0,3,1,0,2
0,32223,8,0.5,0,0,4,0,4,0,0,0,0,1,2
329,1124,2,0.0,0,2,2,0,0,0,0,0,0,0,2
361,1101,2,0.0,0,2,2,0,0,1,0,0,0,0,2
0,14862,5,0.8,0,4,2,0,5,0,0,0,0,0,2
0,14543,4,1.0,0,4,2,0,5,0,0,0,0,0,2
0,7383,1,0.0,0,1,1,0,0,0,0,0,0,0,2
0,16612,4,1.0,0,4,3,0,4,0,0,0,0,0,2
408,1183,2,0.0,0,2,2,0,0,0,0,0,0,0,2
0,32224,8,0.5,0,0,4,0,4,0,0,0,0,1,2
0,14542,4,1.0,0,4,2,0,5,0,0,0,0,1,2
0,14886,5,0.8,0,4,2,0,4,0,0,0,0,0,2
0,32223,8,0.5,0,0,4,0,4,0,0,0,0,1,2
0,9503,1,1.0,0,1,1,0,0,0,1,0,0,0,2
0,32224,8,0.5,0,0,4,0,4,0,0,0,0,1,2
0,4392,6,1.0,0,6,6,0,0,0,0,0,0,0,2
0,32223,8,0.5,0,0,4,0,4,0,0,0,0,1,2
0,3973,2,0.0,0,2,1,0,6,1,0,2,0,1,2
51,446,2,1.0,0,2,3,0,0,0,0,0,0,0,2
0,14891,5,0.8,0,4,2,0,5,0,0,0,0,0,2
0,32225,8,0.5,0,0,4,0,4,0,0,0,0,1,2
0,14819,5,0.8,0,4,2,0,5,0,0,0,0,0,2
549,549,0,0.0,0,0,0,0,4,1,0,1,0,0,2
0,32223,8,0.5,0,0,4,0,4,0,0,0,0,1,2
28363,39265,1,1.0,0,1,0,0,0,0,0,0,0,0,2
0,32224,8,0.5,0,0,4,0,4,0,0,0,0,1,2
0,14542,4,1.0,0,4,2,0,4,0,0,0,0,0,2
0,7577,3,1.0,0,3,0,0,0,1,0,0,0,0,2
0,32223,8,0.5,0,0,4,0,4,0,0,0,0,1,2
2263,3387,1,1.0,0,1,1,0,0,0,0,0,0,0,2
44808,55834,1,1.0,0,1,0,0,0,0,0,0,0,0,2
0,32205,8,0.5,0,0,4,0,4,0,0,0,0,1,2
0,32204,8,0.5,0,0,4,0,4,0,0,0,0,1,2
0,4324,8,1.0,0,8,4,0,0,0,0,0,0,0,2
0,17555,3,0.3333333333333333,0,1,1,0,0,0,0,0,0,1,2
1075,2769,1,1.0,0,1,0,0,0,0,0,0,0,0,2
421,421,0,0.0,0,0,0,0,3,0,1,1,0,0,2
0,32204,8,0.5,0,0,4,0,4,0,0,0,0,1,2
6287,64670,8,0.0,0,0,64,0,1,0,0,0,1,1,2
0,9520,1,1.0,0,1,1,0,0,0,0,0,0,0,2
636,2347,1,1.0,0,1,0,0,0,0,0,0,0,0,2
849,849,0,0.0,0,0,0,0,0,1,0,0,0,0,2
0,5584,2,1.0,0,2,0,0,0,0,0,1,0,0,2
35037,45988,1,1.0,0,1,0,0,0,0,0,0,0,0,2
0,6442,4,1.0,0,4,0,0,0,0,0,0,0,0,2
0,105440,3,0.0,3,3,2,0,0,0,0,0,0,0,2
0,9903,1,1.0,0,0,5,0,0,0,0,0,0,0,2
29580,40486,1,1.0,0,1,0,0,0,0,0,0,0,0,2
0,60223,5,0.0,5,5,2,0,0,0,0,0,0,0,2
6306,79737,8,0.0,0,0,77,0,1,1,1,0,0,1,2
0,9897,1,1.0,0,0,5,0,0,0,0,0,0,0,2
1558,13965,3,0.6666666666666666,0,2,3,0,0,0,0,0,0,1,2
160,659,2,0.0,0,2,3,0,0,0,0,0,0,0,2
0,9531,1,1.0,0,1,1,0,0,0,0,0,0,0,2
111,306,0,0.0,0,0,0,0,0,0,0,0,0,0,2
818,818,0,0.0,0,0,0,0,0,0,1,0,0,0,2
463,2173,1,1.0,0,1,0,0,0,0,0,0,0,0,2
513,2495,1,1.0,0,1,0,0,0,0,0,0,0,0,2
205,593,2,1.0,0,2,3,0,0,0,0,0,0,0,2
908,908,0,0.0,0,0,0,0,0,1,0,0,0,0,2
0,9053,2,0.0,0,0,0,0,0,0,0,0,0,0,2
0,8003,7,1.0,0,7,5,0,0,0,0,0,0,0,2
156,534,2,0.0,0,2,3,0,0,0,0,0,0,0,2
0,9538,1,1.0,0,1,1,0,0,0,0,0,1,0,2
378,378,0,0.0,0,0,0,0,0,0,0,0,0,0,2
41677,52670,1,1.0,0,1,0,0,0,0,0,0,0,0,2
293,648,2,0.0,0,2,2,0,0,0,0,0,0,0,2
69,2184,2,0.0,0,2,1,0,0,0,0,0,0,0,2
0,6483,4,0.0,0,4,0,0,0,0,0,0,0,0,2
0,906,1,0.0,0,0,0,0,0,0,0,0,1,0,2
62,331,2,1.0,0,2,3,0,0,0,0,0,0,0,2
0,11393,4,1.0,0,4,2,0,0,0,0,0,0,0,2
50,319,2,1.0,0,2,3,0,0,0,0,0,0,0,2
62,331,2,1.0,0,2,3,0,0,0,0,0,0,0,2
62,331,2,1.0,0,2,3,0,0,0,0,0,0,0,2
0,9473,1,1.0,0,1,1,0,0,0,0,0,0,0,2
62,331,2,1.0,0,2,3,0,0,0,0,0,0,0,2
16,16,0,0.0,0,0,0,0,0,0,0,0,0,0,2
62,331,2,1.0,0,2,3,0,0,0,0,0,0,0,2
102,102,0,0.0,0,0,0,0,0,0,0,0,0,0,2
0,2700,1,1.0,0,1,0,0,0,1,0,0,0,0,2
0,4699,1,1.0,0,1,0,0,0,1,0,1,0,0,2
0,9039,2,0.0,0,2,0,0,0,0,0,0,0,0,2
62,305,2,1.0,0,2,3,0,0,0,0,0,0,0,2
62,588,2,1.0,0,2,2,0,0,0,0,0,0,0,2
0,13964,3,0.0,0,0,1,0,4,0,0,0,0,1,2
62,331,2,1.0,0,2,3,0,0,0,0,0,0,0,2
62,331,2,1.0,0,2,3,0,0,0,0,0,0,0,2
16,16,0,0.0,0,0,0,0,0,0,0,0,0,0,2
0,13964,3,0.0,0,0,1,0,4,0,0,0,0,1,2
0,9516,1,1.0,0,1,1,0,0,0,0,0,0,0,2
6807,101030,38,0.9736842105263158,0,37,18,0,0,0,0,0,1,0,2
62,331,2,1.0,0,2,3,0,0,0,0,0,0,0,2
1233,1547,3,1.0,0,0,1,0,0,1,0,0,0,1,2
6126,26647,6,1.0,0,6,6,0,0,0,0,1,0,1,2
2854,17750,2,1.0,0,2,1,0,0,0,0,0,0,1,2
1335,15390,9,0.7777777777777778,0,2,7,0,0,0,0,1,0,1,2
0,13962,3,0.0,0,0,1,0,4,0,0,0,0,1,2
81,189,0,0.0,0,0,0,0,0,0,0,0,0,0,2
18,3914,1,1.0,0,1,1,0,0,0,0,0,0,0,2
62,331,2,1.0,0,2,3,0,0,0,0,0,0,0,2
6478,25588,6,1.0,0,6,5,0,0,0,1,0,0,1,2
0,413930,3,1.0,0,3,2,0,0,1,0,0,0,0,2
0,5266,1,1.0,0,1,0,0,0,0,0,1,0,0,2
0,12307,3,1.0,0,3,1,0,0,0,0,0,0,0,2
0,13944,3,0.0,0,0,1,0,4,0,0,0,0,1,2
0,13946,3,0.0,0,0,1,0,4,0,0,0,0,1,2
418,619,0,0.0,0,0,0,0,0,0,0,0,0,0,2
398,2900,1,1.0,0,1,1,0,0,0,0,0,0,0,2
0,105072,3,1.0,0,3,2,0,0,0,0,0,0,0,2
62,331,2,1.0,0,2,3,0,0,0,0,0,0,0,2
0,13946,3,0.0,0,0,1,0,4,0,0,0,0,1,2
0,13946,3,0.0,0,0,1,0,4,0,0,0,0,1,2
62,331,2,1.0,0,2,3,0,0,1,0,0,0,0,2
0,8055,2,1.0,0,2,0,0,0,0,0,1,0,0,2
300,14694,3,1.0,0,3,2,0,0,0,0,0,1,0,2
178,178,0,0.0,0,0,0,0,0,0,0,0,0,0,2
2163,6759,8,1.0,0,8,1,0,0,0,1,0,0,0,2
67,2009,0,0.0,0,0,0,0,0,0,0,0,0,0,2
314,749,0,0.0,0,0,0,0,0,0,0,0,0,0,2
2484,2484,0,0.0,0,0,0,0,0,0,3,0,0,0,2
584,4959,3,0.3333333333333333,0,1,2,0,0,1,0,1,0,1,2
255,255,0,0.0,0,0,0,0,0,0,0,1,0,0,2
1767,19123,1,1.0,0,1,0,0,0,0,1,0,1,1,2
708,708,0,0.0,0,0,0,0,0,0,0,0,0,0,2
54,52018,1,1.0,0,1,1,0,0,1,0,0,0,0,2
0,4288,1,1.0,0,0,2,0,2,0,0,0,0,1,2
0,8938,4,1.0,0,4,1,0,0,0,0,0,0,0,2
765,1430,4,0.0,0,4,2,0,0,0,0,0,0,0,2
3216,14996,8,0.875,0,7,7,0,0,0,0,1,0,0,2
349,349,0,0.0,0,0,0,0,0,0,0,0,0,0,2
0,9031,2,0.0,0,2,0,0,0,0,0,0,0,0,2
0,13946,3,0.0,0,0,1,0,4,0,0,0,0,1,2
0,15795,8,1.0,0,8,7,0,1,0,0,0,0,0,2
0,5164,1,1.0,0,1,0,0,0,0,0,0,0,0,2
225,460,0,0.0,0,0,0,0,0,0,0,0,0,0,2
319,653,0,0.0,0,0,0,0,0,0,0,0,0,0,2
30,13555,2,1.0,0,2,1,0,0,0,0,0,0,0,2
0,12563,3,1.0,0,0,27,0,0,1,0,0,0,0,2
0,8049,2,1.0,0,2,0,0,0,0,0,1,0,0,2
0,2787,2,0.5,0,1,0,0,0,0,0,0,0,0,2
0,37861,6,1.0,0,6,4,0,0,0,0,1,0,0,2
218,218,0,0.0,0,0,0,0,1,0,0,1,0,0,2
0,18486,4,1.0,0,0,6,0,1,1,1,0,0,0,2
0,13946,3,0.0,0,0,1,0,4,0,0,0,0,1,2
0,13944,3,0.0,0,0,1,0,4,0,0,0,0,1,2
0,1733,2,0.5,0,1,0,0,0,0,0,0,0,0,2
0,9186,2,0.0,0,0,2,0,0,0,0,0,0,0,2
0,8673,2,0.0,0,2,1,0,1,0,0,0,0,0,2
1865,9647,2,1.0,0,2,1,0,2,0,0,0,0,0,2
3,187,0,0.0,0,0,0,0,0,0,0,0,0,0,2
0,7531,7,0.8571428571428571,0,7,0,0,0,1,0,0,0,0,2
0,12166,3,0.6666666666666666,0,3,10,0,0,0,0,0,0,1,2
0,13946,3,0.0,0,0,1,0,4,0,0,0,0,1,2
0,13944,3,0.0,0,0,1,0,4,0,0,0,0,1,2
0,13946,3,0.0,0,0,1,0,4,0,0,0,0,1,2
0,13944,3,0.0,0,0,1,0,4,0,0,0,0,1,2
753,4380,1,1.0,0,1,1,0,0,1,0,0,0,0,2
964,4627,1,1.0,0,1,1,0,0,1,0,0,0,0,2
